# Resource object code (Python 3)
# Created by: object code
# Created by: The Resource Compiler for Qt version 6.10.2
# WARNING! All changes made in this file will be lost!

from PySide6 import QtCore

qt_resource_data = b"\
\x00\x01F\xe9\
\x89\
PNG\x0d\x0a\x1a\x0a\x00\x00\x00\x0dIHDR\x00\
\x00\x01\x00\x00\x00\x01\x1a\x08\x06\x00\x00\x00\xfe?\x89\x9b\
\x00\x00\x0cOiCCPICC Prof\
ile\x00\x00H\x89\x95W\x07XS\xc9\x16\x9e[\
R!\x04\x08\x84\x22%\xf4&\x88H\x09 %\x84\x16\
@z\x11D%$\x01B\x891!\xa8\xd8\xd1E\x05\
\xd7.\x22XVt\x15\xc4\xc5\x0e\xc8\xa2(\xea\xaa+\
\x8bbw-\x8b\x05\x15e]\x5c\x17\x1b*oB\x00\
]\xf6\x95\xef\xcd\xf7\xcd\x9d\xff\xfes\xee?\xe7\x9c;\
\xf7\xce\x0c\x00\xf4N\xbeT\x9a\x8bj\x02\x90'\xc9\x97\
\xc5\x86\x04\xb0&'\xa7\xb0H\xcf\x01\x06L\x80\x1e\xc0\
\x01\xce\x17\xc8\xa5\x9c\xe8\xe8\x08\x00\xcbp\xfb\xf7\xf2\xe6\
\x06@\x94\xedUG\xa5\xd6?\xfb\xffk\xd1\x12\x8a\xe4\
\x02\x00\x90h\x88\xd3\x85rA\x1e\xc4G\x00\xc0\x9b\x05\
RY>\x00D)\xe4-f\xe5K\x95x\x03\xc4:\
2\xe8 \xc4\xd5J\x9c\xa9\xc2\xcdJ\x9c\xae\xc2\x97\x07\
m\xe2c\xb9\x10?\x06\x80\xac\xce\xe7\xcb2\x01\xd0\xe8\
\x85<\xab@\x90\x09u\xe80Z\xe0,\x11\x8a%\x10\
\xfbC\xec\x9b\x977C\x08\xf1\x22\x88m\xa1\x0d\x1c\x93\
\xae\xd4g\xa7\x7f\xa5\x93\xf97\xcd\xf4\x11M>?s\
\x04\xabb\x19,\xe4@\xb1\x5c\x9a\xcb\x9f\xf3\x7f\xa6\xe3\
\x7f\x97\xbc\x5c\xc5\xf0\x186\xb0\xaag\xc9Bc\x951\
\xc3\xbc=\xce\x99\x11\xae\xc4\xea\x10\xbf\x93\xa4GFA\
\xac\x0d\x00\x8a\x8b\x85\x83\xf6J\xcc\xccR\x84&\xa8\xec\
Q[\x81\x9c\x0bs\x06\x98\x10O\x94\xe7\xc6\xf1\x86\xf8\
X!?0\x1cb#\x883$\xb9\x91\x11C6E\
\x19\xe2`\xa5\x0d\xcc\x1fZ.\xce\xe7\xc5C\xac\x0fq\
\xb5H\x1e\x147dsR6#vx\xdc\x1b\x192\
.g\x88\x7f\xc6\x97\x0d\xfa\xa0\xd4\xff\xac\xc8I\xe0\xa8\
\xf41\xed,\x11oH\x1fs*\xcc\x8aO\x82\x98\x0a\
q`\x8181\x12b\x0d\x88#\xe59q\xe1C6\
\xa9\x85Y\xdc\xc8a\x1b\x99\x22V\x19\x8b%\xc42\x91\
$$@\xa5\x8f\x95e\xc8\x82c\x87\xec\xf7\xe6\xc9\x87\
c\xc7Nf\x89y\x91C\xf8J~V|\xa8*W\
\xd8c\x01\x7f\xd0\x7f\x18\x0b\xd6+\x92p\x12\x86uD\
\xf2\xc9\x11\xc3\xb1\x08E\x81A\xaa\xd8q\xb2H\x92\x10\
\xa7\xe2q}i~@\xac\xeaY\xdc^\x9a\x1b=d\
\x8f\x07\x88rC\x94\xbc9\xc4\xf1\xf2\x82\xb8\xe1g\x0b\
\xf2\xe1\xe4T\xe9\xe3\xc5\xd2\xfc\xe8x\x95\x9fxE6\
?,Z\xe5\x0f~\x00D\x00.\x08\x04,\xa0\x805\
\x1d\xcc\x00\xd9@\xdc\xde\xd3\xd0\x03\xefT=\xc1\x80\x0f\
d \x13\x88\x80\xe3\x103\xfcD\xd2`\x8f\x04^\xe3\
@!\xf8\x1d\x22\x11\x90\x8f<\x170\xd8+\x02\x05\x90\
\xff4\x8aUr\xe2\x11Nuu\x04\x19C}J\x95\
\x1c\xf0\x04\xe2<\x10\x0er\xe1\xbdbPI2\xe2A\
\x22x\x0c\x19\xf1?<\xe2\xc3*\x801\xe4\xc2\xaa\xec\
\xff\xf7\xfc0\xfb\x85\xe1@&b\x88Q\x0c\x8f\xc8\xa2\
\x0f[\x12\x83\x88\x81\xc4Pb0\xd1\x0e7\xc4}q\
o<\x02^\xfdau\xc1\xd9\xb8\xe7p\x1c_\xec\x09\
O\x08\x1d\x84\x87\x84\xeb\x84N\xc2\xed\xe9\xe2\x22\xd9(\
/'\x81N\xa8\x1f<\x94\x9f\xf4\xaf\xf3\x83[CM\
7<\x00\xf7\x81\xeaP\x19g\xe2\x86\xc0\x11w\x85\xe3\
pp?8\xb2\x1bd\xb9C~+\xb3\xc2\x1a\xa5\xfd\
\xb7\x08\xbezCCv\x14g\x0aJ\xd1\xa3\xf8Sl\
G?\xa9a\xaf\xe16\xa2\xa2\xcc\xf5\xd7\xf9Q\xf9\x9a\
>\x92o\xeeH\xcf\xe8\xf1\xb9_e_\x08\xdb\xf0\xd1\
\x96\xd8r\xec0v\x0e;\x85]\xc0\x9a\xb1\x06\xc0\xc2\
Z\xb0F\xac\x0d;\xae\xc4#3\xee\xf1\xe0\x8c\x1b\x1e\
-v\xd0\x9f\x1c\xa83z\xce|y\xb3\xcaL\xca\x9d\
k\x9d\xbb\x9d?\xaa\xfa\xf2E\xb3\xf3\x95\x1f#w\x86\
t\x8eL\x9c\x99\x95\xcf\xe2\xc0\x15C\xc4\xe2I\x04N\
cY.\xce.\xee\x00(\xd7\x1f\xd5\xef\xedu\xcc\xe0\
\xba\x820\xdb\xbepK~\x03\xc0\xa7e``\xe0\xc7\
/\x5cX\x0b\x00\x07=\xe0/\xe1\xd8\x17\xce\x96\x0d\x97\
\x165\x00\xce\x1f\x13(d\x05*\x0eW^\x08\xf0\xcf\
A\x87_\x9f\x01\x5c\xdf,\x80-\x8c\xc7\x05\xb8\x03o\
\xe0\x0f\x82@\x18\x88\x02\xf1 \x19L\x83\xdeg\xc1y\
.\x03\xb3\xc0<\xb0\x18\x14\x83R\xb0\x06l\x04\x15`\
;\xd8\x09\xaa\xc1\x0f\xe0\x10h\x00\xcd\xe0\x14\xf8\x09\x5c\
\x04\x97\xc1up\x07\xce\x9e.\xf0\x02\xf4\x827\xa0\x1f\
A\x10\x12BC\x18\x88\x01b\x8aX!\x0e\x88\x0b\xc2\
F|\x91 $\x02\x89E\x92\x914$\x13\x91 \x0a\
d\x1e\xb2\x04)E\xd6!\x15\xc8\x0e\xa4\x069\x88\x1c\
CN!\x17\x90\x0e\xe46\xf2\x00\xe9F\xfeD>\xa0\
\x18\xaa\x8e\xea\xa0\xc6\xa85:\x0ee\xa3\x1c4\x1c\x8d\
G\xa7\xa2\x99\xe8L\xb4\x10]\x8a\xaeB\xcb\xd1*t\
\x1fZ\x8f\x9eB/\xa2\xd7\xd1N\xf4\x05\xda\x87\x01L\
\x0dcbf\x98#\xc6\xc6\xb8X\x14\x96\x82e`2\
l\x01V\x82\x95aUX\x1d\xd6\x04\xdf\xf3U\xac\x13\
\xeb\xc1\xde\xe3D\x9c\x81\xb3pG8\x83C\xf1\x04\x5c\
\x80\xcf\xc4\x17\xe0+\xf1\x0a\xbc\x1a\xaf\xc7\xcf\xe0W\xf1\
\x07x/\xfe\x99@#\x18\x11\x1c\x08^\x04\x1ea2\
!\x930\x8bPL(#\xec&\x1c%\x9c\x85\xdfR\
\x17\xe1\x0d\x91Hd\x12m\x88\x1e\xf0[L&f\x13\
\xe7\x12W\x12\xb7\x12\xf7\x13O\x12;\x88\x8f\x88}$\
\x12\xc9\x80\xe4@\xf2!E\x91\xf8\xa4|R1i3\
i\x1f\xa9\x85t\x85\xd4EzGV#\x9b\x92]\xc8\
\xc1\xe4\x14\xb2\x84\x5cD.#\xef%\x9f _!?\
%\xf7S4)V\x14/J\x14EH\x99CYM\
\xd9Ei\xa2\x5c\xa2tQ\xfa\xa9ZT\x1b\xaa\x0f5\
\x9e\x9aM]L-\xa7\xd6Q\xcfR\xefR_\xab\xa9\
\xa9\x99\xaby\xaa\xc5\xa8\x89\xd5\x16\xa9\x95\xab\x1dP;\
\xaf\xf6@\xed\xbd\xba\xb6\xba\xbd:W=U]\xa1\xbe\
J}\x8f\xfaI\xf5\xdb\xea\xafi4\x9a5\xcd\x9f\x96\
B\xcb\xa7\xad\xa2\xd5\xd0N\xd3\xee\xd3\xdei04\x9c\
4x\x1aB\x8d\x85\x1a\x95\x1a\xf5\x1aW4^\xd2)\
t+:\x87>\x8d^H/\xa3\x1f\xa6_\xa2\xf7h\
R4\xad5\xb9\x9a|\xcd\x05\x9a\x95\x9a\xc74oj\
\xf6i1\xb4\xc6kEi\xe5i\xad\xd4\xda\xabuA\
\xeb\x996I\xdbZ;H[\xa8\xbdT{\xa7\xf6i\
\xedG\x0c\x8ca\xc1\xe02\x04\x8c%\x8c]\x8c\xb3\x8c\
.\x1d\xa2\x8e\x8d\x0eO'[\xa7T\xe7\x07\x9dv\x9d\
^]m]W\xddD\xdd\xd9\xba\x95\xba\xc7u;\x99\
\x18\xd3\x9a\xc9c\xe62W3\x0f1o0?\xe8\x19\
\xebq\xf4Dz+\xf4\xea\xf4\xae\xe8\xbd\xd5\x1f\xa3\xef\
\xaf/\xd2/\xd1\xdf\xaf\x7f]\xff\x83\x01\xcb \xc8 \
\xc7`\xadA\x83\xc1=C\xdc\xd0\xde0\xc6p\x96\xe1\
6\xc3\xb3\x86=ct\xc6x\x8f\x11\x8c)\x19sh\
\xcc\xafF\xa8\x91\xbdQ\xac\xd1\x5c\xa3\x9dFmF}\
\xc6&\xc6!\xc6R\xe3\xcd\xc6\xa7\x8d{L\x98&\xfe\
&\xd9&\x1bLN\x98t\x9b2L}M\xc5\xa6\x1b\
L[L\x9f\xb3tY\x1cV.\xab\x9cu\x86\xd5k\
fd\x16j\xa60\xdba\xd6n\xd6onc\x9e`\
^d\xbe\xdf\xfc\x9e\x05\xd5\x82m\x91a\xb1\xc1\xa2\xd5\
\xa2\xd7\xd2\xd4r\x92\xe5<\xcbZ\xcb_\xad(Vl\
\xab,\xabMV\xe7\xac\xdeZ\xdbX'Y/\xb3n\
\xb0~f\xa3o\xc3\xb3)\xb4\xa9\xb5\xb9kK\xb3\xf5\
\xb3\x9di[e{\xcd\x8eh\xc7\xb6\xcb\xb1\xdbjw\
\xd9\x1e\xb5w\xb3\xcf\xb2\xaf\xb4\xbf\xe4\x80:\xb8;\x88\
\x1d\xb6:t\x8c%\x8c\xf5\x1c+\x19[5\xf6\xa6\xa3\
\xba#\xc7\xb1\xc0\xb1\xd6\xf1\x81\x13\xd3)\xc2\xa9\xc8\xa9\
\xc1\xe9\xe58\xcbq)\xe3\xd6\x8e;7\xee\xb3\xb3\x9b\
s\xae\xf3.\xe7;\xe3\xb5\xc7\x87\x8d/\x1a\xdf4\xfe\
O\x17{\x17\x81K\xa5\xcb\xb5\x09\xb4\x09\xc1\x13\x16N\
h\x9c\xf0\xca\xd5\xc1U\xe4\xba\xcd\xf5\x96\x1b\xc3m\x92\
\xdb2\xb7V\xb7O\xee\x1e\xee2\xf7:\xf7n\x0fK\
\x8f4\x8f-\x1e7\xd9:\xech\xf6J\xf6yO\x82\
g\x80\xe7B\xcff\xcf\xf7^\xee^\xf9^\x87\xbc\xfe\
\xf0v\xf4\xce\xf1\xde\xeb\xfdl\xa2\xcdD\xd1\xc4]\x13\
\x1f\xf9\x98\xfb\xf0}v\xf8t\xfa\xb2|\xd3|\xbf\xf3\
\xed\xf43\xf3\xe3\xfbU\xf9=\xf4\xb7\xf0\x17\xfa\xef\xf6\
\x7f\xca\xb1\xe3ds\xf6q^\x068\x07\xc8\x02\x8e\x06\
\xbc\xe5zq\xe7sO\x06b\x81!\x81%\x81\xedA\
\xdaA\x09A\x15A\xf7\x83\xcd\x833\x83k\x83{C\
\xdcB\xe6\x86\x9c\x0c%\x84\x86\x87\xae\x0d\xbd\xc93\xe6\
\x09x5\xbc\xde0\x8f\xb0\xf9ag\xc2\xd5\xc3\xe3\xc2\
+\xc2\x1fF\xd8G\xc8\x22\x9a&\xa1\x93\xc2&\xad\x9f\
t7\xd2*R\x12\xd9\x10\x05\xa2xQ\xeb\xa3\xeeE\
\xdbD\xcf\x8c\xfe1\x86\x18\x13\x1dS\x19\xf3$v|\
\xec\xbc\xd8sq\x8c\xb8\xe9q{\xe3\xde\xc4\x07\xc4\xaf\
\x8e\xbf\x93`\x9b\xa0HhM\xa4'\xa6&\xd6$\xbe\
M\x0aLZ\x97\xd49y\xdc\xe4\xf9\x93/&\x1b&\
\x8b\x93\x1bSH)\x89)\xbbS\xfa\xa6\x04M\xd98\
\xa5+\xd5-\xb58\xf5\xc6T\x9b\xa9\xb3\xa7^\x98f\
8-w\xda\xf1\xe9\xf4\xe9\xfc\xe9\x87\xd3\x08iIi\
{\xd3>\xf2\xa3\xf8U\xfc\xbet^\xfa\x96\xf4^\x01\
W\xb0I\xf0B\xe8/\xdc \xec\x16\xf9\x88\xd6\x89\x9e\
f\xf8d\xac\xcbx\x96\xe9\x93\xb9>\xb3;\xcb/\xab\
,\xabG\xcc\x15W\x88_e\x87fo\xcf~\x9b\x13\
\x95\xb3'g 7)w\x7f\x1e9/-\xef\x98D\
[\x92#93\xc3d\xc6\xec\x19\x1dR\x07i\xb1\xb4\
s\xa6\xd7\xcc\x8d3{e\xe1\xb2\xddrD>U\xde\
\x98\xaf\x037\xfam\x0a[\xc57\x8a\x07\x05\xbe\x05\x95\
\x05\xeff%\xce:<[k\xb6dv\xdb\x1c\xfb9\
+\xe6<-\x0c.\xfc~.>W0\xb7u\x9e\xd9\
\xbc\xc5\xf3\x1e\xcc\xe7\xcc\xdf\xb1\x00Y\x90\xbe\xa0u\xa1\
\xc5\xc2\xa5\x0b\xbb\x16\x85,\xaa^L]\x9c\xb3\xf8\x97\
\x22\xe7\xa2uE\x7f-IZ\xd2\xb4\xd4x\xe9\xa2\xa5\
\x8f\xbe\x09\xf9\xa6\xb6X\xa3XV|s\x99\xf7\xb2\xed\
\xcb\xf1\xe5\xe2\xe5\xed+&\xac\xd8\xbc\xe2s\x89\xb0\xe4\
\xe7R\xe7\xd2\xb2\xd2\x8f+\x05+\x7f\xfev\xfc\xb7\xe5\
\xdf\x0e\xac\xcaX\xd5\xbe\xda}\xf5\xb65\xc45\x925\
7\xd6\xfa\xad\xad^\xa7\xb5\xaep\xdd\xa3\xf5\x93\xd6\xd7\
o`m(\xd9\xf0\xd7\xc6\xe9\x1b/\x94\xb9\x96m\xdf\
D\xdd\xa4\xd8\xd4Y\x1eQ\xde\xb8\xd9r\xf3\x9a\xcd\x1f\
+\xb2*\xaeW\x06T\xee\xdfb\xb4e\xc5\x96\xb7[\
\x85[\xafl\xf3\xdfV\xb7\xddx{\xe9\xf6\x0f\xdf\x89\
\xbf\xbb\xb5#dG}\x95uU\xd9N\xe2\xce\x82\x9d\
Ov%\xee:\xf7=\xfb\xfb\x9a\xdd\x86\xbbKw\x7f\
\xda#\xd9\xd3Y\x1d[}\xa6\xc6\xa3\xa6f\xaf\xd1\xde\
\xd5\xb5h\xad\xa2\xb6{_\xea\xbe\xcb?\x04\xfe\xd0X\
\xe7X\xb7c?s\x7f\xe9\x01p@q\xe0\xf9\xc1\xb4\
\x837\x0e\x85\x1fj=\xcc>\x5cw\xc4\xea\xc8\x96\xa3\
\x8c\xa3%\xf5H\xfd\x9c\xfa\xde\x86\xac\x86\xce\xc6\xe4\xc6\
\x8eca\xc7Z\x9b\xbc\x9b\x8e\xfe\xe8\xf4\xe3\x9ef\xb3\
\xe6\xca\xe3\xba\xc7W\x9f\xa0\x9eXzb\xa0\xa5\xb0\xa5\
\xef\xa4\xf4d\xcf\xa9\xccS\x8fZ\xa7\xb7\xde9=\xf9\
\xf4\xb531g\xda\xcf\x86\x9f=\xffS\xf0O\xa7\xcf\
q\xce\xb5\x9c\xf79\xdf|\xc1\xeb\xc2\xb1\x9f\xd9?7\
\x5ct\xbfX\xdf\xe6\xd6v\xf4\x17\xb7_\x8e\xb6\xbb\xb7\
\xd7_\xf2\xb8\xd4x\xd9\xf3rS\xc7\xc4\x8e\x13W\xfc\
\xae\x9c\xba\x1ax\xf5\xa7k\xbck\x17\xafG^\xef\xb8\
\x91p\xe3\xd6\xcd\xd4\x9b\x9d\xb7\x84\xb7\x9e\xdd\xce\xbd\xfd\
\xea\xd7\x82_\xfb\xef,\xbaK\xb8[rO\xf3^\xd9\
}\xa3\xfbU\xbf\xd9\xfd\xb6\xbf\xd3\xbd\xf3\xf8\x83\xc0\x07\
m\x0f\xe3\x1e\xdey$x\xf4\xe2\xb1\xfc\xf1\xc7\xae\xa5\
OhO\xca\x9e\x9a>\xady\xe6\xf2\xac\xb9;\xb8\xfb\
\xf2\xf3)\xcf\xbb^H_\xf4\xf7\x14\xff\xae\xf5\xfb\x96\
\x97\xb6/\x8f\xfc\xe1\xffG[\xef\xe4\xde\xaeW\xb2W\
\x03\x7f\xae|m\xf0z\xcf_\xae\x7f\xb5\xf6E\xf7\xdd\
\x7f\x93\xf7\xa6\xffm\xc9;\x83w\xd5\xef\xd9\xef\xcf}\
H\xfa\xf0\xb4\x7f\xd6G\xd2\xc7\xf2Ov\x9f\x9a>\x87\
\x7f\xbe;\x9070 \xe5\xcb\xf8\x83[\x01\x0c(\x8f\
6\x19\x00\xfc\xb9\x07\x00Z2\x00\x0cxn\xa4NQ\
\x9d\x0f\x07\x0b\xa2:\xd3\x0e\x22\xf0\x9f\xb0\xea\x0c9X\
\xe0\xce\xa5\x0e\xee\xe9cz\xe0\xee\xe6&\x00\x07v\x01\
`\x0d\xf5\xe9\xa9\x00D\xd3\x00\x88\xf7\x04\xe8\x84\x09#\
u\xf8,7x\xeeT\x16\x22<\x1b|'\xfa\x94\x9e\
\x97\x0e\xfeMQ\x9dI\xbf\xf2{t\x0b\x94\xaa\xae`\
t\xfb/\xbb`\x83\x0b=J\x1d\x85\x00\x00\x00\x04c\
ICP\x0c\x0d\x00\x01n\x03\xe3\xef\x00\x00\x00\x8ae\
XIfMM\x00*\x00\x00\x00\x08\x00\x04\x01\x1a\x00\
\x05\x00\x00\x00\x01\x00\x00\x00>\x01\x1b\x00\x05\x00\x00\x00\
\x01\x00\x00\x00F\x01(\x00\x03\x00\x00\x00\x01\x00\x02\x00\
\x00\x87i\x00\x04\x00\x00\x00\x01\x00\x00\x00N\x00\x00\x00\
\x00\x00\x00\x00\x90\x00\x00\x00\x01\x00\x00\x00\x90\x00\x00\x00\
\x01\x00\x03\x92\x86\x00\x07\x00\x00\x00\x12\x00\x00\x00x\xa0\
\x02\x00\x04\x00\x00\x00\x01\x00\x00\x01\x00\xa0\x03\x00\x04\x00\
\x00\x00\x01\x00\x00\x01\x1a\x00\x00\x00\x00ASCII\
\x00\x00\x00Screenshot%f\x7f\
\x83\x00\x00\x00\x09pHYs\x00\x00\x16%\x00\x00\x16\
%\x01IR$\xf0\x00\x00\x01\xd6iTXtXM\
L:com.adobe.xmp\x00\
\x00\x00\x00\x00<x:xmpmeta x\
mlns:x=\x22adobe:ns\
:meta/\x22 x:xmptk=\
\x22XMP Core 6.0.0\x22\
>\x0a   <rdf:RDF xm\
lns:rdf=\x22http://\
www.w3.org/1999/\
02/22-rdf-syntax\
-ns#\x22>\x0a      <rd\
f:Description rd\
f:about=\x22\x22\x0a     \
       xmlns:exi\
f=\x22http://ns.ado\
be.com/exif/1.0/\
\x22>\x0a         <exi\
f:PixelYDimensio\
n>282</exif:Pixe\
lYDimension>\x0a   \
      <exif:Pixe\
lXDimension>256<\
/exif:PixelXDime\
nsion>\x0a         \
<exif:UserCommen\
t>Screenshot</ex\
if:UserComment>\x0a\
      </rdf:Desc\
ription>\x0a   </rd\
f:RDF>\x0a</x:xmpme\
ta>\x0a%$ \xa0\x00\x00\x00\x1ciDOT\
\x00\x00\x00\x02\x00\x00\x00\x00\x00\x00\x00\x8d\x00\x00\x00(\
\x00\x00\x00\x8d\x00\x00\x00\x8d\x00\x00\x8a.P\xe91\xda\
\x00\x00@\x00IDATx\x01\xec\xbd\xe7{e\xc7\
\x91\xe6\x19\xd7\xe3\xc2{\xa0<\xca\xb3\x0cI\x91\x22E\
\xaaG\xd3_\xf6\xd3\xfe\x83\xf3\xec\xb3\xf3\xec\xec\xee\xf4\
\xf6tk\xd4-KR\xa4$\x8a\xa2\x11\x9d\xe8\x8a\x22\
\xcb\xb0X\xde\x17\x0a\xfez\xbb\xbf7\xf2\x1e\x00\x85\x02\
\xaa\x80\x02Pdsn\x02\xe7\x1e\x97'}\xbc\x19\x19\
\x19\x19\x19k\xe2\xac\xed\xbe\xa7%\xa0\xaa\x89\xaa'\xc6\
\xb5\x8e\xa5'~\xe3\xf7\x0d~\xeb\xad7\x09\x8b[\x22\
z\xd5z\x16n\xa3\x90\xee\x0f\xa1\xd9\x0au\xd9'Q\
<4\x0d\xb5\x8e\x98\xdf\x87\xf8\xf5\xabpbQr\xdc\
\x0f\xfe\xf8\x8b\xeb\xa1\x9e\xcb\x87{\xd2\xcf\x92{0&\
\xf7\xbc\xe4\xc1\xaf\x96\x9e\x85xW\xbcn\xdfni\x09\
\xc4\xda\x00\xb0\xa5\xe5\xb9=\x81\xddOG-\xe2jE\
\xe5\xf4\xb2\x1c\x00\xe2\xbc\xd0\xb1\x8as\xac\xe7\x83%\x1a\
#,\x91n\x8dgN\xb1\xbcZ\xfa\xbe\xc1\xa3f#\
\xc6a\xd6h4\xc2\xa108\xe2\x09|&\x12\x01\x08\
\xac\xe1\xe7x\x1c\x92\xf5p\x14\xb7\xd2\xa4#\x0aW\xa0\
\xa4\xb0\x97G\xce\xed\x03\xf7z\x16\xb9\xd5\xfcG\xef\xda\
\xe7\xad(\x816\x00lE)nc\x18N\xb3\x84\xbf\
H6\xa2\xa7E\xc7\x8d\x13\x9cz\x7f\x1dr\x22\xb4\xe5\
\x1c\x80?\xe4\x87\x10\xa2o\xd5S\xb7\xae\x9b\x10i3\
V\xb7\x06T\xde\xa87\xad\xee\x87\x08\xde\xac\x5c\xaeZ\
\xb5R\xb7r\xa5b\xa5b\xc9J\xa5\x12\xcf\xca\xd0\x7f\
\xd3:\xb2)\xeb\xe8\xc8X:\x9d\xb2T:i\x99L\
\xd2R)\x1d\x09K&\xe1A\x921K,\x02\x82`\
%\xd9J\xd7bN\xb8\x8f\x12\x14\xa5q\xf9\xbd\xfc-\
\x81Q\xe4\xa3}\xde\xda\x12h\x03\xc0\xd6\x96\xe7\x96\x87\
\x16\x91\xc4\x22\xd9\xf8\x03\xfdD\x87zY\x11?gy\
j\xa6\xf8\x11\xb1-~\xe1l<\x0f\x82\xe3\xb3\x06]\
{\xbd&boX\x1d\xc2/\xd7\xcaV\xaaV\xad\x98\
/Y.\xa7\xa3\x08\xc1W-\x9f/Z\xb1X\xb6b\
\xa1d\x0b\xb9\x05\x9e/X\xa1P\xe0\xdb\x8a\xa53)\
\xeb\xee\xcaZOO\x97\x1f\xdd\x9c\xbb\xba:\xac\xa7\xb7\
\x93s\xd6\xba{\xb2\x9c;\x01\x86\x14@\x10\xb7t2\
c\xc9\xb8\xd2\x86#iK\xec=\x09Z\xe4\x1a\xa2<\
\xb5<\xb5\x01\xc0\x8bk;\x7f\xda\x00\xb0\x9d\xa5\xbb\xe9\
\xb0\xc3\xd8Z=\xae\xc6\xd7\xea\xad\x9d\xc6\xb9o6\xeb\
&\x96;\x00\x01\xc4/V!\x16\x87\xb8\xd3\x1c\x09z\
t\x18\xfbZ\x83\xa3\x0e\xc1\x8a}\xe7\xbeZ\xf3g\xa5\
r\xc5\x0a\x10{\xa1P\xf4\xde}&\x97\xb3B\xa9j\
\x0b\xf3\x05\x9b\x9f\xcf[nA\xbd}\xcd\xca\x1c\x02\x89\
*\xe0P\xa9\x94\xfc\xc8\xe7\xf1\x9b_ \xde\xbae;\
\xd2\x96\xcdf\xe0\x062\x9c\xd3\xce\x05\xf4\xf6\x09\x10:\
\xad\xb7\xaf\xdb\x06\x07\xfb\xac\xaf\xaf\xd7\xba;;\xad\xaf\
\xa7\xc7:;\xb2\x96J\x06N!\x9dN;\xc7 n\
!\x9e\xe0\xa0\xb3\x8f\x91G1'\x0e\x08\xc2\x02r\x1b\
\xc9\x0d\xf4X/#\x91\x95\xfc\xb6\xdd\xe6K\xa0\x0d\x00\
\x9b/\xc3m\x0c\x01\xf6\xbcY\xe3h8\xb17D\xf4\
-\x22\x10!\xc4\xe2\x09'P\x11y\xb5Z\x87@k\
V,\xc7\xadT\x89q]\x85\xc0\xcbN\xe8\xa5R\x99\
\xfb:\xd7\x05\xab\xe0\xaf@\xcf\x9e\xcb\xe7-\x9f+X\
\x096\xbf 6\xbf\xdat\x82\xafT\xe0\x0aj\x22\xae\
$\xa0\x01\xeb\x0ee\xc64Lp.\xa3n\xf9\xc2\xbc\
\xcd\xcfN[\xb3Z\x81\x98\x03\xe1*]1\xde\xc7\xe2\
M\x86\x030\xfb\xa9\xb8u\xd0\xf3wuw\x02\x06\xdd\
\xd6\xcdy\x80sO'\x5cAg\x07\xdcA\xb7\xf5\x02\
\x08z\xdf\xc9}\x06 \xc9d\xd2\x0c)td\x02\xd7\
\x90D\x98\x09\xc0)\x9f\xca\xbf\x08^i\x89\x00@\xd7\
m\xb7\xf9\x12h\x03\xc0\xe6\xcbp\x1bC\xa8\xd3\xe0\xab\
\x84\x0fqA\x00\x1a\xa7\xc7b\x09\x88\xb8f\x05X\xf3\
|\xbel\xf3\x0bE\x08\xbd\xc2\xb9`\xb3\xb39\x9b\xcf\
A\xe0\x15s0(\x15+\xb0\xf0\x1a\xb7W\xe9\xfd\x1b\
\xf4\xea\x15\xe7\x00\x04\x16\x02\x0d\x8d\xf9\x9bMH7.\
\xae\x01\xee\xa1\x09Q1\x84\x88\xc7\xd2\x96H\xe8Y\xd4\
+#$\xb4*\xb2\x02\x0d\x0b\xe6mav\x8a\x08J\
\x96jq \xb5:\xef\x1a\x0cCb\x02*\x15\x87>\
\x0c\xa0\x95\x94\x5c\x00\xa0\xc8\x08\x14\x90\x0fhH\x90\xcd\
jx\xd0\xe1\xc4\x1eq\x0f\x9d\x0c\x1b\xfa\xfaz\xe0\x1a\
\xfam`\xa0\xdf\xb9\x88\x9e\x1e\x86\x14\x80\x84\xe4\x0c\x09\
\x178\x8aC\x08=\x7ftVlm\xf7\xf8%\xd0\x06\
\x80\xc7/\xbb'\xf0%D\xe5\x00\xd0b\xef\xe9\x87k\
\xd0\xe2\xdd{3\xf6\xd5\xd7\xe7\xec\xea\xf5I\x9b\x9a\xa6\
W\xaf\xc4\x01\x84\x1a \x00\xebNO^\x13!\x8b}\
\x86\xb8\xf9\xc4\x89\x1b\xea\xf5o%\xd9\xd7u,\x96\xb4\
d\x22i\xf1d\x0a9\x80\xfc\xd2\xbbj\xcc\x0d\x00\xc4\
,\x0d!'\x9d\xbb\x88A\xc8\x06\xe1[\x0cT\x89\x09\
tf-'\x00@ \x08M\xbbk@\xfc:4\x03\
\xe0\xbd\xb48\x06\xc0J\x91\x8bPE\xb2\xe2\x10\xe2\xce\
\xc9p\xcdw\x02\x8a\xe8 \x19\x10y\x02`\x80\xe0\xc5\
\x1d\xf4\xea\xc8\xda\xee]\xc3v\xe2\xc4!\x9b\xd8\xb7\xd7\
AC\xbd\xbf\xc2\x8f\xc0 \xc4\xde\xfe\xddL\x09\xb4\x01\
`3\xa5\xb7\xed\xdfBD\xb0\xd7\x22bQK\x03B\
-\x96kv\xee\xdb\xab\xf6\xda\xeb\x7f\xb1o/\xdcB\
8\x07\xb3\x9e\xea\xc3K\x96\xf7H\xff\xa1\xca@\xff\xb0\
\xccp\x0b\xe2\x18\x90\xc7\x13\x00r\x01zyh\x88\xf0\
D\xb9b\xb1yG\xb8Mzw\x85\xed\xb3\x07\x91\x10\
\x11?u\x88:\x1e\x17k/\x00(\xf9\x91/\xccX\
nz\xd2`-\x88\x8a!\x00\x04\x1e\xd8\xf2@\x9c\xe2\
R\x9a\x01e<\xdd\x8aNNr>\xc5\x142\xc3Y\
\xc0\x22\x99\x86\x9f\xe1t4\xc4\xe0Z\x1d<\xc1\x1a\x9d\
\xbeM\xec\x1d\xb4\x7f\xfc\xd9\x0b\xf6\x93\x9f\xbc\x00g0\
\xc8\xf38r\x83\x14\xb3\x0c\x00\x97<\xb5\xdd\xa6K\xa0\
\x0d\x00\x9b.\xc2m\x0c@\xd4\xea\x07'\xbaM\x91O\
\x01\x00\xf8\xea\xccU\xfb\xddko\xdb\xc5\xcb\xd3\x0c\x07\
:\x90\xc8\x0f[\xb5\x9e\x86r`\x953\x0c\x15\xe8\xad\
%>\x14\xc9\x89\xd8C\xcf.\x82\xd1\x01\xd1\x03\x14\x22\
x\xef\xa4Ex\x09\x11\xb8\xfe\x93\x1c)\xa2\x0c\xd3\x88\
\xea\xd5\xe3q\x882^\xe6%\x00\x10/!\x03\x98\xb6\
\xdc\xd4]\x12\x92\xb7\x14i\x8a+]\xa4Q\xf0!@\
\x91\xf0QI\x96S\xdf\xafK\xc5\xe3`\xe4 \xa3\x94\
\xe9)\xf1:\x00H\x96!N!\xc8\x19\x22n\x22\x1e\
\xaf\xd8\x8e\xd1\x0e\xfb\x87\x97\x9f\xb1\x9f\xbe\xfc\x13\xdb\xb1\
c\x87\xcf*d;:\x02\x07\xd0\x06\x00\xcao\xf3\xae\
\x0d\x00\x9b/\xc3\xed\x0b\x01:\x11\xf1\xb8\x10L\xb4L\
L%\xc6\xf2_\x9f\xbda\xbf\xf9\xdd\xbbv\xe9\xea<\
$\xd4o\xb1d\x1f\x82?<\x00\x00\xf1\x94\x08\x89\xb9\
z\xfc\x06\xe6;\x10\xbe\x86\x03\xea\x99\x9d#\x80+\xd0\
[\x0f[\xec:=\xbc\x88\xd0 |\x81@\x18:\x88\
\xa4\x1b\x10\x9b\xbc\xc2\xfe\x9b8\x00f\x0f\x0a\x0c\x01\xa6\
n[\xa30\xe7C\x00g\xf9\xbd\xc7\xe75\xe1\x06P\
\x11\x9a(v\x85\xc1\xe1\x84\xaf\xbb\x00\x16!'\xe2\x00\
\x88\x13\xd6 \x00\x80|\x0a<4c\xa1\xe1D\xc5\x86\
\x07\xe3\xf6\xfc\xb3\x87\xec\xc5\x17\x9e\xb3}\xfb\xf6X\xff\
@\x1f\x02\xc5.\x9f=X\x92\x01(\x8e\xb6{\xdc\x12\
h\x03\xc0\xe3\x96\xdc\x93\xf8N4Iw\xdah\xd4\x98\
*\x13{,\x09\x7f\xd3\xce|s\xd3~\xf5\x9b\xf7\xec\
\xdbK\xf3\xd0\xec\x90\xd5c\xddVBr\x9fdj\xcd\
\x05\x86\xcc\x1c,\xb9\x88\x08\xa3'\xcb\x09\x06\x92\x83\x00\
\xa5\x08$\x1a\x8dih\xe0\xc3\x03\x9d5\x84`x\x81\
\xc6_\xc3\xe5\x10\x80\x04\x1a\x83\x05\x09\x01gnZ\xbd\
0\xc5\xdc~\x939~\x88\xde\xd3\xc9\xf7\xa4\xcf\x03\x12\
\xd1\xfb\xd1\x8a\xb3\x05\x00\xe1\x0e\xcf\x8b.\x5c\x8b#\xf0\
T\xf1\xa3\xfc6\x91>\x0a\x00\x06z\x9bv\xf2\xf8n\
\x86\x00\xcf\xd9\xc1\x83\x13\xd6\xd7\xdf\xeb\xc2A\xcd\x1c\x04\
\x00X\x11\xcfb\xb8\xed\x8b\xf5\x96@\x1b\x00\xd6[R\
\xdf\x91\xbfE\x00\xd0X\x9c\xf6^\xae\xc6\xec\xdc\xf9\xdb\
\xf6\xeb\xdf\xfe\xd5\xce]\x98\x85\xf8\x87\xac\x11\xef\xb1\x12\
\x1c\xb5\x00\xc0\xf5\x03$\xbe_\xaf\x03\x00\x1a\x1a\xa0\xcb\
A\xa8\xea\xa5\x9dxuM|IXm\xc4\x8a\xbc\x13\
\x004\xe0\x00r\xb60}\xc3\xea\xc5\xc9\x00\x00\xcc\xe1\
;'\xc1\x94\xa1\x03\x80\x82\xb9\x8f\xe0\x15\xb0\x08Un\
9\xf1\x87'z\xe4\x00\xa0\xc8\xe4C\x00\xc0\xc1D\xa6\
\xf5u\xd7\xec\xd8\xd1\x9d\xf6\xe2\x8b\xcf\xda\xc1\xc3\xfb\x99\
\x1d\xe8E8(\x85\xa3\xac\x0f\x03B\x08Jo\xdb=\
n\x09\xb4\x01\xe0qK\xee\x09}'\xb6]\xba\x00\xb1\
\x16\x00T\xe8\xe9\xcf_\xb8\x0b\x00\xbcog\xce\xcfX\
\xb59\x00\x17\xd0c\x15\x88.\x8e\x80\xac)n\xa1\xc5\
\x92\xaf+\x89\x0f\x03\x00\x02\x90:\xaf\x09\x008$\xe5\
/\x16\x16\x00\x80\x9bV+\xde\xb5t\x02\x0e`\x1b\x01\
\xa0\xa7\xabjG\x0f\x8d\xd9\x8f_x\xc6\x0e\x1f9`\
\xc3C\xfd(\x18\x01\x00\xe8\x13$\xc9kpm\x00h\
\x15\xc4c\x9d\xda\x00\xf0X\xc5\xf6\x04?\x12\x00\xb8\x84\
\x1c\x22\x84\x00+\xb5\xb8]\xba<e\xbfy\xe5C\x84\
\x81\x93V\xae\xf7\xd1M\xf7\x22\xc7g\xfc\x8e\xf2\xccV\
\x02\x00\xc8\x13\x00\x80!\x82\xd8\x7f\x07\x80b\x8eY\x80\
\x9bV-\x08\x00$#\xd8>\x0e\xa0\xa7\xabb\x87\x0f\
\x8e\xda\xf3\xcf?mG\x8e\x1e\xb4\xd1\xd1At\x05\xba\
Q\x1e\x02\x00\x98\x09\x08\xae\x0d\x00\x9bi\x8dm\x00\xd8\
L\xe9=\x89o\x05\x00\x9a\x1e\x83\x00u\x16\x00\x5c\xbd\
6k\xbf}\xf5C;\xf5\xd5\x1d\xc6\xfe=L\xfd\xf5\
\xf2\x96\x1e\x11\x89]\xb3^a\xbe}\x03\x09{\x08\x07\
 V\x1c\x11\x00\x84/\x89}\x1d0\x80\x03(\xa2*\
<s\xc3\xaa\xf9\xbb\x96z\x02\x00pp\xff\xb0=\xf7\
\xdcI{\xea\xa9\xc366>\xe4\xcaB\x92\x01\xb4\x01\
`\x03u\xfc\x10\xafm\x00xH\xe1|\x1f^\x05\xc9\
\xbd\x080\x02\x80\x84]\xbf>o\xbf\xfb\xfd\xc7\xf6\xd9\
\x977\xacX\xe9\xb6X\xba\x1fY\x00\xec\xbf\xc6\xeb[\
\x0d\x00\x0c\x01\x04\x00\xae\xc8\x03X\x94J\x92\x01\xc0\x01\
\xe4\xef \x1f\x00\x144M\xa0q\xfc\xa2\xfc \x5c/\
\x8d\xfbU\x8a\x0f\x91\x01\xe8\xb5\x00K@\xc3\x9f\xf8\x1d\
\xad[\x881\x93\xd1\xddY\xb1\x03\x13\x83\xf6\xa3\x1f\x9d\
\xb0c\xc7\x8e\xd8\xf8\x8eaW\x12\x12\x07\x90f\x05b\
\x08WaG\xe1s\xd9v\x1b*\x816\x00l\xa8\xb8\
\xbe\x03\xcfN\x5cb\xff\xc3\x5c}\xb5\x1a\xb7\xeb\xb7s\
\xf6\xfa\x1b\x9f\xdaG\x9f^\xb1|\xa9\xd3\x92\xd9A\xab\
1\x05\xd8D\x90\xd6\xa8U\xe1\x006\xc0\x02<\x84\x03\
Pn\x13\x84)\xf9\x83\x00(\x81\xdf\xc0\x01\x04\x00\x88\
k\xe0\xe1\xf3\xf1b\xc3#V\x1cb\xdc\x88\x10P\x91\
\x88\xf4\x9d\x86\xf5#\x00\x10\xc7S\xb1\xael\x19e\xa0\
\x018\x80\x13h\x04\x1e\x85\x03\x18f\x16 \x08\x01\xa5\
b\x1c\xb4\x0c\x15o\x1b\x00T\x8a\x8f\xe3\xda\x00\xf08\
\xa5\xf6$\xbf\x11\x00@|\xd2\xc5W\x83\xd7\x10\xe0\xd6\
\x9d\xbc\xfd\xe1O\x9f\xdb_?\xbch\xf3E\x14\x81\xba\
\x86|\x08\xd0\xa4\xb7n\xa0\x97\xbf\xe5B@\x0d\x01\x10\
Dj\x08P*\x15\x18\x02\xdc\xb4J\xee6@C\x5c\
\x8c\x11\x82\xa6\xe1\xe3\x03@4\xa7\xafs\x98\xf5\x88\x00\
\xa0d\xfb\xf6\xf4\xfb\x10\xe0\xc4\xc9\xa7lll\x98!\
@W\x90\x01\xb0\xae@\xb3\x0e\x8b\xb3\x16O\xb2N~\
@q\xb5\x01\xe0\xfb^\x99\xde\x99KUV\x00\x00\x0c\
\xd4\x13vg\xb2d\x7f\xfa\xf3)\xfb\xcb{gm.\
\xcf\xea\xb9.4\x01\xa5\xc0\xa3!\x80\xcf\x02l\xd14\
 e\xa3Y\x00\xcdB\x88\x03@\xc6\xc8\xc2\x22V\x12\
\xce\xde\xb4\xf2\xc2-\x80f{\x01\xa03S\xb2\xbd{\
\xfa\x02\x07\x00\x00\x8c\xc3\x01h\xc1PW\xb7\x84\x80m\
\x00\xd8\x8a\xa6\xdb\x06\x80\xad(\xc5\xed\x0cc\x11\x00\x82\
\x14\xbe\xc6Z\xff{\xd3U{\xeb\x9d\xaf\xed\x8d7\xbf\
\xb4\xd9\x85\xa4u\xf4\x8cYEz\xfeH\xe4c\xd2\xa2\
\xdb*=\x00\xf2%\x00pE @ \x89\x95\x9f*\
\xab\x00\xf3\x00@i\xfe\x16\xf1 p\xdc6\x0e\xa0l\
Y\x00`\xcf\xae\x1e\x97\x01\x88\x03\xd8\xb1c\x04]\x00\
i\x03vbq\x88\xbc\xb69\x80M\xb7\xbc6\x00l\
\xba\x08\xb79\x80\x16\x00XL\xbd0\x13\x82\xcd\xa4\xcd\
\xcc\xd7\xed\x1dz\xff\xdf\xbd\xf6\x89M\xcd'\xac\xb3w\
\x9c\xe9@\xd8\x038\x00M\xd5\xc5\xea\x1a\xb3\xaf\xd3=\
D\x06\xa0\x915\xf4\xbf\x08\x00Z\xd6[\xc3zP~\
\xf6\x96\x15\xe7nl+\x00XS\x00P\xb0\xdd;{\
\xec\xd9g\x8f\xdb\xc9\x93\xc7l\xc7\xceQ\x1b\x1a\x0a\xea\
\xc0m\x00Xg\xfd>\xc2[\x1b\x00\x1eQ@\xdf\xf9\
k\x01\x80O\xc3\x05\x00h0\xdd7\x9fk\xd8{\xef\
\x7fc\xbfD\x19\xe8\xdel\xdc\xba\xfav\xa0\x09(\x00\
\x90`l\x0b\x00\xa0%\xc4[\x04\x00zz\xe9\x22\x08\
\x00\x1a\xcc2\xe4\xe7n[a\xf6\x1a3\x83e\xd7\x03\
X\x92\x01\xe8\x0b\xdc\x06\x85\x80\x8b2\x00F\xf4a\x16\
@\x0b \xca\xd8\x0f(\xd8\xae\x9d\xdd\x00\xc01\x00\xe0\
)\xdb\xb5k\xcc\x06\x87\x07\xdcF@\x825\xc4\xce\x01\
\xb8\xf4\xb0\x15o\x88\xbd\xfd\xbb\x81\x12h\x03\xc0\x06\x0a\
\xeb\xbb\xf0\xea\xf4\x8f\x0anX=\xa7\xbb\x04+\xf2\x1a\
\xf6\xc1\xc7\xdf\xd8\xbf\xfe\xdb\x9b\x0e\x00\x9d}\xbb\xd1\x07\
`\x1d\x00v\xf7\xb4|X\xc3\x80u;\x00\xc3\xe9U\
\x1f(\xf8e\xc4\x0f\x859IJ\xd7\x17\xd9<\x0cF\
\x102\x96\x99\x02\xccO_\xb4F\x95%\xc1I\xad?\
\x900Nk\x02D\x88\xd1\xc1e\x08P\x17\xb8\xb5\x88\
4\x9a\x01\x08\xbe4\x81\xe1\xb6\x04\x9a\x15\xcb$\x8b\xb6\
s\x5c\x00p\xc4\x9e~\xe6\x88\xed\xda\x0d\x00\xa0\x0d\xd8\
\xd3\xdd\xc3p$\xbd\x0c\x00\xf4m$\xf7X\x1e\x7f\x08\
\xb3\xfd\xbbv\x09\xb4\x01`\xed\xb2\xf9\xce\xdf8=\x92\
\x0a\xc8\xce\x0fO\x10\x8bu\xca\xe5\x86}\xf2\xd97\xf6\
\xff\xfe\xf3+vo.f\xd9\xfe}V\xacv\xc2\x00\
ta\xc4\x03\xc1\x9c/\xb5\xdd|\xf2\xbds%\xe6p\
\xd6P\x00 \x00\x5c\xea\xe5I\x9b\x9f<\xc79\x8f\x85\
\x9f,\xcf\x04\x14\x98\x10\x13\x17\xa2qyD\xeb(.\
\xddG\x98\x8bH\xb3\x94\xb6\xa8\xf7\x8f\x9e,\xae\x05@\
\xe6\x90\x8a\x17m|\xac\xd3\x9e\xfd\xd1!{\xe6\xd9\xc3\
\xb6[\x00\x80\xc5\xa0\xee\xee>\xf4\x00X\x10$\xe0\xf1\
\xc9\x07\x95\x94@Og-_\x8cf$\xb8l\xbb\x87\
\x96@\x1b\x00\x1eZ<\xdf\xed\xcb\x08\x00DD0\xdf\
!1\x00@\x05\x00\xf8\xfc\xcb\x0b\xf6\xdf\xfe\xe976\
9\x83)\x90\xbe}p\x00]p\x00\xdda\x1ap\xdb\
\x00\x00na\x11\x00\xce\x02\x00\xb9\x16\x00\x88\x03H\x11\
7It\x00\x10\x02\x90\xfaM\x03@\xc9\xc6G\xb3\x10\
\xffA{\x1a\x00\xd8\xb3g\x14\x0e\x80!@\x0f\x00\x90\
\xcc\x06\x0e`\x11\x00\xc2\x10\x89B \xee6\x00\x84\xc6\
\xf2\xe8\xdf6\x00<\xba\x8c\xbe3\x1fk\x01@\x95%\
\xc1_\x9d\xbeb\xff\xf5\xff\xfe\xa5\xdd\xbcW\xb3N8\
\x80J\xa3\x9bY\x80n\x0cz\xa2\x9c\xe32\x83\xcd'\
\xfbA\x0e\xe0\xbb\x01\x80\x93\xcf\x1c`\x08p\xc8\xf6\xee\
\x1d\xb3\xa1\xe1A\x0c\x8a\xf63\xf4\xd0\x92\xe0\xe5\x1c@\
\x1b\x00\x1e\xa7\xc6\xdb\x00\xf08\xa5\xf6\x84\xbeY\x0b\x00\
\xa0q;\x8bM\x80\xff\xe3\xff\xfa\x85]\xbb]\x82\x03\
\xd8\xcb,}o\x0b\x00*\x00@4\x1e\xde\x5cB\xbf\
\x0f\x0006\x92\xb5\x93\xcf\xec\x07\x00\x0e\x02\x00\xe36\
<2\xd4\x06\x80\xcdU\xeb}_\xb7\x01\xe0\xbe\xe2\xf8\
~\xdd\xac\x09\x00,\x09\xfe\xf6\xe2\x1d\xfb/\xff\xe7\xcf\
\xed\xf2\x8d<\x1c\x00\x00\x10\xebG\x11\x08\x19\x00\x9bv\
\xfc\xb0\x00\xa0\xc3N\x9c\x9c\x08\x1c\xc0\xbeq\x1b\x19\x15\
\x00\x0c\xb49\x80-j\xaam\x00\xd8\xa2\x82\xdc\x8e`\
\xd6\x02\x00\xd9\xed\xbfx\xe5\x9e\xfd\x97\xff\xfas\xbbp\
e\xde9\x80z\x5c\x00\xd0\xd9\x1a\x02l!\x07\x00\x1b\
\x10\xc9\xf4\x5cMW&\xbb$\x04\xbc{\xd6j\xe5\x05\
\xcb\xa4\x11\x02bJ,\x8e\x95\xe1\xa0~ !\xe0\x06\
d\x00\x0a}1\x02I\x0e\xf8#\xe31\xd4\x8cS\xd8\
 \x1c\x1d\xce\xd8\xf1\x13\xfb\x1c\x00\xf6M\xec\x08\x00\xd0\
+\x00\xc8\x12g{\x08\xb0\xd9v\xd7\x06\x80\xcd\x96\xe0\
6~\xbf&\x00 m\xbfrm\xc6\xfe\xdb\x7f\xff\xb5\
}\xfd\xcd]\xcb\xf4\xecv\x0e\xa0\x81e`\x09\x0cc\
\xae\xba\xbb\xf9\x84\x89\x8eWJ\xe9\x15j\xb3r\xcf\xe6\
&\xcfZ\x19\x13\xe1A\x1a/\x00H\x03\x00\xa4X\x92\
\xfe\x0d\x00\xc0Z\xa9\xd4\xf2\xe7\x14\x86H\x07\xfb\x13,\
\x05\xdec\xcf>w\xc4\x0e\x1c\xdc\x8d\x0c@z\x00\xfd\
\x08\x1f\xbb\x1c\x00|w$\xa62}\xb5\xa4\xcf\x96H\
\x08\xa8\x99\x80\xb6[O\x09\xb4\x01`=\xa5\xf4\x1d\xf9\
Y\x1b\x00\xe2v\xed\xc6\xac\xfd?\xff\xfc;\xfb\xfb\x99\
\xdb\x96\xec\xdc\xc1\xe6\x1e\xfd\x98\xf6\xea\x84\x00\xd1\x03\xd8\
n\x00\xa8\xde\xb3\x05\xa6\x01K\xf9\x19\x0ctJ\xf7 \
\x81\xca\xb0\x00\x80\x82\xdab\x00\x18\xe8K\xd8\xd1c\xbb\
\x99\x0a\x14\x00\xec\xb2a\x17\x02\x0e\xb4\x01`\x8b\xdad\
\x1b\x00\xb6\xa8 \xb7#\x98\xb5\x00\xa0Q\x8f\xdb\xcd\xdb\
\x0b\xf6O\xff\xfa\x9a}\xf1\xf5M\x0c\x82\x0c[=\x81\
i\xb0X\x17\xec3k\x06\xb6\x19\x00\xac6e\x0b\xf7\
\xceYqa\x1a\x85\x1c\x01\x00\x9bu\xc43,\xe3\xdd\
Z\x00HZ\x11\xc3\xa0q;\xf2\x94\x00\xe0\xb0s\x00\
.\x03`\x08\xd0\x91\xe9ns\x00[\xd0\xe8\xda\x00\xb0\
\x05\x85\xb8]A\xac\x09\x00,\xfc\xb9;\x99\xb3\x7fA\
\x13\xf0\xd3/\xaf\xb2r\x9e\xde\x1f\x00\xb08z\x00\xac\
\xd0\xdb~\x00\xd0\xde\x00\x01\x00\x12\xd8!\xd0\x86#\xc9\
\x84\x00@\xf2\x82\xad\x1b\x02\x08\x00\xfazb\xd8\x03\xdc\
\xe9\x00p\xf0\xd0\x1e\xcc\x82iE\xe0 \xdb\x8a\xb5\x01\
`+\xda]\x1b\x00\xb6\xa2\x14\xb7)\x8c\xb5\x00\xa0\x09\
\xc1\xdd\x9b)\xd8/~\xf9\x8e}\xfc\xc5%\xcbW\xe9\
\xf9\x93\x83\x16\xc38h\x1d]\xfd\xed\x06\x80X}\xc6\
\xf2S\xdfXaa\x8a\xe1>\x9b\x81\xc0\x91\x08\x00\xb4\
\xbd\xd8V\x02@\xa2YX\x04\x80g\xd8\x1f\xe0\xd0a\
\x00`l\xd4\xfa\xdb\x00\xb0e-\xae\x0d\x00[V\x94\
[\x1f\xd0\x12\x00ho\x1f\xe7\xaf}\x8c-B\x9b\x99\
-\xfab\xa0\xf7?\xf9\xd6\x16J\x1d\x0c\x03\x860\x0a\
\xda\xc3j\xbd\xed\xe7\x00\x1c\x00\xa6/Xa\x9e=\x02\
!y\x01\x926\x13\xd5\xf8\xdf\xff\x5c\x08\xa8\xf2P\x9a\
\xa3\x19\x09-\xf4\x89\xc4\xfdz\xf7p\x17\xf6\x12\x04\x00\
\xbacv\xe8\xc8\x0e\xb4\x01\x03\x00\x8c\x8d\x8d8\x00d\
\xc5\x01\xb0'\xc1r! \x09 \xd0\xb6&\xe0\xc3K\
\xf6\xfe\xb7m\x00\xb8\xbf<\xbeWwj\xcer\x81l\
DHH\xd9x\xa8i\xb7\xe9\x99\xa2\xbd\xf9\xf6)l\
\x02|fsX\x05Ju\x8e[\xa5\x9eq\xa9}\x93\
a\xc0V\xb8\xb5f\x01\xac>g\x85\x99\xcb\x18\x06a\
\x8f@\xd2\x93H\xb0\xa1(\xc4\xafiB\x9f\x9a\xd3(\
@\x09\x882\xa0k\x1eDP\xa0\xdbG9\xad\x7f\x88\
\xb3 \xa8\xbb\x0b\x008<j\xcf=\x7f\x98\xf3.\xac\
\x02a\x18\xb4\xb7\xdf:\xd2\xdd\xbe \xc8\x01\xc0#\xa2\
l|6\xa0\xbd\x16\xe0Qe\xbb\xfc}\x1b\x00\x96\x97\
\xc6\xf7\xf0\xdai\x88\x1f\x11\x84\xdb\x04\x80\xc8\x04\x00\xb3\
\xb3e{\xe7\x83\xaf\xed\x95\xd7?\xb6\xe9\x5c\x0a\xb3`\
;\x97\x01\x80\xd4b7\xef\xd6\x06\x80\x05_\x0e\xbc0\
\xc3\x1e\x81\xa4\xc7-\xf4*]\x18\xf3\x94\x8d\xc0E\xf5\
\xfc\xe5I\xd80\x00\x88_\xa8a\x17\xd0\x1c\x00\x9e\x7f\
\xfe \xe7\x9d\x0e\x00\xfd}\x08\x01\xd3\x9d\xe8\x02\x08\xf0\
\x14\x9bJI\xe5\xa3\x82\xd2}{-\xc0\xf2\xa2\x7f\xd8\
u\x1b\x00\x1eV:\xdf\x83wk\x01\xc0\xfcB\xcd\xde\
\xff\xe8\x8c\xfd\xe6\xb5\x0f\xec\x0e6\x012\x00@\xb5\x81\
D^]\xadv\x14\xde\x02\xb7\x16\x00\xc4\x1a\x0bV\x9c\
\xbda\xf3\xb3w\x89\xaa\xce\xf8\xbf5\xefNb\xb5[\
\xf0\xd6\x01@\xd5\xba\x18\xdd\x1c<4\x02\x07\x10\x00`\
|\x1c\xab@\xfdm\x00\xd8\x82\xea\xf5 \xda\x00\xb0U\
%\xb9M\xe1\xac\x0a\x00(\xba\x14\xf2\x0d\xfb\x90\xf1\xff\
/\x7f\xf7\x9e\xdd\x98\xacY\xa6{\x17\xd6\x82\xd0\xcaS\
:\xb6\x1d\x00r\xd8\x04\xbci\xf3\xd3w\x11:b\x8d\
P\xdb\x8c\x0bxp\xfa\xdd2\x00@\x1b0\xdb\xd1\xb0\
\x03\x07\xd8\x1b\x00\x008|dW0\x0b\xd6?\x88\xb5\
 6\x09ms\x00^\xe6\x9b\xf9i\x03\xc0fJ\xef\
\x09|\xbb\x1a\x00H\xd3\xadXj\xda\xa7_\x5c\xb1_\
\xfc\xfa\x1d\xbbt\xa3\x80]\xc0\xdd\xae\x08\x04'\xbe\xed\
\x00\x10o\xe6\xb1\x0a|\xcb\xe6\xd8%XB\xc7\xa4\xef\
6\x0c\xf1\xb7z\x7f\x87\x02O\xf8\xb2\x02\xe2\xe1\xc6d\
\x00\x0c\x01\x90etd\xea\xb6\xff\xc0\xd0\x22\x00\xec\xc4\
,\xd8\xe0\xc0P\x1b\x00\x96\x15\xedf.\xdb\x00\xb0\x99\
\xd2{\x02\xdf\xae\x05\x00\x15v\xec\xfe\xfc\xef7\xec\xe7\
\xbf\xfc\x8b\x9d\xbf\xb2`\x1d\xbd\xbb\xa0@\x16\x03\xf9\xa6\
\x1a\x1b!\xb5\xb53\xb1\xd6\x10\x00\x9bDV\xcd\xdd\xb1\
\xb9\xe9\xdb\x18\x09\xc50\xa8t\xf2\xf1,\xff\xda\x95h\
\xab\x00\xc00E\xd6\x91\xae\xdb\xc4~6\x07\x81\x038\
rt7&\xc2\xb0\x0b8(\x00\xe8ns\x00kW\
\xdd\xba\xdf\xb4\x01`\xddE\xf5\xddx\x5c\x0b\x00\xaa,\
\x08\xfa\xea\xcc]\xfb\xe7\x9f\xff\xc9\xbe\xd1\x82 \x00\xa0\
\xd6@b&*\xdc\xc2!\xc0j\xb9f\x00\xc2\xee\xc0\
w\x19\x02\xdc\xb1r\xa9\xc4T\x9c4\x01a\xfcE\xfc\
\xb0 [\x06\x00\xe84\xa4S\x15\xdb\xc7\xee@\xcf\xbf\
p\x885\x01{m\x91\x03`\x1aPC\x00\x81O\x88\
\xb8%\x04\xf4\x01\x88\x0fBVKz\xfb\xd9\x8a\x12h\
\x03\xc0\x8a\x02\xf9\xbe\xdd\xae\x05\x0056\x089wa\
\xc6\xfe\xfb\xffx\xc3\xbe\xb9<\xeb\x0b\x82\xca\xd8\x05\x14\
1n\x15\x00\xac^\x16H\xfdc\x05k\x94X\x0f\xc0\
4`\xb1\x90g\xf9\xb1\x00\x00\x85 V\x0aJ\x10\xef\
\xe4\xe7\x09_\x16\x02\xa8\xb0\x11\xbe\xc4\xcd\x83\x02\x00\xa9\
d\x19;\x00\xfd\xf6\xc2\x8bG}U\xa0\x9b\x06G\x06\
\xd0\xe9\x00\xd0\x11\xf2\xabhd\x03\xc1\xed (\xf66\
\x00,+\xf9\x87^\xb6\x01\xe0\xa1\xc5\xf3\xdd\xbf\x5c\x13\
\x00\xd0\xbe;\x7fi\xd6\xfe\xe9_\xfehg/\xce\xf8\
4\xa0\x00@{\xf5is\x90\xedsO\x0e\x004\x04\
H\xc6\xcb\xb6go/[\x84\x1f\x01\x00&Z\x1c\x80\
\x00\xa0\x07ph\x03\xc0f\xeb\xb9\x0d\x00\x9b-\xc1m\
\xfe~-\x00\xa8\x03\x00\x17\xae\xcc\xd9\xff\xf7\xf3?\xdb\
\xe9o\xa7-\xd11\xeaz\x00?4\x00H`\x13`\
\xf7\xee^{\xfe\xc7\x87\x9d\x03\xd8\x89i\xf0!\x84\x80\
\xdd\x9d\xbdm\x00\xd8\x82\xb6\xd7\x06\x80-(\xc4\xed\x0c\
bM\x00@\xfd\xf6\xf2\xb5y\xfb\x1f\xff\xf3m\xfb\xea\
\xfc=T\x81G\xd0\x03\xd0\x10\xe0\x87\xc5\x01\xc4cE\
\xf6\x03\xe8\x01\x00\x0e\x05\x0e\x00\x00\x18\x1ed\x93\xd0\xae\
\xbe6\x00lA\xc3k\x03\xc0\x16\x14\xe2v\x06\xb16\
\x00$\xb0\x090o\xff\xfc\x8b\xf7\xec\xabs(\xe4\xb0\
\x16@C\x00i\xe5i\x83\xd0\xedsOv\x08 \x00\
\xd8\xb1\xa3\x8bi\xc0\x00\x002\x0d>2<\x02\x00\x04\
\xc3\xa0.\xf3Pf\xdb2\x80\xc7\xaa\xf26\x00<V\
\xb1=\x99\x8f\x9c\xf8\xd5\xb6=:\xee|\x9d\xbf\x9eb\
\xf9\x1f\x0e\xe0\xfa\xady\xfb\xd7\x7f\x7f\xdb\xbe8}\x97\
\xe5\xc0CV\xade\xd93O\xcbs\xb7\x17\x00\x12X\
\xeai\x96\xa6m\x1eU\xe0Rq\x01\x01`P\x01\x96\
*\xb0l\x03\xc4|U`TF<C2\xa8T\xeb\
X\xaf\xf3<k\xefA\x00`\x1c\x00\xf8\xd1s\x07\xdc\
6\xe0\xae]\xd8\x05\x04\x00z\xbb\x070\x0d\xce,\x80\
\x84\x9e\xf2\xec\x02@\xc5\xa0\x9b\xb6\x10p\xdd\xe5\xcc\x02\
\x8e\x8d\xd4\xcbz\xc3m\xfb\xdb\x82\x12\x10\xd9hO\x1e\
i\xd9y\x93\xf6\x9a\x92,]{\x04\x1a\x000k\xbf\
|\xe5\x1d\xfb\xdbg\xd70\x0b>\x0c\xed\xc9&\x00j\
\xb9H\xe3\xb7\xd3\xc5\xd9\xa7\xb0Y\xc9Yn\xee\x0e\xb3\
\x00\xd3\xcc\xfd\x97\x10\xd6\x89\xf4 \xbe:\xbb\x147S\
D\xcff\xa5\xde+K-Y\x07\x09\x06\x18\xd6\xeb4\
\x0b\xc0\xd6C\xccj\x96mx4c\xcf<3\xe1\x1b\
\x84\xec\xdd\xbb3\xc8\x00\xe0\x002\xa9\x0e8\x1e\xe9 \
(T\xfc\xfb\xd9\x7f\xd6\x1b\xcd\xff\xf2\xfe\xda\x1c\xc0\xf7\
\xb8\x09\x04\x00\xd0\xae@\x02\x00\x88\x876\x1e&\xd30\
\xcc\x09n\xdf\xb83k\xbf\x02\x00>\xfa\xf4\x1a\x9b\x83\
\x0eA_,\x09\xc68\xa7\xf6\xf1\xdbN\x17g\xdf\x81\
f%o\x0b\x00@\xa9\x80M\x80&[\x84\xc1\x05\xc8\
\x1a\x80\xd5S\xe0\x0f\x07\xda\x8a\x02\x80f\x9c\x19\x09m\
l*\xfa\xdc\x10\x00\xf0\x09\xaa\xc0q+\xd9\xd0H\x06\
\xa3\xa0\xfb\xd8\x22\x8c\xbd\x01\xf6\xedt\x19@72\x80\
\x0e\x07\x00m\x13\xde\xca\xad\xaf\x06\x8cn\xb6\xb3\x04~\
8a\xb7\x01\xe0{\x5c\x97\x0f\x05\x00\xd2}{r\xde\
~\xfd\xea\xbb\xf6\xc1\xdf\xae\xb05\x18&\xc1\x00\x808\
\x1b\x846\xb6H\x11h\xad\xa2yR\x00`\x00@\x0c\
\x00\x18\x1cN\xb19\xe8^\xdf\x1elb\x02\x00\x18B\
\x06\x80a\xd06\x00\xacUC\xeb\x7f\xde\x06\x80\xf5\x97\
\xd5\x13\xf7\xf90\x00\x103pw:o\xbf}\xed=\
\xfb\xeb\xc7\x97,W\xea\xa3\xc7\x1dd\x04\x90\x06\x00\xb6\
S\x0f\x00\xe6\xfe\x09q\x00\x02\x00\x83\xbb\xe8\x1fL\x02\
\x00{\xec\x19\xec\x02NL\xec\xc2T\xf8\xa8\xef\x0d\xd0\
\x06\x80\xcd7\xc96\x00l\xbe\x0c\xb7-\x84G\x01\xc0\
\xd4\x5c\xd1~\xfb\xfb\xf7\xed\xdd\x0f.\xd8|\xa1\x07\xca\
\x84\x03\xc08\xc7\x0f\x0b\x00\xb0\x0a\x84i\xf0\xe3\x00\x80\
\x86\x00\x13\xfbw\xdb\xd8\xc8\x18FA\xb0\x0b\xd8\x1e\x02\
l\xba\xed\xb5\x01`\xd3E\xb8}\x01<\x1c\x00b6\
3\x0f\x00\xbc\xf1\x81\xbd\xf3\xfe\xb76\x97\xebv\x00\xd0\
,@}[5\x01\x9f\x10\x07\xc0P^\x9b\x834\x1b\
E\xeb\xed\x8f\xdb\xf1\xe3\xbb\xe1\x00\x0e\xd9\x01\x00`\x14\
\x00\xe8\xef\x1bj\x03\xc0\x164\xbd6\x00lA!n\
W\x10\x0f\x07\x00\xb3{\xd8\x05\xfc\xd3\xdb\x9f\xdb\x9f\xdf\
9k\xd3\xf3L\x01\xa6F]\xdf\xbe\xb9\xed\xb3\x00\xec\
=P+Zn\x9e\xb5\x00y\xa6 kZ\x0fPG\
\xec\x87@N3\x00($mV\x08\xe8RC\x9f\xce\
,ZG\xb6\xc6J\xc0\x1d\xf6\xd2\xcb'\xed\xd0\xc1\xbd\
\x0e\x00=L\x03fe\x15(\xd5\x12\x02\x22\x00\x8c\xb9\
\x10p\xfd3\x0d\xdbUo\xff\x91\xc2m\x03\xc0\xf7\xb8\
\xb6\x1e\x05\x00\x1a\x02\xbc\xf9\xce)l\x03\x9e\xb1\xa99\
\xa6\xc4\xd2c\xf4\xfe\x22\x9d\xed\x9f\x05\x88\xd5J\x96_\
\xb8k\x85\xdc$\x00\x90\x83\xf4k\x80@rk\x01\xa0\
%\x03\xc8tT0\x062n/\xff\xf4i;|h\
\x1fz\x00c\xc8\x00\x18\x02\x00\x00\xe96\x00l\xaa\x05\
\xb7\x01`S\xc5\xb7\xbd\x1f?\x0a\x00f\x17\xca\xf6\xe6\
\xbb_\xda\x1f\xdf\xfa\x1an\x00-@\x07\x00\xcd\xa0\xff\
\xb0\x00 \x9d.c\x19x\x14\x0e\xe0\x19;|x\xa2\
%\x03`\x08\xd0\x06\x80M7\xc06\x00l\xba\x08\xb7\
/\x80\x87\x02\x00\x93\xdf\xf3\xb9\x8a\xfd\xe5\xaf_\xd9\x1b\
\x7f\xfe\xca\xeeL%\x1c\x00\x1a\xcc\xb5?\x09!\xe0\x93\
\xe0\x00$\x03h4\x0a\x96L\x95\xdc0\xe8\xcb/?\
mG\x8e\xec\xb7\xb1\xd1qd\x00\xc3m\x00\xd8\x82\xa6\
\xd7\x06\x80-(\xc4\xed\x0a\xe2Q\x00\xb0\x90\xaf\xda\xbb\
\x1f\x9e\xb1\xdf\xff\xe9K\xbb5\x19\xfb\x01\x02@\x8du\
\x0d\xc8\x17\x92\x05;\x80aP\x0d\x01\x8e\x1c\xdeo;\
\xc6wb\x18t\xa4\x0d\x00[\xd0\xf0\xb6\x19\x00\x5cu\
\xed1\x92\x19is\xad\xe7\xfb\xc8\xefcD\xb3\xf2\x93\
(\xba-\x0cre\x14\x1b\xb9\x17\x00H\x19\x18\xb9{\
\xd0\xb2\xf3\xf4\xe9\x9e\x834\xe6\x0au{\xef\xe3s\xf6\
\xda\x1f>\xb7\x1bX\xe8N\xa6\xc7y\x03\x07\xf0\x04f\
\x01\x9e\x0c\x07\x10\x00 \x9e\xc8\xb3/\xe0\x88\xbd\x04\x00\
\x1c\x85\x03\xd8\xe9\x000\x8aY\xb0\xb6\x10p#\xedi\
5\xbf\x9b\x03\x80\x88`<dn\x16\x09G\x0dW\xc2\
\xa8\xe8/\x5c\xcb[\xe4Eg\xd7\x1d\xe7\xbc$\xb7\xe5\
\xa9\x87\x19\xf9R\x98-=r}\xec_\x87/C\xf8\
\x1a\xef.\xdd\xeb\xbd\xc2\x8aK\x0a\xee\xe1\xb4>q?\
\xfa>\xb8\xf0mt\xc7W\x8af\xf9\xc3(\xfa\xe8\xbc\
\xe45\x5cy\x94Q\x04\xad\x97\x8b\xdf\xf3rQ7u\
\xe9C\xbdn\x10\x89\xfe\xfcs\x9dy\xa8\x0d5\xf8\xbd\
\xff\x1b=j\xb9\x00\x00\xc1Ox,\x00\xa0L\xf8\xb6\
P\xac\xd9'\x9f_\xb4\xdf\xbc\xfe\x09\x86A\xcb\x96\xcc\
\xee\x84\xfdG\x15X\x8br\xb6\xd1I\x11(^/3\
\x03p\x8f\x99\x80;V\xaf\xcec%H\xd0\xa3\x85@\
\xec\x10\xb4\x05\xb3\x00!\xafH3\xe0\x00b\xb1\x05\x00\
`\xc8~\x8a\x0c \x02\x80\xc1\x81\x11,\x06w\xc2\x1d\
0\x0b@\xa5\xc7\xa4v,\xf8s\x03\xa5\xcb\x0ap\x1b\
\xcb\xe1\x87\x10\xf4\xd6\x02\x80Z\xa5S\x92\x8a&,d\
Q\x83W\xd5,Qd(\xb6PE-\x82m\x91\x84\
{\xd3\xb5\xb7_\xf9\xd0\x05\xd6/\x1d\x04\xf4\x1c\x82\x87\
\xb8\x9a:\xe3\xafI\xcdKS^Z\xe8\x22:\xfd%\
\xf8$\xaemj#\x22\xe03\x19\xac\x94\x7f\x9di!\
\x1e\xea\xf2\x14\xc5dH\xd3W\xb2y\xc4\xc1\x9f\x92\xa9\
$\xe8\x1b\x9d\xe5\xa2\xb3\xdf\xdc\x17Bx\xd9z\xe4q\
\x85\xa0<\x0b\xfe\x98$\xd6\xe2\xa1$\x04R\x8b\xfb\xd7\
\x08\x00\xdc\xef\xb2\xc0\x97]zT\xfcD\xde\xb4A\x88\
6\xcc\xd0\x86\x1c%8\x80/\xbf\xbal\xbfz\xedc\
;{5o\xc9\xae]d\x9bi\xb8\xba\x02X%\x90\
(\xb0M\x9e\x05\x00\x89F\xd9\xca\x85\x19\x9b\x9f\xbbi\
\xd5\xf2\x5ck-\x00\x00\x00\xf1\x1b \xb0\xf9i@\xd5\
\x17Y\xa9\x17\x09o\x1e\xd3\xe0\x83\xf6S8\x80cG\
\x0e\xd8\x8e\xb1q,\x03\x0f[6\xdbe\xf1\x08\x00\xe2\
\xacO\x00\xf8e\x0f\xa1\xb5tj\x93\xb9\xfc_\xe3\xf3\
\xcd\x01\xc0\xf22\xf2F\xecM\xbd\xf54\x5c\xfb\xe3\xe5\
\xfe\x96_S\xc1\xa1\x99F\x8du\x898\xe5MOc\
\x8d\x88\x03X\xe6\xc7\x03\xe5\xde\x0dB\xd2>Za\x0a\
\x00\xf4\x1f\xfa\xd9\xd6C?\x85oe1W\xad\xca{\
\x8ce\xafE\x96Z\x14\x19\x85\xa3W\xe1:\x84\xa7@\
\xc3\xdb\x10\x8e~#\x02\x0eO\x96\x05\xb6\xf4\xf1\x03\xe1\
)\x0c\xf9\xf7\xef\xd5\xbau\xad\x88\x96G\xecOW\xfc\
\xe0U\x00\xa0\xbe?@^\x00\x80r\xb1a_\x7f}\
\xd5\xfe\xfd\xd5\x0f\xec\xf4e\x96\xe5\xb27@\x03\xe2\x8b\
a-(\xc4\xb2\x22\x9c-\xba\x0d\x00P\xb1Jq\xc6\
\xe6f\x05\x00\xb3\xdb\x0a\x00M\x00`\xff\xc4\x00\x1c\xc0\
I\x00\xe0\xa0\xed\xdc\xb1\xc3\x01\xa0\xb33\x00\x80\xf0?\
\x9e\xa0\x16Y\x03!\x0e\xa0\x0d\x00\xeb\xaf\xe8\xc7\x06\x80\
\xe5\xedVMYGh\xc8\xbci\xbd\xf4\x95\xc6\x91G\
\xf7\x10<\xfae\xd4\xb3\xb6>V\xbf\xa6\x06.\xef\xd1\
Y\xaf\x12\x10\xa6\xb3\xca\xe1S~C\x5c\xe2\x02\xe4Y\
~\xf4M\xf8\xe1\xe4=m\xe8\x04\xf5N\xce\xcf\xadt\
(\xda\x88<\x5ca\x86\xf0\xe9;\xfc\xf0p\xc2'Q\
p\xe1\xccG\xfe\x8eo\xd5\xb8\xb4\xfb\x8d8\x8d\xb0\x1f\
\x8e?\x0c_\xc9\x13\xb7:EG+87\x97-\x93\
\xd9:\xdc\xc9\x1fG\x08\x98\xe7Q0\xd1\x87\x91\xbfV\
bW\x03\x80\x0a{\x03\x9c9s\xdd~\xf1\xbb\xf7\xed\
\xab\x8b\xb3\x96\x14\x00\x18\xdbe\xfd@\x00@eYG\
\xe1\xa8\xd9\x9c\xb3}{\xfb\xec\xe5\x97N\xda\x89\xa7\x0e\
\xd9\xee\x9d\x08\x01\xe1\x00:;\xbb}\x08\xa0\x8a\x08\x00\
\x10\x86\x00\xde\x11\xb4\x8a\xb9}zx\x09l\x0a\x00\x02\
C\x1b\x8a[mY\x877\xe8\x16\x05\xbbB\x1a\x04\xb6\
H\x0d\xf2\x10\xb5t\xaeE\x8c\xfe\x11\x8d\x5c\xfd\xbc\x0e\
}\x1a\x1d\x5c:\x91E\x00\x10}*\x9aP\x98NL\
-\x82qzQT\xbc\xacr\xb0U}\xa0-z\xfd\
\xa6\xb4c\xd8\xc2\xaaQeq\x09\x1bY\xe8\x5c\xabV\
\xacV.\x87s\xbd\x86\x02M\xc8M\xc8\x84\x22h}\
O\x22c\x09\x88\x9e#\x89\x9am*\x95r\xab;\xa9\
T\x06\x93T2\xc2\x99D\x03/\xc9{v\xa5m\xb1\
\x16-lZ\xcc\xb6\xc2r\xe2'\x83\xde\xe3+m\xad\
4F\xe9T\x9e\x9c\xabPF\xa2\xf2\xe3\xd2\xcb\x88\x97\
\xab\x01\x00Y\xb0s\xe7n\xda\xcf\x7f\xf3\x9e\x9d:?\
m\xa9\x9e]\xc4\xd9\xf1\xc3\x02\x00\x86\x00\xcd\xc6\x9c\xed\
\xde\xd5m/\xff\xe4\x84\x9d<q\xd8\xf6\xec\xda\xcd,\
\xc0\xb0uu\x09\x00P>\xa2\xe0bp\x00\xaa1\x01\
t\x1b\x00(\x8au\xba\xc7\x06\x00\x85/\x96\xd6\x09o\
E\x91/\xb2\xb5\xd4I\x00\x01\xf7\x0c\x15p\xe6\xf0F\
\xad\x00Z\x84\x10\xb5yUa\xab\xed\xb7\xc2\x0d\xf7-\
\xafxo\xb1\xd0\x1a\xebq\xc4 \xda8\x00\xd3\xa8\xd5\
\xacV)[\xa5\xc4\xb8\x94\xebB\xad\x81u\x9cF \
\xeeb\xc9\xeae,\xd8\xb0\x81E~v\xc6jEl\
\xdas_/\x15\xad\x86\x7f}\x17\xab\xd4,\x8e\xff\x88\
\xd1W|r\xdeCC\xd41\xac\xce$\x19k&\xd3\
iKg \xfa\x14\xe7^\x8cRvc\x9b>\x9d\xb1\
t\xb6\xc3\xd2\x1dY\x7f\x9f\xc0O\x02\x90\x10(\xe8]\
*\x93\xe1\xb96\xb1\x04 \x1aN\xe24Vb\xd2P\
\x9d\xb2\xd0p]y\x96\xd3[mn-\xeeb\xb1 \
x\xaf2{\x00\x00\x00\xb6Z5f\xe7\xcf\xdf\xb6\x7f\
aw\xa0/\xceMY\xb2g'e\x9a\xfd\xc1\x01@\
\xa3>\xcb\x86 ]\xf6\xd2\x8b\xc7\xed\x99\x93Gm\xcf\
\xee=\x00\xc0\x10\x00\xd0\x83\x8e\x00\x00\xe0\xd8\x1bZ\x8e\
\x04\x91\xde\xb0\xf8m\xbbG\x97\xc0\xa6\x00\x00\xde\xacU\
\xd6\x81}Wt\x01\x10B\xc4\xdes\xebA\xebP\xaf\
\xe7D\xef\x84\x0cN\xabq\xcb\x11\x8eC\x89\x7f\xcc\x15\
\xe3\xfe\x06=\xb6z\xe5J\x8d\x9e\x9ai\xad\x1a\x04\x5c\
\xadB\xb0\x22^z\xf0\xa6\x1fe\x88Y\xc2\xa8\xbc\xe5\
\xe7\xd9\xb16\xcf\xa6\x95\xc5\x8a\xcd\xce\x97\xacTf\x8c\
Z(X\x95\xa3\x01\xb1\x9bv\xb0\xa1\xf7O\xd0\xdb\xeb\
\x88G\x07q\xb0\xfb\x94up\xc4Ee\xad4-%\
\x9b+%\x94C@ N\xa0I\xafS\x86\xd0\xab\x99\
\x94\xc5\xc5\x11\x00\x0a\x22r\x11\xbf@\x22\x95\x01\x10:\
;\xad\xab\xa7\xc7\xba\xfbz\xad\x93\x86\x9a\xc1\x8am\xa6\
s\xd0R\x5c\xa7\xd8\xf26\xd1\xcd\xae\x97YV\xee\x01\
,\x0d\xc2V|\x8aZ\x00@\x93v`\x13\x08\xb8\xe0\
\x92\x17\xf7\x03\x00\x9c\x8c\x03@\xdc.\x5c\xb8\xeb\x00\xf0\
)\x9b\x84\x88\x03x\xa2\x00PB\x088{\x0b\xe0\x95\
\x0c\x000\xe6o+\x85\x80*\x90\x06\x1c@\x03\x0e`\
\xe7x\xd6^x\xe1){\xf6\xe41\xdb\xb7\x07\x00\xd0\
\x10\x00\x0e@\x1c\xd9r\x00hs\x004\xa0\x0d\xb8\xc7\
\x07\x80\x16k\xed\x12vI\xd6\xa9\xac\xa87S?\xad\
\xc6,\xe7M\x9b\xd6-\xda\x0f\x0f\x03iAF4\x16\
zo\x08\xb9Q\xa9Zia\x81\x86\x04\xe1\xe6\xf3V\
\xceq](\xfa\xb6S\x95\xf2\x02=\x1d\xcf\x8bE\xa6\
\x9d\xf2\x1c9zn\xf5\xde%\x9e\x07\x00\x10\x08\xa8'\
\xaf\x11\x96\x04}\xc5\x12\xc0Q\x86\xcd\xc7\x0f/,\x09\
\xb7\xa0}s\xbb \xb6\x0c\x09\x93\x8c\x1aY\xb5\xa5 \
\xbc\x14\xf7\x19\xf8p\x1d\xce\xb9\xb4\xd2\x19RI\xfa\xb8\
\xd0\xb5\xd2\xeeg.\xeb\xe47\xcf}Q\xf9\x06\x144\
\x1b\x81\xf8\xb9u\xcd\x0bl\xf3\x8bKP\xef\x9f\xea\xe8\
p@\x88\xb3\x91E\xbco\xd4:\x06G\xac{d\xc8\
z\xd8\xe5\xb6o\xe7\x98\xf5\x8c\x0e[\x0a\xb0h\xe8{\
\xc2\x16\x03\x9bpR\x22J\x00@\xd7\x8a{i\xa8 \
N\x05\x00`XSo$\xed\xd2\xa5{\xf6\xf3_\xbf\
k\x1f\x7fu\xdb\xe2]\xe3\x80T\xe7\x13\xe1\x00\x92M\
\x0d\xa1\xe6]\x08XF\x18\xb8\xf5\x8b\x81\xd4A\xd0\xb1\
4\xa8C\x9bG\xfb/c\xcf?w\xd8~\xf4\xf41\
\xdb\xbbgoK\x08\xd8m\x99\x0e\x84\x9e\xb0L\xc1\xfc\
\x98\xe6\x83$\x04\xa4\xc0\xdan]%\xb0\x09\x00\x80 \
4\xb6\xf6\x9eQ\x00\x00K\xca!\x81\x9a\x1a\xb2*A\
\xd5\xa0f\xadC\xd7M\x88\xb1Z\x11\x91\xe7\xac\xb8\x90\
\xb3\xc2\xfc\x9c\xe5\xa7g\xad4?o\x0b\x93\xf7\xac4\
;g\x0bSSV\x9a\x9bw`H\x8a\xc5/\xb2\xd0\
\x84\x1db\xc4\x1144V\xaf\xb1\x12M\x8a.\xdc\x8b\
$\xe1\xa69\x84\xfbrMLc7l&_\xe4\xb5\
z$\x88\x1b\x0fY\xc6\xe7Y\x88?\x0b\x91-\x11?\
=m\xf4\xad\x12,nF.$\xdeO\x81\xf8C~\
\xdc\x8b?\xc5\x0b\xf1A\x82L\xc6\xd1@\x09C\xb9\xd3\
!&T\xa9\x12\x08y\xaf\x8e?\x7f\xc7\xb9\x1cOY\
\x81\xcd,\xaaL]1\x81mi8\x83\x91\xfd\xfbl\
\xdf\xf1\xa7lt\xdf^\xeb\x1d\x19as\x8fn\x1a\xb3\
,\xfa\xa8\xfc\xd4\x94\xc3\x9f\xa2\xf5x\x88+F\x0cq\
\x19\xfc \x9f\x02\x80\xabW\xa6\xed\x7f\xfe\xf6\xaf\xf6\xc1\
\xa9\x1b\x84;\x06\x87\xd2\x05\x00\xe0\x11\x9f\xdb\xe54\x0b\
\xe0\x00PY\x80\x03\xb8\x09\x07\x86]@\xd2\x95\x90\x04\
~\xcbV\x03\x06\x00hbo\xd0\x9a\x0b62\x92\xb2\
\xe7X\x0e\xfc\xa3g\x8e\xdb\xbe\xdd\x00\x00@*\x19@\
\xa6#p\x00\x948Yn\x03\xc0F\xeb|S\x00\xa0\
2\x17a\x88\xd2h\xe3p\x00\xd8\xaa\x13\x04\xf8\x18\x9d\
\xca\xe0\xac\xde\xbd\x9a/Xqn\xcer\xb3S6s\
\xf7\x96\xdd\xbdy\xc3\xee\xde\xb8a\x0b\xf7\xa6\xac\x0c\xeb\
\xde\xa0w\x8f1\x1eOA\xd4I? l\xbeMC\
\x94=\x98\xb8\xce@\x11\x0a_=B8\x88SDB\
\x85G\xcf\x1a\x0c\x1bj\x8c\xffK\x80\xc4<\xdc\x00/\
0\x1a\x09\xe1\xc3\x22v\xc0\xb2g ~\x86\xdd4\x5c\
\xccZs`\xb1\x8e#8\x11\x17;my^\xc4\xc9\
DN\x04-\xdb{\xe1/<U~\xe5E=\xb3C\
\x1c\x0f\x02\x91\xb7\xce<\x95\x1f\x9f\xd5\xf0o\xc3u\x09\
.a\x01!b\x1e\x93]E\xf2X\x80\x80c]]\
\xd6;\xbe\xc3F\x0f\x1e\xb0\x89\xe3\xc7m\xec\xe0A\xeb\
\x1b\x1dc<\x82U\x1f\xe6\xb3\x13\xa48\x9d\x10\xef\x02\
\x84\x12\xa9\xd2#B\x93\x8e\xbcPB\x00p\xfd\xfa\xac\
\xfd\xdb+\x1f\xda\xbb\x9f^\xe6\xbb1\x84b\x00\x0c\xfb\
\x06\x86Tr\xda\x06\xf7\xa4\x00@\x05\xddl\x22\xa3a\
\x1aph(i\xcf>s\xd0~\xfc\xa3\x136\xb1w\
\x9f\x0f\x01$\x03\xe8\xc8\xc2\x01\x08\xc9\xc5.Q\xf2m\
\x19\xc0\xc6*\xfc\xf1\x01@\xc5M\x997\xbc\xbb\x82\x04\
`\x87\xa5\x8d\x85D\xce\xea\x12\xc8\xc1\xd2\xe7\xee\xb0\x83\
\xec\xad\xdb\x1cwl\x96\xeb\xc2\xbd;\x96\xbbw\x1b \
\x98\x85\x03\x98G\x5c\xcf\xd6\xd2\x10\x82Xt\xf5\xce\x9d\
\xea\xa5\xe9\x01\xd3\x0a\x0b\x82\x8e\xd3\xdbwCMi\xa7\
:U\xb28\x8d\xa5\xb3\xe4\xf65\xbe\xafB\xf8\xe5*\
\x07c\xfc:s\xc1I\x96\x88j\x87\x9c4\xe1i\xef\
z\xb1\xfa\x22\xf6\x14D\xe8b8\x08SRy2\xef\
\xa5U\xe5F\x00\x10\xb1\xd9z\xa87\x22\xfc\x00\x00\xe1\
\xde\x9f+z^\xd2\xec On\xfc\xd0\x9bp\x1d\xbe\
k\xf5\xfc!x\x0f\x0by\x9d\x95\xc8W\x99s\x1dj\
\xae\xe0\x9f\x91\x0a\xdblB\xdc\xdd=\xd6\xbbo\x9f\x8d\
\x1d=j;\x9e:j\xfd{\xf7X\xf7\xf00\xc2E\
\xa4\xdcM\x00\x80<4%8$\x96\xa0\x07\xd0\x02\x80\
z\xc2n\xddZ\xb0_\xa2\x08\xf4\xd6G\xdf\xa2\x7f3\
\xc2\xd0\x03\xc3 ?0\x000d\x00\x03\x031{\xe6\
\xe9\x83\xf6\xc2\xf3O\xdb\x81\x89\x09\x9f\x05\xe8\xee\xee\xbd\
\x0f\x00B\xa9\x8b\xefS]\xb4\xddzJ\xe0\xb1\x01@\
\x8dQ\xb4\x1fhH} }\x7f\xa5h\x05$\xed3\
\xd7\xaf\xdb\xd4\xe5+6u\xe1\xa2\xe5n\xdc\xb2\xda\xcc\
\xac5ry\x8b\x17\xe6-Qfq\x07\x04\x9f\x14;\
N\xa3\x8e\xcb\x80%\xbdv\x06\xf3\xce.\x00\x83\xbax\
\x0c\xa1*p\x11\x9bz\xda\xc0b4!\xa0\x06D,\
\xf6Z\xacv\x19\x90(J~\x00\x90\xd4H\x8c\xc6\xe3\
b\xf9{\x00\x00\x11\xbdc\x05\xc4\xa6&!\x82W\x9c\
\xdeo+\x5c\x85\x1a\xa2p\xce\x85\x01\x86\x13\x18\x8f\xc3\
Y\xf9\xe3J\xf9[\xe4\x00Z\xef\x04\x00\xd1\xb0#j\
j\x91JoL\xf2\x00\x1d\xfa\x8eC?\xaed$p\
\x94\xb6Z\xab\x1f\xb7X\x0a\x10H\xd8B\xadis\xa4\
\xb1\x98\xed4\xc3\xde}\xe7\xc4\x1e\x1b=v\xd4\xf6\x9e\
8a#\xbb\xf7!\xe4Bv\xc0\x94c\x1cnF\x19\
Y\xae\x08\xd4\x00\xb5n\xdf-\xb8*\xf0\x1f\xffz\x16\
\x83\xbc\xc8\x13R=a\xfb\x00ed\x9b\xdc\x13\xe3\x00\
\xbc\xf8\xca>\x0d\xd8\xd7\xd7\x04\x00\xf6\xdb\x8b?~\xd6\
\x0e\xee?`\x83\x9a\x06\x048\xb3\x9d\x94\x0d\x1c\x80d\
\x00m\x00\xd8x\x85\xaf\x0a\x00\xden\x09K\x84\xe3.\
z@\x9bR/IS\xf6C\x8fE\x0c1\x08\xb8\x96\
\x9b\xb7\xe9\x9b\xd7\xec\xf67\xe7\xec\xfa\xd7_\xdb\xfc\x95\
+Vc\x5c\x9fF*\xdfC\x03\xcf@\x08Y\xc6\xf2\
\x9d\x1a9C\xf4\xdaN:\x01\xb1J{Kc{'\
z\x22L\x10\xa0*\xd2\xc7\xb8|S\x87e\xae\x89\xe8\
IM\x1d\x8a\xae\xf1\x9d\xceL\x81c\x09\xb7jy\x09\
\x0e9k>8\x9b\xcdZ/R\xf8,\x1c\x818\x0b\
'\x01\x82\xd2\x16\xd2\x22\xfc&\xcf\xc4K\x0b\x18\x02\x04\
\x08\x06\xf4^w\xca\x8d\xd3\xad\x9f\xf5s\x1f\x00\xf87\
\xe1U\xe4\x93\xa0\xdc\xf9\xc9o\xc2\x83\x10\xaa~\xa3+\
\x95e\xdd\xd21\xd2\xa9\x92\xc3o\x9d\x82\x94\x0d\x9d\x0a\
\x22\xec<\xc7,\xf9\x9a\x22\x9d\xb3i8\xa0\x9d\xe36\
\xf1\xec3v\xf0\xd9\xe7m\xf7\xa1\xa7-\xc6\xa2\x97x\
V @>\x18\x7fK\x158L\x7f\xc6\xed\xee\xbd\xb2\
\xbd\xf2\xc6\xa7\xf6\xfa\xdb_[\x8d\xdd\x81R\xe9>1\
a\xb8e\x09\x0e\xc9\xdc\xb2\xdf8\xc4\x96`\x18R\xaf\
\xcc\xbb\x0c\xa0TdoB\xe4\x12\xda%xi-\x80\
\x86-*|\xf6\x10x\x0c\xb3\xe0!\xfd\x82\xde\x8a\x03\
@/\xac\xe0\xc9\x93\x13\xf6\xd2\x0b\xcf\xda\xa1\x03\x07\xe0\
\x08\xd8\x1f\xd0\x01 K\xb9(\xaf\xaa\x15\xb5\x1d]?\
:\xef\xa1\x0e\xd7\xe3s\xcb\x8am\x1b\x03\x8ar\xa3(\
\x1e\x9d\xf7\xe5\x09\x09\x00\x10\xca\xce\xbf\xd5\x82\x15\xaa\xcc\
\xfd\xa8Gfv\x87)7\xeeuN'\xac\x0a\x0f]\
h\x85\x90\xa6'\x8fC\x80\xb9[7\xec\xd6\xe9\xbf\xdb\
\xe4\xd9\xafm\xe1\xe2y+\xdf\xbai)$\xf6\x19X\
\xf8,\x8d\x22\x8b\xa1J\xb1\xdf\x19\xfc3\xba\x85\xe89\
H\xa7\x1f\x8a\x8b{\x8d\xe5\x05\x02\x02\x1d\x1f\x9b\xf3L\
\xaf\xe2\x10v\x85\xde],s\x15V\xb8\x02k_`\
\x0c\x9dcZ\xaf\xc4\xa1\x1e5\xc9\xb7\x1d<\xcf\xd2K\
\xea\x9c`\xd7\x0c\xf5\xee\xfa>*\x0e\xf5\xcca\x91\x8c\
^\x84\xa7\x01\x08\x14\xa7\x9a\x8d\x9e\xdf\xef<\x88%\xef\
\x8b/#\x8e\xc0\xbf (\xb5\xf3\xe0Z\xb1\xb5\xbe\x09\
\x8d1\xc4&\x8e&\xe9$\xcfK\xbd'\xf3\x82\xa8:\
\x82\xb3*i.\x92\x98\x19\x80k\x06\xea\xad\x22\xd8\xca\
\x0c\x0dZ\xf7\xde\xa3v\xe8g\xff\xbb\x8d\x1c9j\x1d\
#\xfd\x16\xebd\xdaQJ\x02\xe8\xe1K\xa6\x11C\x06\
0u\xb7l\x7fx\xf3K\xfb\xfd[\x7f\xb7\xf9j\xa7\
e\xba\xd9 \xc4y\xa9(\xe7Q\xda\x88R,\xdb\x16\
8\x85\x9c /\xf5*\xc3\xbc\x85[X\x05b)b\
\xbd\xc4\xd0M\x12\xf8\xb0\x18\x881\x8b\xd7\xaf\xf6\x04\xf0\
\xbd\x01\x88:pI\x1bH\x00\x05\xdbd\xb6\xc1\x9a\x05\
6\x03m\xda\xf1\xa7\xf6\xdaK?y\x06\x00\xd8k\xc3\
\xc3C\xd6\x8b.FG'z\x0f\x9a\x9a%X\x95\xf7\
\x83\xb9n\x15\xf7\xb2h\xe57\xf8\x0fus_G\xb7\
\xcc\x9f{\x8a\xee\xa3\x80\xf5\xe1j.z\xbf\xfc\xddb\
\xc3\xe0\xe5Z\xdf-\xf7\x8f\x1f\xf7\xd6\xaa\xa7\x987b\
\x05\xbc\xe2\xfb(.\x7f\xa5/\xa0\x15\xffR9Y\xcc\
\x0d\xd7\x8fvK\x00\xa00\x08\xb0N\xa4\xcc\xb2\xfb\x97\
\x12\x9a\xc5aQ\x05\x00N@\xb0\xe9\x15P!\xaf\xe7\
\x1a\xbb\xe7rv\x97\x1e\xff\xca\xe7\x9f\xd8\xd4\xd7\xa7\xac\
y\xeb\xbae\x17f\xad\x0bI\x7f\x17\x04\x9c\xa1Q'\
%\x19\xa6ax/L\x8f.\xf6_\xa1GS\x86\x02\
\x1c9\xa9\xd7*?A\xc56\xb0\xe7\xcaJZs\xee\
p\x08E\xbc\xd5\xb8.\xd2\xf0g\x11\x18\xe6\x98\xfa\xd3\
~\xf4i*\xbf\x13\xe4\xc8\xf2\xbd\xa6\xf8\xd4\x04\xf5\xab\
\xbe\xe0Q\xee\xd1>V\x0f!\xa4x\xf5w\xab=U\
<:T\x9fKM5\xf8\x0c \x808\x04\x0f\xe4\x08\
+\xf8M\xe4\x04:\x98j\xec`\xfb\xab#/\xda\xbe\
\x97~j{\x9e=f\xd9\xf1\x01\x8bw0\xbc! \
\x01@B\x000Y\xb6\xbf\xfc\xe5k{\xed\xcdS6\
]L\x03\x00\xd8\x05\x8ci\x92\xf3A\xe7\xf2\x9a\x07\x1f\
o\xf8IDh\x8d\xda\x82\xe5s\x00\xc0\xc2m\x86\x1d\
\x05\xea\x82zn\xcd\x02\xa0,\x11\xda-\x1c\x8bs\x00\
\xaa\x11!\xfez\x9d{Ug\xc1\xde\x00\x08\x02\xbb\xb2\
M{\xea\xe8\x1e\x00\xe0i\x00`\xb7\x8d\x8c\x0eb-\
XB@\x86N\x92\x91P\xc2\x01\xc8\xef\x8f@u\xb5\
\xbc\xbeV\xde/\x92L\xe4):\xeb;\xd1\x04\x8e\xaa\
\x08N\xe7\xc5\xf7\x5cD\xcf[\xaf\xc3I\x1eZ]D\
\x04\x00\xeeU\xdd\x9a>X\xf1\xd1\x8a[\x85\x1fT\xe8\
\x15\xb9Z\x87\xba\xa6\xe8[\x1e\xe1<=\xd1w\x0e\x12\
\x1a\x10\xcb\xbf\xfc)G\xd1K.\x1f\xe1\x96\x00@\xe9\
\xc6\xb1\xe5\x1c\xd8\x1e\xb2 b\x8a\x0b\x8d\xb4\x0f\x95\x02\
%Cu\x81\x00=p\x19A\xde\xf4\xe93\xf6\xedG\
\x1fx\xef\x9f\x9c\xbek\xbd\xe5\x82\x0db\xc8\xb1\x97\xc4\
dI\xb68\x08}'\xf6]s\xe5\xca\x0a\x11*\x8f\
<\xa3\xef&H\x17\xbc\xf1@\x99Rf\x1d\x00\xb8\x8f\
\xb2\xa1\xbd\xdf\xaa\xd4\x84\x08\xa2\xc4\x91#\xee\x19i\xf7\
\x11N\x12\x09\xbf\x88\xbe\x03\x1e\xbe\x83\xf04k\xe0\x05\
\x06\xe8\xe8\xea\xfb\xe6\x94\x22?\x94\xdfV\xe2T\x165\
\xd2]\xa7l\x9b\x80YM\x82B\x86E\x05\xa61g\
!\xa6\xe9\xce1\xeb:x\xd8\x0e\xff\xc3Ol\xe2\xc7\
\xcfX\xf7\x18\xcaD( \x89\xd8\x12,\xfc\x99\x9d\xa9\
\xda;\xef\x9e\xb6W\xfe\xf8\xa9M-\xa0\xe7\xd0=F\
\xd9j\xe6\xe0A\xb7\xf5\x00 \xbd\x8c[\x80\xc0m\xa6\
ms\xce\x01\x04\x00\xa0\xeb\x10\x10\x90\xc9\xa6\x03@h\
Q\x11=<\x98\xb2U\x9ex\x01\x09\x004d,Y\
gG\x0b\x00^<i\x07\x0f\xb27\x80\x03@/2\
\x80\x08\x00\x02\xf9\xab\xdd,9\x95nh\xcb\xd1\xb3\xf0\
$*\xfd\x08\x90\xe5Io\xf4<:x\xb4\x12\x00\x14\
\x88{\xe3\x85d:K\xc1\xb4\x9eG\x1e\xa23uJ\
\xb8:\xe2\xae\xad\xb4\xfc\x03\xf9y\x88Sz\xfcP\x8e\
\xa2\x83K\x05\x11%U\x9f\xabP)\xe3\xf00\xf2\xb7\
\xfex\x02\x00( \x05\xdarN\x94\xd1\x8d\xce\x9e\x10\
\xc8\x98<k\x1c]\x98\x9a\xb6k_|a\x17\xde\xfe\
\x8b\xcd]\xfc\xd6\x12\xf99\x1b\xa4@\xbaQ\xd8\xe9\xa5\
\xc2\xbai\xc4)\xbe\x11\xc17@}\x8dZu\x88\xc8\
\xd5\x03**\x95\xadz\xff(.%YyQ5\x0a\
\x04\xa2,H\xd0\x87d\xcb\xc7\xfes\xf4\xfa3L\x19\
\x96\x09[\x1a`i\xc6\xfb\x02\x80\x0c\xfeE\xfc\x1a\xf7\
\xcbi\x0a\xed\xfb\x08\x00\x9e8~<\xaf\xbaQA\xe0\
\x04\x86^\x85\x94\x9b8#q`\x15Z\x1f\x0b|m\
\x06\xc5\x9eY\xec\xdfw\x1f<hO\xfd\xe3\xcfl\xff\
s\xcfZvp\xc02\xc8;\x12L\x11\xe6rM{\
\xef\x83\xb3\xf6\xabW\xdf\xb3\xc9\x99\x86u\xf6\xee\x22\xc4\
,GT\x82\x8a!\xb8\xad\x06\x80&\xd6\x80\x8bEf\
w\xe0\x004\x1cH\x02\xf2\x09\xe7\x00\xb6\x1e\x00\xb2\x02\
\x80#\xbb\xec'\x02\x80\x03\xbbl\x0c \xec\xeb\x17\x00\
\xa0\xf7\x80\x9c(t0\xe2\x02T\xa8\xad\x82\xf5lG\
\xd7\xd1\xb9U\x18\xf7\x9d\xa2w\xad\x9aqN\x85k\x7f\
\xacg\x5c\xe8\xbau\xb28\xb30\xc86\xd4\xd9,\x95\
s\xf0\xa7\xba\x0c\xcfC\x04\xfe\x19u\xe9\xcf\xe4%r\
\xad\xb0\xc4\x19\xafx\x8c\x0f}\xa5\x90E\xd0\xbcE\x10\
\xdeT\xcf\x1cqP<\x12-\x05\x87_\x81\x91\xbe!\
\xac\x00\x16\xadW\xeb89\x00(:\x8f\x92\x1f\xe7(\
8+\xae\x88\x1b\xd0\xec\xbe\xe6\xf4\x93\x08\xdb\x8aw\xa6\
\xed\xd6\x17\x7f\xb7\x8b\xef\xbcc\xf3g\xbf\xb4\x0ez\xfd\
\x1e>\xea#\xee\x0e\x8cDd\xe9\xbd\xc4\x80\x8a\x19Q\
\x98*&\x1d\x02\x00U\x8e\xc6\xf9\x0a[\xef<\xd9P\
\xbd\xae\xf5\xa3<9\xa0\xe9\xacG\xe4\xb2\x00\xfb\xdf\x80\
\xd0\xab\x10\xf84r\x85\x05\xd8\xffD\x9a\xb9}\xd4m\
\x93\xf4\x82\x8aK\xd3\x84\x02\x9c\x84\x03\x80zS\x00`\
\xa9\x84\xf0\xf1\xdd;\xe5\xd1\xf3\xc9\xd9\xf3\xd9:+e\
\x01*I7ypE*\x95\x0f\xe9\x97\xc0S\xf6v\
g%$\xc4\x00f\xf6\xe0\x11{\xea?\xffg\xdb\xfb\
\xf4\x09\xb4\x09G\x5c8XB(\xf3\xe1'\xe7\xed\xdf\
~\xf5g\xec\x02\x22p\xed\xdbC\xf8l\x12\xe2\xb1(\
\xf4%\xb7\xd5\x00`\xd8\xeb+\x15\x00\x008\x80\x1aJ\
A\xe2\x18\xb7\x14\x00h\xd8MI4\xd1\x06\xccv4\
\xec\xe8\xe1]\xac\x078\x89m\x00q\x00\x03\xd6? \
5\xeb\xa0<\xe5]\x07e\x16$+QI\xeb\xac\xd2\
\x96[^\x03\xe1\xc9\xfd\xbf\x91\xbfV\xedD\x8d\xd4\xbf\
\x0f\xef\xa8\x1e\x0f\xa7\x810\xb7\xc9\xa1 =\xd4\xd0\xef\
\xf0\x8e.\x0fOK\xcft\x15\xbeUg\x18%E\xf2\
.]\xeb\x8dR\x1c\xdd\x87\xbb\xf0I\xf4\x95\x03\x87\xa8\
iI\x8f\xde\xbf\xc3Wp\x22\x98\x10#E\xa0\xaf\x04\
\x02\xebw\x8b\x00\xa0\x1eHaiQ\x952\xaa4\x0a\
\x00*<D\xdc\x83`\x8d\xa9\xb6\xbbw\xed\xe6\xc7\xa7\
\xec\xda\xbb\x1fY\xe1\x9b3\xd6\x83\x0ah\x1f\x12\xd8\x0c\
\xbd~\x9a\x8a\xea\xc0oR\xf3\xf7\x04\xa0L\xa97C\
^\x8d\x14?\x0c\x03\xd4/k\xebJ\xb9\x90\xec\xc0\x01\
\xe8^\xf3\xedr\x9e\xf1p\x09w\x80\xb4\x9fq\x7f\x0e\
\x10\xc8\xd1\xf3\x17\x10\xfai\x1a\xb0\x03\xf5\xda$\xfa\x02\
\x02\x94\x14\x15\x95\xe6\xa3\x14\xe9\xd6pE\x9fJU\xf7\
\xfb\x08\x00\xe2v\xe4\xa2<\xb6n\xc3C~\xa3\xc6#\
\x0f*?J\xc7\x87\x03y\xb4\x08\xef\xc526\xd3\xd1\
k}O\x1d\xb7\xa3?\xfb\x99\xedy\xfa\xa4\xc5{\xfa\
\x90\x8bt\xd9\xa7\xa7.\xda/~\xf5'\xbb\x8b<\xa0\
\xa7w/\x01=\x19\x00\xd0\xa6\xa0\xa5\x22\xa6\xc1\x11\x04\
VQ\xd9\x16\xe8o\x0f\x00\x141\xff\xd5\xc0\x1e\xa08\
\x80\x13\xce\x01h\x08\x10\x01\x80vC\x12\x07\x10\xe4H\
\x81\x1dv\x82\xf3\x92U)G%M\xebh\xb5\xadp\
VAG\xaf#?\x8b\x0f|\x08\xa0f)\xcdNi\
\xa0J\xbbTr\xa7\x0a\xb3Y5d\x135\x86\xa35\
\xf4Oj\xfe\x0e\xe8&\xea\x06\x9d\x90\xd4\xd0+LO\
K{U\x11\xc4i\x8f\xda\xc5Xg\xe9\xa7$i\xd3\
:k]IB\xf21?\xf3^\xef\xfc9\xc3;\x92\
\x01\xfe\xfb7\xda\xefQ\x86N\x5c\x8e\xa6|\xf2\xc2\x81\
\xc3\xf3\xa7\x9fV\xa6D\xfb\xb4\x9b\x8d8\x07\x00\x01\xd8\
\x22\x00\x84\xf2\xf30\x9a\xf4\xecU\xf8\xfe:\x99\x95\x12\
\xcf\xf5\xbf\xfd\xcdn\xbc\xf5\x815\xce_\xb6>\xe6\xf4\
\x07\xd8'\xbe3\xc9\xf8\x06\xa2\x17\xe1k6\xc6\x0b\x9e\
R\x13\x01\xfa\xb4\x1dg\x81\x80\x88\x19\xaf\x10\xac$\x02\
\x8bIv\xf6W\x919\xc1\xf2\xbd\x0a<\x02\x03\x8d\x89\
sd|\x96\x99\x86<\x00 \xf2\xce\xa0_\x9fF\xcf\
^\x9c\x0a\x89\x0fa\x12k\x90\x1d\x08h\xa8,\xe2\x12\
\x80\x7f\x9f\x9c\xaa(\x02\x00O\x97\xd2\xdfJ\xe0jg\
=S\xc9\x09B\x0b\xa0\xff\x0c\xe3\xfa;\x1cE\x16\xc1\
\x0c\xa2#p\x94\xe1\xc0 \xb2\x01\xeb\x1e\xb4S\xd8\x04\
\xf8\xcd+o\xdb\x8d\x9b9\xa6\xc6\xf6R\x02\x00\xc0*\
\x05\xa0\xb2\xdd\x0a\xa7\xc6\xe7\xc4&\x00\x80\x03X\x98\xbf\
\xc9\xba\x80\x05\xd7\xbd\xd8j\x19\x80+5\xb0;P&\
]\x87\xf0\xc7\xed\xc5\x17\x8e3\x14\xc04\xf8\xf8\x10\x00\
\xd0\x87.\x80\x86\x00\x02\x80\xd0W\xaa\xbcD\xb9\x22\x16\
\xe5W\x87\x08\x88B\xc1Q\xaaQ\x19\xe8\x1dO\xf4^\
\xea\xe3\x22\xe6*\x1cn\x15\x82\xd6Q\xe7^D\x5cc\
\x95\xa8\x08\xba\xacEg\xd2j\xe5]\x9e\xeb\x0a\x9d\x92\
4O\xe5G\xdf\xd5\xf5M\xb5n\xa5\x12\x8b\xd0x_\
@\x1d\xbd\xc2\x824\xf1\xbd)M\xdf\xa2\xab\xa0io\
\x990S\xfbu\x10\xe0\xbaC\x8b\xc8\x98\xbdJ\xa1%\
\xaa\x95\x8d\x1a\xda\xa6\x00\x88$\xc4\x04\xa3\x0b \xe8{\
d]p\xc1:\x8b\xf4;:2l\x8d\xd6\xcb\x06\xa9\
,,\xe3\x1b)\xe1\xf9\x14\xb7\xca@\xc8\xb1\x01\xb7\x08\
\x00\x02\x01\xf1\xe4\x1a\xe7;W\xc1\xad\x94+\xc4\xee\x14\
r3v\xfd\xabS\xf6\xed\x9f\xdf\xb6\xf2\xa9\xd36\xb2\
\x90\xb7\x11\x0a\xba\x03\x99u\x12\x01\x84zb'\xc8\xa8\
tU\xce$F=\xbf\xb3\xff\x9c\xc5\xe6\xa6(\xec4\
h*\xff\x91\xf3+\xaf\x17~@\x06\x07#jE\xcf\
\x1b\xa0\xe1=\x0ax\xde+\x82yf\x0a#\xab\x95w\
\xb0\xf8\xe22\x14g\xe8u(f\x1a\xbc\x0e}\xe7\x02\
\xb5\x8d\x95C\x94\x9cm;+]~D\xe9\xd2\x0d\x8e\
\xa2\xf1\x17:9\x80\xf3\x5c\xd7:\x12\x94=\xfc\x132\
\x01\xd4\x88\xd9r\xfb\x1e\xe3\xeb\x99t\xd6\xcaC\xc3\xb6\
\xf3\xa5\x17l\xdfO~b\xdd\xbb\x0f\xd9Y\xd6\x03\xfc\
\xea\x95w\xed\xca\x95y\x86\x00\xfb\x88G\x00\xa0\xd0\xb6\
\xc7\x89\xd4|\xce\xdf\xb4@\xeb6f\xc1n\xa0\x13\x00\
\x00\xa8\x97\x22\x9d,q$~\xcedbsB@\x15\
\x92\x86\x00E\x88\xa1f\xfb\xf7\x8d\xa0\x09x\xccN\x9c\
8h\xe3,\xa6\x1a\x18\x14\x000\x04\x90\x0c\xc0K\x0c\
\xfftVjE\xb2\x0c$\xa31\x1a\x15j\xfc\x5c\x15\
q\xa2\x93\x22\x02\xd5\xb5zs\xf5\xdce\x887\xcf\x0a\
\xd32\xdce\x81N\xa6\xc8\x22\xb4b\x11\x02\xe7>\x87\
\x0a{\x1d\x00\xa8\xd2\xfe\xca\xad^\xbd\x0a0\x14+\x80\
\x03\x1de\x1d\xe1xX\xa3\x82.\x0ba\x89n\xc0\x1e\
_\xc4V@\xf1\xadD\xc7\xa5\x99\x8ftF2\x0a\xe4\
\x00x\x88z}q\x00Z]\xeauM#\xd0}\xc4\
\x1d\xc8OJ\x9c5\x5c\x0f\x8f\x01\x04\x84\xbb\x84!0\
\x10}\xef\xdc1n\xc7\xd0\x18\x9d\xd87a==h\
\x8b*,\x05D\x95\x0b\x0c6\xe2\x16\x87\x00*j\xb5\
\xd0 O\xf0;\x1e\x80\x8a\xc5\x05\xbb\xfd\xed\x19;\xfb\
\xce[6\xf3\xc5)\xeb\x9b\x9c\xb2q2\xdb\x0f\xe1k\
z\xc6I\x9b\x8c9h\x10\xb7\x7f)\x82\xe7\xd0\xb8?\
\xd2\xdaSk\x90\x0e\xbe\xc6\xebQC\x8f\x12\xaao\xd4\
s\xab\xcd\xca\xbfzJ\x8d\x87\xb59\xf4-\x90T\x12\
q\x11\xba\xa6\x04;@<]\x0b\x004\xe6T\x01;\
C\xc4\xd9[\x9c\xc2\xf2\xc4p\xf1=u\xca\xaf\x1fJ\
2\x17Q\xca\xa3r\xf13\xaf\xe2\xcc\xa1\xd3t\xd5\x9c\
!\x834B\xc1\x94M\x92\xcfI4\x1dm\xef.@\
\xe0e\xdb\xf3\xdc?\xd8\xad\x5c\xc2\xfe\x9d\x05A\x97\xae\
.X\xdf\xe0\x018\xa8.\x82U(\xdb\xe3\x04\x00\xce\
\x8e\x0a\x00\xc4\x01\x00\x00\xb5\xd2<\x00@O\xb7\xa5B\
@\x95R\x0b\x00\x92U\xdb\xb7o\xd8^x\xee\x18F\
A\x0e\xd9\xf8\x8ee\x00\xc0p\xd0[\x15mB\x22T\
'\x06\x1aS\x00\x80\x98\xcd\xce\x16\xec\xfa\xb5\xdb\xa8M\
\xdf\xb3\xe9\x99\xb0d\xbc\xc6\xf4v\x19;\x10E\xd4\xd6\
K\xb0\xf4\xea\xc5\x05\x02edL\xbe\x92\x14B\x17@\
(H\xb1\xf6u(;\x80\x89\xa8\x22\xcd\x01\xc0\xe1\xd4\
\xd4\xbc\xdb\xf1\xf6\x18\xeaR\xabZ\x0b\xc8\xabJ\xacZ\
U'\xa5\x9e=T\x87\xd2\xb7\xccQ\xf1\x91n\x86\xd2\
\xec\xb2\x00\xb5i]K\xc8\x18g\x09;\xda\xa3q\xd1\
\x97\xd3[\x15 \x8cC\xfc\x87\xed\x1f~\xfa2\xe5p\
\xdc\xfa{\xfb\x9ccH\xc1.\x88\xcb\xd8h\xb5;\x00\
\xa8\x15j\xfc\xe9-\x91S\xb8\xe4\x19\x853w\xed\x8a\
}\xf3\xce[v\xe5\x83\xf7,s\xf7\xb6\x8d!\x0b\x18\
\x80\xfd\xe9\x22g\x1a\xa3\xea[}\xa8;?\x93\x86P\
\x03\x9cy\xbe\x5c\xca\xef\x85\xa1\xa7\xad\xa8\xe4CN_\
\x8a\xed\x97\xcc@l\xbfT~+\x0c)\x8aT\xc0\xcd\
\xb9\x82k\x02fZ\xc4\xafu\x022\x13\xe6\x1c\x80\x0a\
\x8b?\xe5\xda\x1b\xbc@@\xb7\xdcy\xa5\xe8\xf2{\xe2\
<\x95\xca(N\xc9T\xc9E\xa5\xa7g\xfe\x9e\xb3\xc8\
V\xe5\xe4\xd9\x90\x12\x0d\x04\xa0^%\x89\xeap3\xce\
\xb4\x1f77\x99j\xbd\x93\x05\x0c\x8f<e{_\xfe\
\xdf\xac\xd6\xbd\xcf^\x7f\xeb4\x00\x90\xb7\xae\xc1\x09\xc6\
\xa7\x9a\x14\xdd>\x00P\xea\x04\xbe\xf1\x18\xc4\xc3,\xc0\
\xc2\xecu\xab\x02\x00R\xc8r\xb1\xac\xb8\x80-\xe4\x00\
\x9aut\x0c\x04\x00{\x87\xed\xc7\xcf?e'\x8f\x1f\
\xb2\x1d;\x05\x00\xfd\xce\x01D2\x00\x0d\x09\x99\x8f\xf4\
1r\xc3\xc7[\xb4#tX\xbe\xbdp\xdb>\xfc\xe8\
3\xce\xd7\xddV\x84\x0c\xa9\xc8\x88@\xb5\x8a\x8c\x85\x15\
\xaa$\x9c6/\x02\xa7E\xb7\x0e\xcf\xa3\x03\x8bj\x22\
\xd4\x8e\xb75\x86\x16u\xf2\x86H\xdc\x9f\x867*m\
\xb59\xc2\x806d\x9fB\xcb\xd6e\xbfB\xedP=\
\xb4\xc6\xf7\xad\xeaw\xfa\xd2\x8dhF\xdf\xcbE\xef\xc2\
\x0do|j/\x00\x80\xba\xd2:z\x16Z\x19\xd9\xd3\
\x95\xb6gY\x12\xfd\xd3\x97\x7f\x02\x10\x1c\x01\x00\xb03\
\xc1\xf0@\x86j\x92(\xeay\xef\xe8\x81\xac\xef'\x00\
\x00\x99\x97J\xae(S=\xb0\x12\x13\x83\xf8\xca,\xcd\
\xbd\xfe\xc9'\xf6\xcd\x1f\xfe`\x8d+\x17l\x04m\xaf\
\x014\xb3\xd2L\xf7I\x01\x87\x5c-f!\xca@4\
\x16\x0bb\x0a\x15]x\xa3\x8c\xea\xcai\x94\x0b\xdd/\
\xcf\xbc8\x00\x8dx}\xd1\x0b\x02\x93\x02\xf6\xae\xe6a\
\xc5&\x17\x18G1\xdd\xd5%\xed8\xb1F\xf8\xd3\x8c\
\x84\x88\xa4\xc5@Q\xecAUXg\x85\xa9;\xc5\x1b\
\x85\xcf\xa3\xef\xdc\x89\x1c\xc3\xf4\xa6R\x16\xc0\xce\xc5-\
$2\x00n(\x8f\xe5\x00\xa0\xd5\x955!?u\xd1\
A\x8f\x96\xa1A\x96\xf1p\x0f`\xb8LO7\xdd7\
`='^\xb2\xec\xae\xe7\xed\xf3s\x0bv\xe5F\xcd\
R\xbd;\xd1\x9a\xd4\xa2\xe7\xed\xcd=}=\xec(\xac\
3B@q\x00\x95\xe2\x9c\xb7=\x01\x80\xab\x03o\x05\
\x00\xa8\xa7@\xc0\xdc\x10\x00$*\x0e\x00\xcf?wt\
\x11\x00\x06\x05\x00\x18]\x89c\x9a\x8d\xee\x12\xee\x15\xa4\
D\x18-\xf3l\x11\x00\xcc\xe7\xca\xf6\x11{'\xfc\xe5\
\x9d\x8f\xed\xda\x8d)\x0c\xcc\x88\xf5F{0\x9e\x81\x85\
\xd7\xf8\x9f\xa1\xa5\x84W\xaa\x15o\x97Q\x8b]j\xc1\
jQK-\x16\xbf.s \x1c}\x00qJ\xb5]\
\x87X\x85\x1a\xebaJ\x85\x05\xca%\x0fp\x93\x16\xef\
\xbd\x09Sz\x00\x0a\x87\xcfC\xa7\xc5\x99k\x0f\x827\
+\x9d:d\xadp\xd5\x02\xbb8\xdc@\x1d=\x8b\x04\
e06\xd2\xcb\xb2\xe8\xe3\xf6\xf4I\xc0\x7f\xf7.\x1b\
\x1a\xe8\xb7\xee.4@\x91\x8d\xc5\xd3\xa4Y\xec\xf1\x06\
\xdc\x22\x00\xa8\xe0\x9a\x08\x00\xb4\x90L\x0d\xb3\xc6\xf8g\
\xea\xdc7v\xe9\xad\xb7m\xfa\xc3\x8fl\x04\xa1\xdfx\
\x12\xd5^\xd8\xfe&\x1bC&\xe8\x89\x1b\xea\x95\xbc\xa1\
\xf1\xd1\xa2S\xcf\xa0\x9e@\xd9\xe5\xedb\x0e\x05.\x84\
\xad\x5c\xfb;\x0a@\xf5\xab\x1b=R\xaf/\x14f\x90\
\xd3\x80\xd0\x17P\xf6\x99B\xd6\x90\xaf ;`\xdc\xdb\
\x05\x8bC\xfe\x18cRa|\x15U\x89\xd8<I!\
4\xf5\xa7\x81\x82\xaaO\xab\x0bu^\x9e*E\xf3]\
:\x01\x96f,\x94&/\x07\xd2\xe7\xda\x90<\xf02\
\xe0y\xd4\xf3{\xdexX\xa5\x80\xca\xd4I\x8a^\xa9\
\x8b\xf1f\x87\x1a\x05\x05\x9bC\x98r\x8d\xb9\xe8+4\
\xc4\xc2\xc8AK\xedz\xc1\xaeNw\xda\xedi\xec\x01\
\xf6\x8cYE\x0d\xd4c\x8aB\x8er\xbeu%\x22\xf2\
H\xc0\xa2V\x8a\x93\x00\xc0uz\xbdYO\x7f\x12-\
\xc4\x00\x004x\xe5\x0d\x00sc\x1dJ\xd1\xca\xe4D\
\xc9Z\xed\xac\xa4z\x03\x01\x00\xe8\xfdR\x0e\x00C\x18\
\x059j'\x8e\x1f\xb4\x1d\x0c\x01\x06\x87\x06\xac\x1b\x00\
H\xb0XJ\x00 \xae\x10\xb4\x80h\xd4\xf2P\xb1\x86\
\xcd\xbfqs\xc6\xfe\xf4\xd6\xdf\xec\xa3\xbf\x9d\xb6\xf9<\
\xed\x82Y\x13\xd9M\x94\xf9\xf4\x06\xea\xca\x8a#\xe6&\
\xc5\x05\x00J -\x87\x93\xca/\x0c.[-My\
Q\xef%\x1f\xea\xfch\xc71\xda\x99\x88\xde%]\x00\
\x15k\xdf!|\x86\x18X\xa6\xaaV\x0a\x00$m\xd1\
\x09\x926\x8a\x5c$\xd2U\x08$\xc0\xf7\x5ch\xd6@\
.\xc4\xed\x97\xad\x1f@\x8c\x06\x22\x00I\x00\x005\xb4\
.;0[5\xb1o\x94EQG\xec0\xbb$\x8f\
cLf\x18\x9d\x10\x09\x043p\x001\x80\xec1\x01\
 \x14\x9c\xc6\xcejt2\xc5U\xb8}\xc7\xae\xbe\xf7\
\xbe\xddz\xf7mK_\xbfd#\x08b\xfa)\xa8\x0c\
\x19v\xbb\xfb$\xbeNA\x07R\x0biV\x91\xc9E\
\x00 \xe2\x17!z\x89\xf2\x5cc|\x09\x06\xdd\x8f\xfc\
\xe9\xc2\x0b\x9b3,\x92\x14|\x5c\xd3\x90\xaff`\xa1\
f\x00\x00\x99\xf0\xc8\xa4\xb2\x8c\xfd\xa5\xf9FlT\xb0\
\x0aV\xdf\xf2\xa9W\x8az~\xa5%<\x85\xa3k\x01\
\x00\xafWu!\x05\xcb^Ei\xe0\x85\xde\xf9{\x9e\
\xf95\xe9\xf5{=W\x848\x8f\x97\x9bPu\xe1\x99\
~\xe5\xaf\xe5\xc5\x1f.\xafT\x11\x8cfA\x14\x9a+\
@\xe1\xc3\x01@\xdf\xb4\x22P\xf8\xcaW\x14_\x0d\xf4\
\xd7,\x0c\x16\x06\xd1\xb1\xe0{8\x01\xad(\xac$\xd1\
\x12d\xbe\xf6&i\xbb\x95\x1a\xb4\xf9\x9e#v\xab\xb6\
\xc3\xe6\x1a\xd8\x12\xe8\xdb\xc5{zD\x95\xbd\x1a\xa7\x0b\
u\x94\x1c\xe2u\xfd\xfc(t\x9e\xa8\xa5{\x8a\xa3g\
\xd1Y\xfe\x1f\xee\xe43\x11c\xec\x5c\x9e\x06\x000\x0a\
\x92\x9f%\x95@0=]\x5c\x9b\x93\x88\xb8\x88\xd3\x17\
\x04y\x1a\x88K\xd1m\xc4yr4\xbd\xc6\xfe\x80\x80\
\xcd\x9e]\xfd\x0e\x00'O\x1e\xb2\x9d\x0c\x01\xc4\x01t\
\xd3\xf8e}\xc9\x01\x80\xb0\xd5>\x94-M8\xcf\xc3\
=\x9e\xfa\xea\x0a\x00\xf0\x91\x9d\xbf\x88\xb2\x12\x0aR2\
\x98R\x83\x18\xeb2\xc8\xe8\xd3k\xb4a\x11/_\x84\
\xe4)\xd2p\x84\x9ao]{\xbb\xf5\xd6\xec\xf5\xa5\xda\
\xd7\x9d\xd6DHB\x13\x83\xf8\xeb\xd5\x02\x02\xf3Y\xef\
\xfd\x1b\x0c-h\xd2\x00@\xf8\x9e\x09k\xf7\xfd`\xf6\
\x03\xe7\xa1\xe7j/\xdefHH\x9c\xceU\xc2T-\
\xbc\x8aQ\xce\xf5\xfa\x82\xf5\xf6%\xd8\x18e7\xac\xff\
\x04@\x802\x14\x000\x08\x07\xd0\x83.\x84\x86\x00q\
8\xe7\xc7\x04\x00\x22\x97D\x93\x16(\x8b\xba\xf5B\xd9\
f\xcf|cW^\xff\xbd\x15\xbe\xfc\xd0\x06k3`\
&S1$&C\xc1\xa5\xeb\x8c\x7f\xa0\xe6z\x0a\x96\
'\xa2\x8a\xc5\x9c\x097)B\x11\xceb\x03\x0b/5\
<\xd0\xf8^E\x12\xa4\xf8\xbaR\xd1\xd38\x11 \x95\
\xa1\x84\x1aS\x1d9$\xaf\xf7d\xe3\x0f\x81Lo2\
\x83\xaa/\x82?\x85'\x9f\x84\xe9u\xc1uD9\xfa\
^D$\x84\x8e\x8a[\xe7P\xa1Kg\xc5\x15\xde\xeb\
\xaau-OJ\x17'\xbf\xe4'dI\xa1\x92N~\
\xc39\xf8\xe7\x91\xfb\xd3\xe8\x5c\xb3\x0d\xee\xf0\x10|\x85\
[\x7f\xaa\xca\xe4O\xdfFo\xe5G\xf7z\xaf\xf4\x0a\
@Z!p\xb5\xd2)\x9f\xea=\x15\x93\x08\x0a\xb6\x1e\
i6\xa5NY\xa0\x88\x92\xc0\xf0\x09a\x5c\xaf\xa5\xed\
bs\xc4\xae&'l\x01 h\x0cLX=\xcd\xd4\
\x98\xd8O\xc6\x8c\xf2\xaf8\xc5\x1d\xd5D\x98\x94\xa5\x9a\
\xae\xcaQ\x0dW\xb0\xd9\x94\xc0\xcc}\xc9\xe7:\x1c\xde\
\xbc\xc4\x18\x0e6\xb4 h\xee\x0eV\x9e\xa6Ie\x00\
g/\x16\x01@\x14n+\xd8\x90\xd7\xb5s|\x7f\xcc\
\xa1Nh\x19\x84\xa3\xd9\xa62{\x02\xf6\xd8\x8f\x9f;\
b\xcf>\x8b\xdd\x84\x9d4~f\x01\xba{\xe1\x00Z\
C\x8005\xa9!\x03\xdc\x13\xb6\x12\xae\xde\x98\xb6\xbf\
\xbcw\xca>\xfc\xf84\x9d\x09\x9cc\x12[\x09\xe8S\
h\x03U\xef\xcd\xe94\xbc\xee\xbd\x9d\xb6b\xf7vF\
\x94\xaa \xaf\x9d\xa8L\x96\xce\x0dq\x9b\xf8S\xd9\xca\
\x16\xa2VF6\xabL\xfb\xd1\xfb/\xccM\xc3\xb1h\
\xfa\x8fnI~\x88\xc2;&\xbe\x89:\xa8\x10\x93Z\
Gh_\xad\x98\xfd^\xd7\x02\x81\x04i\x0c\x96\x9d\x04\
N\x18\xcc\x89\x17\x11|\xf6\xd8\xf1\x13\x13\xa8B\xef\x06\
\x00G\x01\x80Q\xeb\xef\x1f\xb4N\xd6C\xc8buB\
\x00 \xe2\xdb\x80\xa3\x1dxK\xf5\xd6\xa8\x1eIz\xf7\
\x0bw\xa6\xec\xe6\xbb\x1f\xda\xe4\x9b\xaf[\xf6\xe69\x1b\
\xc9`T\x93\x04\xa8J2u\xb4\xf0\xaa\xa0\x8d\xb2\xcf\
\xd4L\x95\x1ei\xa5\xf3f\xee\x05I\x16\xa3\xfa&l\
\x97\x0fx\xc1E\x00\xa0/\x15*(LI\x95\xc8t\
\x05\xa5\x8eY\xe6O'\xe7\x11\xa2\xd0\xe3\x0d3O\x9a\
\xf5\xca\x08\xb1D\xd5\xb02N\xdd+\xaa\xe5\xef\xa3\xa8\
\xfd\xac\x17\x5c\xe8\xb4x\xb4<HH#\xf6L\x82\xc8\
\x063\x0e\xbe_\x00\xfe\xe4\x93\xe4FW\xe1\x82_U\
\x9dd\x16:\x14\x98\x87\x17y\xf4\xf7\xc1k\xeb\xd3p\
\x83W\x07\xc6p\xe7\xbf\xad\xe8\x17\x9fD\xf7~\x86\x8a\
 Y\x1a\x11J%\x10n\x85\xdeKk)\x93\xf4\xea\
\x19\xa6_\xd3\xf4\x0a\x8c\x8e\xec&c\xdas\xd5^\xbb\
\x94\xdag3}\xc7\xac4p\xd0\xea\x1d\xfd\xc4\xa5%\
\xd1\x0c\xd58\xcb5$\xf4\xa2Gi\xb4\xa6\xcc\xc4\xbe\
\xea\x9d\x1a\xaaz\xeb\xd08\xefK\xf1b\xba\x1e\xb8\xc0\
\x9b\xa6\xb4\x9a\xf4z\x8d\xaa\x0c\xb2NZ)\x87Ub\
\xc0J=b`\x8d\xd5\xf2\xc5\x05(l}\x10\xca\xcd\
+\xe1\x81\x00W{\xa0v!\xa0\x12L\xa2\xfd\x89\xbc\
a|\xb4\x0b!\xe0Q\xfb\xd1\x8f\x8eB\x00\x02\x00q\
\x00\xd8K\xa0\xf1\x8b\xedw\x00 ?\x02\x80\xd9\xf9\x8a\
}\xfe\xe5E\xfb\xd3\xdb\x9f\x86\xde\xbf\x89\xea4\xb6\x15\
\x04\xa6\xad\x1a[L\x8a\xea~u\xf7`y(Mh\
\xbdP\x9e\xc8@\x88+E\xfb\xd7.Iu\xec\x5c\x94\
\xf3\xf3(E\xcd\x12\xaezm\x95Q\xd4~\x02\xc0\x06\
\x90]=\xa6\x95O\xa5\x90\xe7\xebp4\xe4\x06\x00z\
z\x13v\xf0\xf0\x0e;\xc2\x8a\xc8]\xbbGl\x14\xbb\
\x92#h\x83\xf6\xf5\x0d\xa2\x15+\xb5p)\x0b\x11\xca\
\x83I^\x19\xf4}\xf7\x01\x00\xf4\x88V'\x00(1\
\xf6\xbey\xfa\x9c]|\xe3\x8fV\xff\xfcc\x1b+M\
\xdaP\x86ujq\x12\x02\x07\x90D\xc2\xeb\x00\x00\xb1\
\x8a\x03\x90\xa0j\xa5[F\x8e\xacc\x1d\x00\x00@\x00\
IDAT\x0b\xf7\xbd\x12\x1d\xabP\x82\x00\x8f&\xe7\
\x84\x1d*Z\x96vK\x0c\x8e\x8b\x84;](\xd9$\
\xf3\xa8B\xe1\x11\x00\x005\xf0u\xe7+\x22\xa2\xe5\x11\
G\xcf\xa2\xb2\x89\xce\xee\x87\x97\xd2\xb2R#\xd0\xd4\xa3\
\x83\x00\x85\xa1\x5cE\xacz\xb8\x0e\xed%\x84EU\x0a\
\xa5\xf1\xe3\x15\xad\x86\xea\x81F!\xf3\xde\x1f\xe8^=\
,y%\x10\xe9A\xa8\xf9-w\xcb\xd3\x16]\x87\xf7\
|\x03Ai|\x89\xdd$\x88=\x8c[\x05\x00\xd2\xbf\
\x909\x11\xd5\xd7=\xae.\xd6\xfb\xecRl\x87\xdd\xe9\
\xdco\xf3\xfd\x87\xad\xd25\x0a\xc1\xb4\xd8S\xfc\x0b\xb0\
\x02\x9c\xb4\x08\x9d\xb4ix\xa0\x1e\xecq\x01\xc0{\x0c\
Xg\xad\x02\xcc\xcf\xdf\xc5\xc2\xd3\x14\xe5AJ\x95f\
\xf2\xab\xe9\xd90\x0c\x88\xe2\xf4\x92 k\xf7\xe7ry\
Y\xdc\x7f\x1d\x01\x00\xfe\xe1\x00\x12\xb1\x22=^\x17C\
\x80#-\x00\x90\x0c\x00\xf6\x17\x00\xd0\x10 F\x0f\xeb\
\xa5O\xdc\x12\xee]\xbb>E\xef\xff\xb9\xbd\xff\xd1\xd7\
6=\x0f\x90b(\xc5(\xc3V\xady2B\xed\xf0\
K\xdd\xaf7U\x22b\xcd\x00\x04\x00\x10\xc7C9\xb2\
yI\x8d\xde\xbf\xec\xc2\xbf\x1ca\x87\xde_\x8dB\xed\
@\xdf\xa8\x05\x87\xf3\xfd\xb9\x5c\xedN\xbeE\xfc\x02\xd3\
&\x82wM\x07\xee\xda3h'N\x1e\xb0\xbd\xc8\x00\
\xc6X\x15:4<hC\x83,\x19\xef\xeec\x16\x00\
\x01\xa0\xa8_\x1fn\xd09\x00\x84\x06\x12\x1a\xff<v\
\xfa\xce\xff\xf5}\xbb\xfe\xe6\x9b\xd6w\xed\x92\xedM\x94\
X\xdc\x83B\x04\x89\x10\xcb\x1b\x03\xd5\xd3p\x01bQ\
\x1a\xc0\x94\x8f\xf1VD\xea\x85\xb9Z\x89\xaa\xacu\xe0\
\xdf\xc1\x0a?\x14\x11\x85\xc9\x93D\xda\xd8\xe9\xca\xf2\x08\
n&\x19\xfb\xcf\x00\x02bk\x0696\x0a\x00Q\xd4\
\x8ag\xa5\xd3\xb3\xe8\xbd\xde\xe9Z,\xb1\xcct\xb9\x0e\
\x02O\xc4\x05i\x1aRBI]\x07c\xa7\xad1;\
\x01\xa8*\xd3\xa4U\x07#\x1a\xcfC\xa8l\x85\x08\xc0\
\xa9\xe2\xa9\x90p\x0e\xf7\x22~\xd4\xd9\x1d\x04\x96\xa7K\
\xf1/\xbfW\x08\xc1\xa9\xb9h\x0c\xcf0\xcbI+C\
\xac(\x83@t\x19z\xc4\x94\x16\x0f\x13\xf9\x1cB\xb7\
\xeb\xa8\xfe^i\x0e\xdb\x8d\xc4\xb8\xdd\xeb;j\x05\xd4\
\x81cpR!m\xca\xa3\xeaV\xe7\xd0\xd3)>\x0f\
\x9b\xbc\xe9Z\xcf\xa3F\xda\x8a\xfc\xe1'>\x12D\xca\
8i\x13\xb3\xdd\x02\x80\xc2\xfc=\xee\xb1\xc0L\x8f\xa8\
\xe1\xdd\xd6\x01\x00\x85F/\x18\xa7\x17\x1c\x1b\xcd\xda\xf3\
?\x0aC\x80\x9d\xbbF\xb0\x13\x08\x00\xf4I\x08\x08\x00\
\xc0\xd9\xa8-)\xa3\xa5R\xdd\xbe:s\xd9\xde|\xeb\
c\xfb\xfb\x99\xab\xd4\xa5\xb4\xedzx\xc58\x5c\xcb\x94\
\xdd\x85\x1c\xab\xfc5p\xf6sx\xf1\xd0_}%\xde\
Ig\x01\xa8\xb8\xa8&\x02?\xc9@*\x18\xb0m0\
{%\x1f\xde\x01\xa8\x1dpD\xe5\x1eb|h\xf0\xfe\
Ru\x22KY>\xb4\xd0:\x88l\xdc\x0e\x1f\xd9c\
'\x9eA\xffa\xbc\x1f\xc3Q}.\x00\xed\xeb\xeb\x83\
\xfd\xefv:\xf1EE\xa1z\x1f\x1d\xc12\x1f\x0e\x00\
0Md\x85_\xc6.\xf7.^\xb0\xd3o\xfc\xc1r\
L\xff\xed\x22S\xbb\x12U\xa4\xd0y\x00\x00\xb5H\x22\
\x90\xc0M\xeb\xd0\x99\xd9T\x9b\xc7\xdd_t\xe1\x8e&\
w\xff\xe3\x10\xa5\x17Hh\xf0\x8e\x87\xee\x07 Q!\
\xc1\xc2\x94\xe0Vs\xa8XM\xce\xe7m\x1e\x8d\xad,\
c\x9b>\xd09,\xf3]\x96\xea\x87\x5c*H\x0f\x96\
\xb4\x81W\xee<\x99\xado\xa2\xf7b>\xa2k\xe5I\
\xd5&-/m,R\xa4\x1cd\x5cT  5\x1c\
1\xd1\x02?\xf5\xb84G|\x06b\xce\x10\x88\xb8\x00\
\x15\x84\xc7\xe1\xf9\x8b\x00@Rr\xd6\xee\xa3\x04\x92F\
\xae\xd1\xc1u\xa7\x03\xc0\xfd\xcd`e\x1a=\x1c\x85\xe9\
\xa9Sl\xe2\xb2\xd4\xcc4\xb7\x8e\xae8\xf7\x01\x00H\
\x19\xac\x94\xd6\x09\xdcA\xf1\xe7f\xb3\xcfn4\x07\xec\
z\xcfS6\xdbw\x98ix\xac\x08IG^c~\
\x88B\xc3\x1a\x85\xed\x8d\x93\xc6\xa5\xf2\x0f\xcekb\xf1\
\xbau\xf1\xd0\x93\x00%\xb4\x04\xbaZ\x84\xc3\x1a\x02\xe8\
\x88\xd1[\x85\xfd\x01T\xf6\x84\xbb8\x04\xa0\xe1\x10y\
\xf8.\x8a\xf7\xa1Q\xf02\xa4V\xbd\xa9\x16\x03\xc1\x1b\
\xc2\xf6\x02\x002\x0d\x8e\x0c@\x00\xa0Y\x80^\x00\xc0\
7^\xa1|\xa5\xfd'\xf6\x7f\xf2\xde\x82\xbd\xff\xe1\x97\
\xf6\xce_\xd96\xfd\x0e=r\x1cC\xa9L\xfd\x05c\
\xf0^c\x84\x1fHY\xbf\xce\x15,\x15\xfc#\x12\xa6\
\x12\x94\x0cA\x1c\x1aW\x12\xfe\xc1\xfe\x17\xe6\xa7\xd1\x85\
\x90\xd0\xbaU\xce\xb4\x05'\x10\xda\xaf\xf2r\x7f\xad?\
<\x0a%%.\x8dF\x84\x9f\x09\xe8nt\xac\xdf\x8e\
3\xf3q\x04\xe1\xdf\x08\xd3\x80\x83C}\x8c\xfd\xa5\x0a\
,\xab\xc8\x086\x05~\xc4#\xc0\xf7b{x\xf0\xf7\
\xbdu\x00\x10\xf1\x8b\xd1\xac\x83`7>\xff\xcc\xce\xbe\
\xfa\xaa%.|c\x13 \xfc\x08\x09\x88is\x06\x90\
]\x00 \xa6T\x05\x16\x87\x03\x90\xe2G\xd4\x80\x97\x87\
\x1a\x89\x15\x96?\xf3kO\xa0\x88\xa5U\x1c\xde\x16(\
P\xc2iRyE*o\x01\x14\xb8\xc7\xf8\xbf\x00\x10\
\xf4`\xf5\xb5\x93\x82\xde\x0a\x00P\xd4r\x22)M\xc3\
y\x13\xe6L\x94N`%\x88$\x87\xe6\x96L\x8cU\
d\x5c\x14\x1f\x92Y\xa8TC\xfa\xf4-\xfd\x9e\x1e\xf1\
1}\x0e3\x22\x81\xf0\x03\xbb\xaf\xfa\xe6%\xce\xf3O\
\xc3\x15\x08j\xd1R\x9a)\xccN\x80\xa0\x9bF*#\
)\x12,\x06\x8f\xa1\x8d\xe8Z\xe5\xd8z\xea\xaf\xc2\xb5\
\xa7\x96\xf4\xa9Y\xd1s\xa9\xccIY\x1a\xb8J\xc1j\
+=E\xc2\x9ceP0\xd9\xe8DA\xa8\xdb.u\
\x1e\xb5;\xfd\xc7\xac\x91\xe9\x07\x04\xba\xa9\xb74Ro\
\x82T\x8f\xc2\xb7jX\xea\xb9\xe4B-,g\x7f\x97\
\xa7\xc0\xbd\xac\xfa#B\x06\x0e\x09\x8f\x80a\xcf\x0b\x02\
\x80\xb9`\x15h\xeb\x01\x80\x82q\x00@\xfd|X\x1c\
\xc0a\x17\x02j\x1c\xec\x00\x00!h\x07\xa6`t\x06\
=\x89r\xc3\xbe9\x7f\x13+I\x7f\xb5/\xfe~\x01\
@\x97t\xbc\xd7\x95w\xc2\x00L\x04\x19\xc8^\xa4\xac\
+\x11\xb4\x13\xeb\xaa\xb9}\xf0a\xf8:\xf0\x01,\x82\
pm\xd9<\x00PcelJS\x84\xb8\xc0\x01\x84\
p#\x0e\xe0\xc1\x90\xc2\x93@\x11\xba&\xaf\xa4\xc7\xe9\
\x83\x95\x96\x0d\xb6]\xcffcv\xe8\xd0^\x84\x7fG\
lbb\xa7\x0d\x8f\xf6c\x0e\x0d\xe2G\x05\xb8\x13[\
\x08Z\x12\xef\xc3\x1f\xdaU\xab\xf9\x85@\xd7\xf9\xeb\x00\
\xa0\xa6D\x7fg\xc5\xa9;v\xe9/\x7f\x86\xfd\xff\xa3\
\xf5O\xde\xa6\xf7o\xb0\xcc\x17DCU2\xb2\xfb_\
%\x16M\xe5I\x08\x98\xa4A\x86\xec.\x8b\x8d<x\
\x03Q^V:\xdaW \x92\xa5\x97QU4i\xc8\
E\xb4\xb6fr%$\xb6\x0c9h^]p\x00Y\
\xa8(\xd8\x16X\x19\xd8\xea\xf7\x0aYD*\x17\x11U\
\x94F\x11\xa4z~\xbd\xd7\xe1=;\xa9\xc5\x88\xb8\xe5\
X\xcc\x91C\xfe!\x1dp\x15d\x0a\xc2\xd5\xca,\xad\
?\x08d\xeeA\xfa\x0f\xaf\x1d\xfc43\xa1:\xd3I\
\x15\x179\x01\x80\xe6wu\x040\x84y\xc7\x93@ \
+i\xadKk\x94sF>\x5c{\x95\x03@\xba\x8f\
B\x09\xe7@j\xa1\x8c\x82?\x11\xb1\x0e\x8d\xb5\xf5\xb6\
B\xb9\x15\x982\x9aeXv\xb7\xdea\xe73\x07\xec\
*\x5c@\x8dMB\xacs\x18#*Y\x00M8F\
\x1a`\xa5u\x88\xbdT\x98\x12\x0c\xaa\x19\x8b\x046\xe2\
|\xd8\x07\xc0\xb9\x0c\x81\xf0\x0a\x0b\x01\x00\x9a\x8c\x85\xb7\
\x16\x00Ts\xb4?\xe2\xb0f\x9e)/\xf6\x06x\xf6\
\x10\x5c\xc0q\xdb\xbd{\xd4\x06\x87\xfb\xe1\x00z\x99\x02\
\x93b\x0fl9\xedqj\xa6h\xef\x7f\xf05\xec\xff\
\xfbv\xf3\x0e6\x0a\xb0\x91\x18Kt\x03\x82b\xdb\x95\
W\x95\xac\xe7\xde\xf3\x1d\xae\x02\xa1\xae\xbf\x0c\xd4\xfb\xab\
#`\x98H\xa7Yd\xea\xafR\x80\xd3@\x0bQ\xfa\
\xfa^w\xd4w\x10..vwk\x06/\xf6]\xab\
\x0c\xd5^$\xcc\xd3\x17\x8d\xda\x1c\xe1\xcf\xd9\xf0P\xb7\
\x1d;~\xc4\x8eh[t$\xff\xa3\xd8A\xd0\xecG\
'\xa6\xd02\xbe$\x9e\x8e\x81\xefC\x9ckF\xb1\xe6\
\x8b\x16\x07@C\x82}\x9b\xbax\xd6\xbe}\xf5\xb7V\
\xf8\xec#\xdb\x01[3D\xaf\xdfI\xd94a\x87\xe5\
\xc4\xdcH\x8bRS\x85r)\x07\x00\x8f:<h\xfd\
\x86\x1ep\x89\xc8\xfdq+\x85a\xb1\x82\xde\xa9\xf9\xea\
7\x8c?\x05\x00%T3\xef\xcd\xe4l.OC\xc5\
\x08F\x06\x05\x0fD_\x0f\x8c\x9b[\xd1\xacz\xf2>\
\xb3\x95\xa4 l\x0cD\xa5G\x02\x00a\xbe\x96\x0b\xeb\
\x10\xf0\xc9\xe0H\x1e=\xf0\x023\x0eZ \x22\xa2N\
\xab\xd7&=\x22Zd\xab4\x9b\xd0\xeb+\xdb\xad\xa2\
\xf6@5\xa5\xb9\xd2\x09\xe0\xa2C\xe5\xa0UeU8\
\x0a\xad6Sn\x05(\x02\x16?\x88#H\xaey\xb5\
*\x00D\xa5\x14\xe2\xd1\xaf\xf7W4\x16\x8d\xe1I\x0c\
=<\xfa\x13\xa4\xb0\xc0\x14\xe1,S_g\x93\xbb\xec\
\xdb\xecA+\xf7\xecE'`/\x06G{\xe8\x05\x15\
'`\x83\x01\x8f\x14=\xb6\xc6\xee\x22\xfe:\xc0Q\xe7\
\xec\xfa\x02^\x1b+s\xb3\xc6\xbd'Gi\x80\x1fD\
\x02^\xcc\xdd\x83\x03\x98\xa4\xfd\xd3\x03J\x06\xa0tn\
\xc9\x10\x80\xd2\x06\xb8\x1c\x00\x1a9\x14^\xe2\xbe7\xc0\
\x0b/\x9c\xb4\xbd{\xc7}\x16@2\x80L\x07\xbb!\
\xc1\x06\x17\xe9\xfd\xcf\x7f{\xc7\xde\xf8\xe3\x07\xf6\xf9\xa9\
\xb3\xccz\xb0O#\xbd\x7f\x83Vd\xc8J\xa2\x9eX\
e\x18\xf2\xdc\xe2\x00 \xa0\x16\x8a\xaf\x91\xe1\xfb\x1fk\
f\xc2\x15|P\x8b\xcf\xcf\xcfpL#\x0c\x85+c\
\xce_MB\xc5\xe3S\xde\x94D\xd4\xbeC\x08+h\
B\xfeh#\x9a\x85\x12\xf1\xab\xfdi\x0f\xca\x00\x003\
\xd8A,\xb1\xfea\xcc\x8e\xc9J4k?F$\xf9\
\x1f\x1d\x82\x03\xe8\xf3%\xf1ZA(\x15c9\xb5m\
\x9a\xde\x86]K\x06\xd0\xb4\x02\x12\xcck\x10\xfe\x95W\
\x7fm\xe9\x8bgl7\xac\x7f\xb7[=!d\xfe\x13\
\xbe\xb1%\xcd\x8e\x0a\xa9@Y\xeaI\x13\xfc\x04I\xfe\
\xcaxW\xc9\xe8\xa2\x17\x95P\xe8\xd9\xf4H\xd2T\xa1\
\xb0\x86\x00%\xd8\xfe)\x00 W\xa001\x80\x91&\
\x83\xcc\xda\xd2k\x85B]\x0c\xe2!\x17\x02\x00\x8d\xd5\
\xe5\xd4\x10\xa5~\xab\xb3\xf2\xa0\x12\xaaQyRv\x92\
\xb6\xa1,\xef\xe4\xb1_X`\xdaQ\xaf]\xa7Z=\
?\xe9\x91\xcd\x7f-\xbeT\xdca\xa9\xb1\x18Hq>\
!(\xe9\x91\x88\x8bP9,w\xeaa\x22\x01\xa0\x9e\
k\xec]\xa3b\xab\x00M\x81\x06S\x02\x0c\xf4I\x16\
\x9b\x06\x1d\x12^\xf9\xf8|\xa9o\xd2\xbb\xe8P\xb9\x04\
\x17]\x89\xe8\xe4Z\xe5G~|\xf6\x82'U\xc2\xc9\
\x93\xa0o\xe2\xc3v6\xbd\xc7\xf2\xdd\x13V\x1b8l\
\xf9\xe40\xfa\x15L\x1f\x92\xde8V|\xd3\x18\xd8T\
\xcf%\xe2\xaf\xc6;\xfc\xac\x8dF4\xc8X\xb7\xf3D\
<y\x00\xe8\xedi\xed\x0d\xf0\xe3\x13\xb6ob\x87\x0f\
\x014\x0b\x90\x81S\xd4\x92\xe0\xbb\x939\xfb\xeb\x07\xa7\
\xed/\xef~n7o\xa1\x97\x90\x16\xeb\x8f\xf0\x14\xe9\
\x7f\x22I^\xc9\xa2\x88K\x04\xecBP\xf2\xaczW\
\x1b\x5c?\xf5@\xd2\xad\xe1T\x1d\x81\x9f\x14\x7f\x8aL\
\xff\xc5\xa8\xdb$\xd4/N\xab\x15\x8b\xd7\xcd\xe2\xf0B\
\x8f=6\x9d\x97\x9c\xe43\xea\x14\xe4\x02\xc7\xc8\x05\xe1\
\xa7\x92\x0b\xa8\xfd\xc6P\xfc\xd9\x8b\x00\xf00\xc2\xbfQ\
\x84\x9eH\xfe\x87d\x0d\x19\xc5\x1f\x86\x95ZR\xec\xd2\
\x7f\xff\xfa\xf1~\x1c\x00\xd4\x9c\xa6'\xef\xda\xb9\xb7\xfe\
`\x93\x7fx\xd5\xc6fn\xda.\x96\x22&Q6\x91\
\x14\x5cM_\xca?b\xf9%0\xac0,\x90\xf1P\
\xf5\xb0B\xfa\x0d9\xbc\x87\xe6\xcb/\xd7\xaa\x0aGf\
z\xb2\x22\xe3\x7f\x01\x80\xcei\x00@l\xb8,\x0fK\
n\xbb\xdeX\xd4\xcf\x8a0\xe5T\xac\x0e\x00J\xa7\x1e\
@0.\xe1'\xc6:h-\xdb{Z\x0a\xaa%\x9d\
\x9d\x80M\x96\xb1\xa4\x96\xb4J\xa7\x5c8\xec\x1b\x89\xf0\
m\x04\x00\x0aOy\x96[\x04\x00\xc2\xba\xdf\x11\x13\xff\
.\x95mA\xb2\x9a\x99\x9b\xf8\x02\x04rp\x1b\xda\xc3\
P\x15\xa7\x05N)z.q\x1d\xae\xe8\xd4J\xa7\xd2\
\xaa\xc3\xc9^\x85D\xa3R\xc9\xab\xe7\xd23\xbfj\x11\
\xbf\xe2V\x09J\xef\xbc\xc2\xf7\x17b\xddv&>f\
\xd3\xd9\x09\x96\x0d\x1f\xc7\xb0\xe8n\xec)2OL0\
\x89\xca,\xf5\x08\x00\xf8\xcc\x02\x92\x04\x84c5d\x04\
q\x0d\x0b\xc4Q\xac\xd7)q\x9e\x8a\xed\xe6\x00B)\
\xb8\xe2\x13\x1c@\x0f\xb2\xbc\xa7O\xeeG\x17\xe0\x98M\
L\xecB\x1a>\xc8,\x80,\x03cl\x9e\xd9\xa3o\
.\xdc\xb2\xd7\xde\xf8\x9b}q\xea\x12\xcb|\x91\xd1d\
\xfb\xd9$V I\xbd\xd2\x9ed\xd8#\x00\x80\x84\xa0\
\xe1P\xedm\x04\x00\xbc\xb5\xc2A\xb1\xfe\x19\xa1\x1f;\
^\xa1\x22\xaf\xb3\xeaGe\xac\xf7\xe1W\xf1\xd2\xb9\xb5\
:8\x7f\x1c~Tx\x8bN\x00 C!j\x0f\x02\
\x00\xad@$p\xeb\xed.\xb3\xf6\xa1\x03\xb5\xe7\xfd\xb6\
\x7f\xff~'\xfc\x81\x01\xac \xf5\x0f\xb0%Z\x97s\
\x90\xea\xfd\xb7\x04\x00\xc4\xa6\xde\xba|\xd9\xbez\xf5w\
V\xf9\xf0m\xdb_\x9d\xb1\xe1\x14\xbd\x22\xba\xff2\xc3\
\x01\xb3o\x1d\x08S\xa4\x05H\xdf\x09\xf1H Hc\
\xe4\x95\x03\xdebvZ\x17\xde@V>\x5c\xba\x17\x00\
h\x8e\xdd\x0b_E\xe6\x08\x9c\xb0<=\xff\xf4L\x9e\
UT2\xfc\xd1I\x81j\x06 \x00\xc0\xd2\xd7\x0f\xbf\
Z\x09\x00\xea\xc1\x1d\xa8\xf8Ll\x99\xa6\xf4\xd4\xdf\x97\
 \xfe\x22\x04Y\x01\xb9\xbb!\xc2\x01\xb4\xc9dh\xd3\
3E\xc6\xd4\x93\x8b(E\xf4Q\x1e\xfd\xba\x15\xbdR\
\xbf*\xf6\xf1\xad\xf2\xe5\xc3\x80\xd6Y\xfe$;\x91E\
c\xc9\x1bd\x5cB\xfa\x16\x8a+\x8b\x10'C\xdcQ\
<Q\x1c\xa1\x08)\x1b>\xf6u\xe4\x0e\xc4\x949\xe1\
\x88\xc9\x16\xeb.\xe1\xa0\xfc%\xbcG\xd2\x80\xa6a\xd7\
\xe8\xedN3#p+\xb5\xd7\x0a\x83\xcfX\xbek\xbf\
\x95\x12L\x95\xe11)\x00`FG\x10R\x85(\xca\
\xf1\x1e\x07\x00x/B\xa4Q+\xe1\xebq\x9e8\xc1\
\xd0\xf6\x02@\x94w\x01\x00;\xcbX\x17\xa6\xc1O\x1e\
\xdfg?\xfe\xf1q\x9b\xd8\x0fK\x0c;\xdc\xd7\xcf<\
8C\x80\x99\xd9y\xfb\xf8\x93\xb3\xf6G\xcc\xa3_\xc7\
0J,\x01\xe8\xa1\xf9\xc7d\x92O\xffiH\xe9\xf5\
\xe2u+Q\xf6f\x00 h\xfeI\xe7?\x9a\xfaK\
\xd0\xc8T\xc6b\xe9\xa9}\xaf'\x87m8[w^\
\xb6k\x17p\x04\x0028B\xbf`h\xf9\xda\xe1C\
\x8c\xff\x8fM\xd8\xee]\xbb\x18\xee\x90W\x94~zz\
\xb0\x83\xe8\xf6 \xd5\xfb\xabmxe\xac\xa7\xd6V\xf5\
\xe3\x1c@\x15\xc1\xd7\xa5\xafO\xdb\xe9\xdf\xfd\xd6:O\
\x7fn\x87b9\xeb\xe4\xa81\xd1]T\xf8\x8c\xa5\xb2\
\x00@\x07ZgB\xa7\x86\x00\x80^D\xfd\xd1\x03\x8d\
\x06\xff\x22\x1e\xfd\xaft\xca\xbe\xcb\x07\xf8\xc8\xaf\xf1\xe3\
l4\xcdOC\x80\x05\xc6\xfe\xb3\xb3yPP,2\
\x1a^4\xfe\x14\x8d[\x1c\xc0z\x9d\xe3g+z\xef\
\xb9\xf90\x22`\x8f\x13v\x0b\xfd5v\xe4a\xec\x8a\
lCB\xb8ad\x0d\x03\xc4\xafx\xbc\xd7\xa5`\x95\
N\x09f\x82\xe3^)&\x5c\x85\xa1\xac\xe9\x89\xcfw\
\xb7|,?\xc9O\xe4\x1c\x08\xa8$\x07\x00j\xb6\xc9\
\x94\xa0\x007\x8f\xa2\x93\xd6\x9e+\xfe\x0cC\x01ma\
&\xe2\x17X\xf9\xd9\x03\x08\xbd\xbd\x0f\x92H\x8b\xee\xb4\
\x98\xca\xc5\x80\xb0\xbc:\x93P\xd2-k\x014j\xea\
\xe46=\xfa\xd9z\xd6\xae\xc6v\xd9\xfc\xe0\xb3\xa8\x07\
\x1f\xb6b\x02A\x18\x89N\xb3\xa0$\x8dtY\xe3_\
\xb1\xffe\x80A\x1c@Br\x81\x0d\x02\x80:\x02}\
\xf3\xa0\x0c@\xcf)E\xea.L\x03\x92g\x95\x98\x97\
\x9dJfy\xe9D\xa5\xb4\xdaY\xdf\xf3\x19\xdf\x05\x00\
`\xa93\xf3\xa8\xc7\x8f\xed\xb5\x17\x18\x02\x1c\xc04\xb8\
\x84\x80}\xe8\xc2k\xb1\xd8\xc5\xcb\xd7\xecOo\xfe\xcd\
\xfe\xf6\xf95dI,\x8a\x02\x00\x1a\x0c}\xa4\xf7\xaf\
\xb9\xff )\x17`\xaa\x1c\x1dB\x89T\xc2PR\x14\
\xf5\xd2\xc4\x15jW\xe7\xe5n)\xcd\xaa\xf7\x04S\x7f\
\xb523U\x0bs\xech\xad\xf2\x84hiW\x02\x00\
\xf5\xe2\xde:\x08\xd3K\x82\xb3;\x07\x86(L\x8f\xc8\
oD\xc4\xb2\x09 o\x1a.J\x08\x9de\xe5\xeb\xde\
\xbdYt\xfe\xfb\xed\x10\x16\x90\xc7\xc7\xc7\xe1\x00\x86\xd9\
\x0em\xc8;FI\xfe%7\x08i\xe5[\x15\xd2c\
:\x86C\x8df\xb1P\xb0\x0b\xa7>\xb3\x0b\xaf\xbeb\
\x83\x17\xce\xd9\xfeD\x91F\xc1\x8a&\x00\xa0J\x02\x13\
56\xd7\xaca\xaa\x88y]\xf52\x0cx \x5c\x1a\
#\x85\xb1T4K)X+A^\xd8j\x09|\x05\
\xf2x\xfa\x05\x00\xc2c\x09\xb3\xe6\xf3\xcc\x00\x00\x00\x0d\
\x96$ve\xba\x1c\x00\xb4\xb0g\xfdj\x1a\xaaR\x0e\
\x0a$E\xc0\xcc\x9c\x93Z\x96\x19\x83\x00A\x89Iq\
\xc2\xfa\xf3t\x9e\xb5\xda\x12\xcc\xf5\xd2\xfb\x8e\xb0\xde\x00\
=1O\x99d\x03@\xabr\xd9\xaaLo\xbe\xdc\x85\
\xb0\xc4\xb9\xc8\xa3\x96$\xcb.A(\xfa\xd6o8\xb9\
_\xe5U\x85\xe3u\xc3\x8ffN*\x1a\x88\xbb\xd6\x1a\
j\xcftM\x0bX\x9f\x91\xfc!Fev\xb0\x9c\xd3\
-\x1d\xd1\x80\xa44\xa4iF\x15\x91\xa6 \x97\xcaK\
\xe5M\xf3U\xe3\x92\x04_\xac\x05OT+\x9a\x1e\xd4\
\xf8s\x16 \xbb\x0cX_l\x0c\xdbd\xdfq[\x18\
<n\xb9\xf40e\xccRj\xc6\xfa)\xa9\x07\xd3`\
\xc5A\xb8\x0c@s\xc8.\x03 2\xfe\xd7\xe5<\x9f\
\x9e\x12\x00@\xbb=O\xfbT\xa0\x88B\x16\xa2\x9c\x15\
~\x00\x00\x94vE\xb0\xfeH|\x1a\x16\xff\x92\xd6\xc4\
\x00\xae.4\xa9\x8e=\xb5\xcb^\xc4.\xa0\x0c\x83\x0e\
!\x14\xebA\x17\x1ec=\xf6\xe9\xe7g\x00\x80O\xec\
\xf2u\x8cp$\xfb\xa8 \x00\x12\xc1\xa8\x16\xe1\x08R\
\x9d\x9b\xa0^\x03\x00\x00\x02\xd4\x9fjT\x15\x18jQ\
\xa4\xcd\xe1\xe5\x1d=S\xfd\xa9\x5ct\x88\xe3\x0d\xe0&\
\xd5\xdf*\xac\x7f\x0e\x00\x90\x1c@\xb4\x18,$\x85<\
\xde\x1f\x9e\x00`y\xbe\x15\xa1\x0aP\xcf\xf9u\x00\x80\
\x02\x10\x9e6\xa4S\x80a\xdd\xfe\xfe.;rh\x94\
}\x10F\x5c\xd89\x8a\xce\xbf\x00\xa0\xaf\xb7\x9f\xa11\
\xedD3\x05\xe4e+\x5c\x8c\xde\xa8Y\x98\x9f\xb5K\
\xa7\xfef\xd7\xde\xf8=\x00p\xc1\xf6\xb0\xf42\x86\xf6\
_%)\xd2D8V\xd5\xf8_\xcd\x0c\x85\x14\xba(\
g\x9f(\x14\xef\xbd[\x05\xb6\x9e\xc4\x08{\x95qa\
\x97zOeA\x84\xa9\xde\xb1B\x86\xb4\xfe_\x16[\
\x98M\xb1n\xc6l.\x81\x87 T\x8d\xebub\xec\
\x94\xceN\x12'\xfd\x81\x12\xe9\xcd1\x9d)\xb9\x85\x96\
\xd5jK\xf3\x02\xe3\xe5\x1c\xac\xbf\x04}c\xf4\x14C\
\x10A\x07\x89A\xc4AZ\xc2\xf4\xa0\x0aXf\xae\x95\
\xce\x88\xd0\x05&\x92}\xa8\xf7S\x03\xf2\x9eN\x09\xe3\
\x1bq=k\x15\x85R/B\xd6JG\x19<Qo\
\x84U*\x9bc\x18p/\xc78\x92\xb0$\xc8\xea\x00\
\xd9\x93\x08B\xb3\xb4K\xc4Z\xde3\xc82\xb0\xb7\x17\
/\x80P\x0e\xdeP\x15i\xcb\xe9J\xcdW\x0dM\xeb\
)\xee\xa1\xae}\xbe\xd6cWQ\x0d\xce\xed\x80\x0b\xe8\
\xdam\xf3\x80\xb8\xe4\x0dI\xf2\xae\xad\xbd\x05\x95\xd0\x87\
\xa7K\x0b\xbb<\x13K\x11q\xff\x08G~\x5cn\x00\
\x00T1\x0e[d-@)?C\x99\xa9\xf4\xbd4\
 \x18\xd5t\xd0\x9a\xa3\xc0\xbc\xdc\x021<\x22l^\
+)>4T\xbe\xa8\xab8\xf6\x07;3u\xec\x01\
\xee\xb0\x97_b\x08p`\x87\x8d\x8c\x8fY\x16\x9b\x88\
\xd7n\xcc\xb3\xde\xff\x0b\xfb\xec\x8bK\xd8\x91@\xe2\x8f\
)\xf5\xa8D<_*\xab\xc5\xbc\x852\x0c\xe9X\x22\
\xd5P\xa6*\xeb\xd0s\xab2\x95\xe2 \xd4\xa3\xe6I\
\x03\xa2\xfeP\xef,\xfc)\xa1\xf3\x9fg\xc5\xaa\xf0A\
\x0299\x01\xc4\x92\x0b5\xe2\xf7\xf2D\xb9\xb8\xa3\xac\
U.t\xab\x9e\x04\xb5VZ\x1d@\x00\xf13<\xd3\
y7:\x0e\xc7\x8f\xed\xb7\xfd\x13c,\x80b\xea\xcf\
\x17\xfd\xf4\xb7\xe6\xfd\xd1j\x04q\xd6\xeadC$\xeb\
\xffm\x01\xc0\xb4]>\x85\xc1\x04V\xff\x0d]\xb8d\
\xbb!\xfc&\x5c@\x05-@\xb1\xd1\x1dL#i\x89\
\xa7\x84%\x9a\x01p\x83\x1c\xc4\xe1\x00\xb0\xfe\xb8\xd4G\
\xe1[\x00\xa09i\x8d]\xd53cy\x98\xc7e\x1a\
\xba\x08bz6\x87je\x00\x00-\x83M0N_\
V\x94\x8f\x8c\xcd\xb9\x09\xe2\xe8\xa2uK\x85\xb8\x00\xb2\
.8\x00\x04\xf5]\x09]\xe6\xa9\xccY\x8e4\xbd\xc4\
N4\xe6F\x88\xbbS\x15A:4C\xa0\x19v5\
\x00\x99\xb8J\xd2p\xdc\x02\x11\xcf\x04\x00\xe2\x00\x9c\x9b\
\xe0\xce\xc9\x86\xf4\xcb\xa9B\xf8\xf7\xa6\xef\x17\xe1\xf1\xe2\
o\x00\x0f\xea\x5c\xfe \xc4\x1a\x0da\x9e\xaek\x0a.\
`\x1e\xa1`\x93J\xcd\xc2\x05H]\xb8\x8bC \xa0\
\x15\x9a5\x9e/\xb6\xdd\xc5\xd0V\xbf \xd5\x84\x8b\x09\
,\xd8\xde\xf35\x94\x82:\xf6\xda\xdc\xf8\xd3\xb6\xd0;\
asu\x1a\x0eF0\x22\x00\x00r\x09\x97T)\xfd\
\xae\x1eKn\xd6\x1b\x91\xa2'\x1f\x0e\x00L\x1fWK\
H\xc2\x99\x0a\x0c\x00 \x8e\x84@\x95\x185r\xafm\
\xc2V\x5c\xde\xd8\xfd\x85^>\xd4))*+\xf9\xf6\
\x95\x8dh\x1cf\xd35{\x8a\x051?\xfd\xe9\x09\xdb\
\x7fh\x97\x0d\xb0=\x98VF|u\xe6\x86\xfd\xf5\xfd\
\xd3v\xf9\xda<u\xc7\x8a?\xf2\xb9.G\xe0\x8a\xa1\
\x15\x8b\xd7h\x98\x95\x82HU\xbb\xa4\xd9\xa7!\xd5r\
\x196i\x93\x12\xd8S\x14\xf4\xe6\xad\xcc^\x98\x92\xe3\
\xa8\xde\x832\x0e\xaf\xe8\x5c\x04\x1a\x0f8\xda\x8cVu\
\x0a\x16\xa5\xcd\x19\x1d^\xf4\x84\xa9\x05_1\xd6\xdah\
\xd3\xbd\xce\xae\x98\x1d>\xbc\x97\xde\x7f\xbf\xed\xc2\xe6\xc1\
(\xc2\x80\x11v\x8a\xeeE\xedWc\x7fI\xfe\xb7\x8a\
\xf8\x95N\x07\x00\xcdc^\xfa\xe2#\xbb\x0e\x00\x0c_\
\xba\x0c\x00\x90Y\x00\xa0\x0c' B\xd5\xd8?A\xc2\
\xc5z\x06\x00P%\x8b\x186B\x9a\xeas\x84~\xc2\
\xbem\x04\x00\xd2$v\xb7\x0bt\x121\x95\xe8\xf9\xf3\
\x02\x00J;\xa5%\xcf\xbc\x9b\x01T\xee\xa9ra\xa7\
\x86\x10\x86\x8d\x83\xdcCT\x90L\xed\x09\x90d\xffM\
.\xe8\x018V{#Q\xe5J\x09F\xc0\xa7\xba\x84\
{\xd3\x89\x1f\xff\xf5\x8a\x09\xf7zx\xbfS\x88>\xe2\
\xc4\xaf\x00@KJ\x0bH\xaeg\x90\x03L1\x04+\
\x22\xf8\xd0,D\x17C\xa1n\xca(\x83\xfa\x9e\xc6\x86\
u\xd8\xbd\xf5\xd2\xa5\x9a\x9e\xe0r\x1e\x00\xf8\x06\x00\xb8\
\x90\xdem3c'-\xd7\x07'\xd0D5\x98\xa9?\
\x01\xaa8\x00\xa4\x12\x84K\x8a\x94v\xef\xa9\xbf\x7f\x00\
\x10\x86?\x14\xaf\x88\x04\xa0\xe9HUa\x8d\xc71\x87\
\x15\x00\xa0\x17\xa9\xb8\x8c||\xfc\xe9y\x86\x00\x17m\
.G\xfbB\xb0\xd9$\x9f\xebr\x11\x00\xd0\x11\xa9\x0e\
\xd56\x96\x00@\x80N}C\xf8R\xf9\x15g\xd3\x84\
5\xad3t,\xd3\xfbK\xf1G\x96\x80\x83\x01O\xad\
F\x84\xc3\x13\x00(\xac\x95 @8\x1a6\xf3\xc3+\
\x953\x10I\xa5\xaa\xad\x08T\xe2\xd2\xb6e\xb9s<\
Qff\xa3\x1b\xa3\xa7\x870\x81\xbe\x0f\xd5\xe7\x01\x14\
\x81\x06\x99\xf7\xc7\xf0\x89\xd4~\xe9 \xc2\xd8\x7f]\xb9\
[\x97\xa7\x00\x00sSv\xe1\xf3\x0f\xed\xfa\x1b\xaf\xdb\
(\xbb\xfa\xee\x96\x91\xfd\x18\x9b>\xc0\x01\x08\x00\xb2(\
\x98\xc4\x97\x01\xc0R\x8f\x18\xf2\xb4\x9e\x98\x84\xb3\x1a\xb3\
\xea\xd8N\x00\xd0pBG'\x94,\xdd{\x01V\x1e\
\x10\x90\x5c \x01\xc1ia\xcd=(w2\x8bb\x08\
\xea\x94\xe9J\x83\x15\x8f\x05\xdb\xc3\xf2\xda.l\xc3Q\
=T\x8a\x06+\x80\x9c\xbe\xe1P\x7f\xe0\x95\xa5\xfa\xf3\
?\xe5\x9b\x1b=\xe4\x1c.u\x13\x9c\x9a\xc0j\xce\xe5\
\x07|\xa4!\x00\x03U\x94\x90X\xccC#\xba\x87\x01\
\xc998\x01\x19=\xede:\xb2\x8b2J\x03\x00\x0a\
\xb1\x86_n\xd7\xed\xf4\xd5<=\xfa\xb7\x00\xc0\xb9\xe4\
\x0e\x9b\x1a>\xcel\xc0!\x14\x82\xb0\x9e\xcb\xa0*\x00\
\x00\xec,\x00\xe0\xbd\xb2\xc2\xfe^\x03@\xe08\xb5\xce\
@f\xc1\x0e\x1f\x1c\x85\x03x\xda\x0e\x1c\xdac\x1dL\
\x87I\xdb\xef\xc3\xbf\x9d\xb3\xb3\xe7\xef2\xacb\x9e\x10\
\x83\x1f\x12(\xaf\xcb\x89.\xf1\x18\xe4Q\x02\x00\x0e:\
9\xafm\xafW\xee\x99\xee\x13\xa7\x93\xa4\x13ir]\
\xc6rp\x09\xe5\x9f:39r\x9a\xc3\xd7jR9\
\xb5\x1b\xa7\x7fB\xb8\xcf9\x00\x84NE\x00\xe0C.\
*UmLS\xb2F\xdb\xa3\xabb\x97#l\xbd\xa2\
\xf8s\x02\x9b\x87\xfb\xa5\xf6\xcbb\xa7\x01\x84\x9cZ\xf4\
\xa3\xde\xdf\xcd\x82\xc3\x95n9\x07\x90\x13\x00|\xf6\x01\
2\x80\xd7m\xec\xea5\xdb\xe3\xcb\xdc\x00\x00\xc6#\x1a\
\x02t\xa2\x03\x10G\x11(\xe2\x00\x5c\x1a@N7\xc2\
\x01\xa8H\x9e\x04\x00\xa8\xa7\xaf@\xe0\x11\x00\x88\xa5\x97\
\x1c@\x95\x9bb\x1aSc\xe4[T\xd8\x14\xe8\x1a\xdf\
9\xc6\xfa\x87\x8a\xf5\xdf\xbbm\x13\x18\xb6\xe8\x07\x00|\
CS*R \xa5\xf1\x1f\xedaU\xa7\xeat\x12U\
C\xe1\xda+E\x17\x91[\xd1\x06\x82'5\x125:\
\x02\x95\x22\x0e\xb1\xe4\x11D\x8a\x03\x98aV@\x9f\xf7\
 $t\x00\xa07\xd1\xbc\x80\xc0lePQ\x14\xab\
\x9d\x05\x169V\xbd}[G\x1f 6j\x93\xe8\x02\
\x14\x87\x0e1\x13\xd0K\xe4\x01\x00$\x04\x94\xa4\xc3\x0d\
O\x0a\xbd\xd4+)M\x1bA\x1a\xbe\xdb\xee!\x80\x93\
\x0c\xc9\xd3\x903\x86pL\x00pp\xff\x88\xfd\xf4\x1f\
\x9ee\x08\xb0\xdb\xd78\x9c9\x7f\xdd>;u\xc5&\
\xa7\x94\x9f\x1e\x97\xfe\x07\xd9\xc1j\xa5\xb3\xe2\x99\xd7\x85\
\xeaC\xb0\xee\xe4\xe8m\xda\x9f(\x7f\xc4\xdd`\xb6H\
e%\x0e\xa0\x8e)\xbc\xc2\x02\xcb~Q\xfc\x89\xab~\
\xa4\xb5\xa7\x06\x22Z\xe0\xc0\xbb>}\xd0\xf9\xb3\x00\x00\
\xc2\x02\x95\xb5?R;c\x88*etq\x00C\xc3\
\x9dL\xfb\x1d`\x08\xb0\x8f\xb1\xff0\xcb}\x03\x00h\
\x17d\x0d34U\xa8v\xb6\xd9\xb9\xff\xe5\x09\xc4\x82\
R\xbd\xb90?e\xdf\x02\x00\x81\x03\xb8f{\x01\x80\
&B\xc0\xb2\x00\x00\xdfY\x0d\x01`+%\x90\xaaB\
LA\x02\x1e\xda\xcbF\x1a\xa7FAMz\xbdU9\
\x00\x90t\x1eb\x9c\x9a\x9eG\xc7\xa2a=\xcc\x02 \
\x12\xdb\xb0\x0c \x02\x00\x17\xa4\xc1\xf2KmY\xbb\xed\
\xaa\xd0\xb3L\x0ba\x18\xc6\xae\x02\x00\xd3{\xc6-\x83\
ye8bK^>k\xbb\xa6o\xda(\x99\xed\x81\
\xe5\xee\xa0b4\xfb\x10'\xaf\x81\xe5\x17\x80\xa8n)\
|Gn\xb1\xda\xe1P\xb5\xabR\xf8o\xf9\xf0\x93n\
\xees\xad\xd7\xe4\x9fpDp\xf4R4+\x04\x80H\
\xee\x19\x06L\xb3\xd3\xb2v\x9f\xe9\x82\x0b`\xfe\x03\x85\
\x1d\x86I*o\x92\xbe\x912&pF\x92p\x00\xf5\
\x1ec\x07\x07\xbb=p\xd4JCG\xac\x9c\x1a@\xca\
\xac\xa1\x1c\x8dn\x11\x00\x94\x18\x92\xf9\xb8\x00\x00{\xac\
\xc5@\xd5\xd2\x1cB\xb1{h\xc4\xa1}G\xfc[%\
\x03\x08$C{\x13y\xc2~\xa7i\x8f\x07&F\xec\
'/\x9f\xb4\x9d\xac\x05\x98\x9a[\xb0/\xbe\xbah\x17\
.#\x8do\xf6\x02\xd6,\xf9U\x8b\xf5\xc2\xbe\xaf\xf8\
W\xbf\xa1`\xe5\xd5\x8b\x80_\xd5e\x18v\xf0\x84\x7f\
\xd9\xbd\xac!\xf0s\x1d\x7fz\xea\x0a\x86>s\xb0\xff\
ufn\xa4\xf5\x17\x09\xe34\xf6\x0fS\xc6\x22N\x85\
\xb6\xc2ypK\x15\xa9\x98T\xab.Lg\xe8\xd9`\
\xb1]\x06\x81\x95\xd4~\x9f~\x1a{\xffh9\x0e\xb1\
\xd2Q\xe6\xbe\xfa\xd1s\x90\xe2\x8fz\xff\xa8\xe7\x8f\xce\
+by\xac[\x94\xde\xeaM\xe93\x7f\xcb\x10\xe0*\
2\x80\xd1\xcb\x1a\x02\x80J\xadY\x00\xd9\xf2w! \
\x00 6Z\x02;\xc9I\xc5\x19(\x1b\x1bq\x0f\x93\
\x01T\x00\x80<\x84\x7f\xe7\xde4\x08K\xaf\xdc\x89\xa1\
\xc3\xd6\x985\x14\xd8\xfab\x92\x14_ \xa0\xf1\xbf\x16\
\x12ik3\xa5Yv\x0c\xd0\x1a\x07\x00\xe2v\x05\x22\
\xbf\xb5{\xdc:\x9f{\xc6\xd2\x14n\xe5\xf4g\xd6{\
\xe94\xb2\x8f\xb8\x8d2\xce\xead<\xaee2\xaa \
-\xb9\xd5*H\x8d\xfb5n\x93PP \xe0o\xa9\
\xec\x95e\x80\xb7\xd0\xa2\xd6H\xae\xb0(H\xdd}I\
\x8f\xb0\x9f\x8dO\x00\xbe\x05\x99\x91f\x0e\x98\xa1A'\
\xbd\x8a6<u\x0e\x80<l\xc4\xc9\x06`\x89)\xbe\
\x8b\x8d^\xfb\xaa9d\xd7{\x8f8\x00T\x98\x0a\x94\
M@\xed\x9f(\xe8q\x89\xc4\xa2\x0c@=\x12)'\
_\xebw\xfaB\xc21\xac\xe1\xa0b\x5c\x04\x00\x0a2\
\x0aB\xfc[\x01\x00J\x8es\x98\x00\x9643\xb5~\
!\xc5X\xd97\x07y\xf1\xb8\xf5\x0d\xf5\xd8\xa5k7\
\xec\xf4\xb9\x1b\x00\x01\xcb\xae3\xa3\x14\xac\xe6\xfe\xbd\x80\
\xd7\x97\x0dy]\xf4\x09\xcc(N\x7f\xc2\x85\x80\x8c\xba\
\xafVX\xe0D\x9ed\xf3o~v\xca\x0d~j\xca\
/\x01\x80\x0b\xf4E\x8c\xae\xdb\xd2\xaa&=[\xcd\x85\
5\x1fxR\xfa\xd4\x0bx\x17B\x97\x88\x00\xb0^\xcf\
\xdb\xf0\xb0\xcc}\x1d\x0a\xbd\xff\x8ea\xb7\xf8\xd3\xdf\x8f\
\xbd\x03\x86\xa9\xda\x0ao\xf9\xd8\x7f\x8b\x01\xa0\xd1\x94>\
\xb3\x00\xe0\xca\xeb\xaf\xd9\x88\x0b\x01i \x98\x00\xab`\
\x8b=\x9a\x05\x10\x07\xe0\xe3k\xe7\x00(\x9c\xa8a\xae\
\x91\xe1\x95\x85\xe0\xe8JO\xa3\xf3j\x1c\x80\xe6\xc8K\
\x8c\xd1o\xdd\x9d\xa611\x17\xda\x85\x8a\xe7c\x02\x80\
,\x1b\x0b\x002\xa4QVu\x1d\xb4\x88\xbb\x17{\xf9\
yX\x82\xcb\xcc\xfd_\xdb5f\xdd/\xfd\xd87\xd9\
,\x9c\xfe\xd4R\x80\xc0n\xaa\x7f'+\xacz\xd0\xd7\
O\xabw\x83P\xa4\xf1\xe8v\x12!v\x11~\x92\xd9\
\x85$h\xa0\xc6)\x81\xe1\x86h\x86\x10U\x5c\x92\xa7\
h\xdc-R\x918n\x81\x9dg\xee\xc1\x01hc\x8a\
,\xdc\x89\x00@S\x98\x02\x00\x8ad\x03\xceK\x99\xfc\
&\xed\x12=\xe2\xdf\xebCv\xad\x17E 8\x80j\
F\x00\xa0\xa1\x9c\xc2m\x01\x80\xe6\x9e\x89_\x80\xb4q\
\x00P^\x04\xe9\xc1.`QK\x82\xdd*\xd0\xd6\x01\
\xc0\xe2,\x00\xc3\xa4&\xac\xb8\x8c\x90N\xb0;\xd0\x8f\
\x9e{\xca2\x9dLu^\xb9fWob\x85\xb7\x0c\
\xcf\xc4\x9a\x07Y\xfcq\xc2r\x81\xdb:\x8a\x8d\xb2\x0d\
\xcdW@\xce\x95\xea\x93\x1f\x1dn\x8e\x1b\xc2\xd7\x10@\
\xec\x7f\xad\x94\xb3\xd9\xe9I\xcc~c\xf3\x009\x8dl\
\x0f\xac\xd7y\x9d\x8b}\xd74\xb4\xb7+\x01@\x90\xc3\
\x08\x00\xd2t\xb8Z\xdct\xf2\xe4a\xdb\xc3y\x84\xe1\
\xe9\x083\x1c\x92\xfc/-\xf9U\x9aZ\xa9]\x0be\
\xd6\x9b\xa0e\xfe\x9c\x03\xd0b\x86\x0b\xa7>\xb2\xcb\xaf\
\xbd\x8a\x1e\xc0E\xdbC\x82b>\x0b\xa0\xf9W\x0d\x01\
@\xbce\x00 \xe2\xdfr\x00\x80\x03\xc0\x90\x8b\xdd\x99\
\x04\x00\xb0\xe5\xde\x9b\xedy,\x00\x10\xf1\xabQk\x0a\
Pl|\x91F.A\xa0,\x18\xf5a\x19\xa6\x005\
\xcb\x9c\xf6\xf5]\xe3\xd6\xfb\xb3\x97m`\x0f\x0bg\xce\
\xff\xddj_b\xfe\x8cu\x01{\xa8\xdc\x01q\x00-\
6Y6\x0f+\xa0\xa0\xb8\x9f8\xc4\x9fj\x01\x80\x08\
_\xd3\x81\x1b\x01\x00\xf9\x15\x07 \x00\x10G\x22R\xac\
\x90\xae\x05\xa6\x01\xa7r\x0b\xa8\xadV,CC\x11\x00\
H\x19H\x00@\x9b\xd9\x80\x13\xbb\xac\xfc\x0a\x00z\x1c\
\x00\xc4\x01\x14\x860\x13\xe6\x00@\xc3u\x00\x08=P\
s\x11\x00D\xfe$n#\x99!U\xdb\x09\x00\x9em\
\x81.\xe5\xd1\x04\x00\xeae\x94\xd3\x00\x9b={\x86\xec\
)\xd4c\xab\xd4\xcf\x95\x9bwX9\xaa\x1c\x0fr\xf4\
3\x04\xd0\xf4\x9f\x16[\x89\xb8\xd6\xe1<\x12\xf2\xedN\
g\x88?\xba\xf5V$\xa5&\x1a%\x02\xc8\x02\x5c\xf2\
\x02\x1c\x80\xf4?Rt \x1a\xc2\xad\xd7)H\x01\x86\
\x0b\x1b\xd5\xae`\xfb\x9b(_\xc1\xabB\xd4\x15\xc6\xfa\
\x9dv\xf4\xa9\xfd,\xfc\x99\xc0\xf0'\xa6\xbe%\xfc\xc3\
\xdcw7\xf60:\xb2l\x84K\x9b\x94\x13\x00D \
\xe0\x0f\xb6\xe0\x07\x00h4K\xcck^\xfc\xfb\xc7v\
\x11M\xc0\x81\xf3\xdf\x02\x00\xb0\x5cI6}`\x16@\
\xecW'2\x80\xb8d\x00$ \x10S\x00\x80\x8d\x00\
\x91\xf7M4v\x9dW\xe5\x00\x00\x00I\xc5\xefLJ\
\xa9\xa4l}\x98:\x92\x0c@\x1b\x8f\xea\xab\xf5\xba\x88\
\x85\x0b=(*\xb7\xa8-\x8b\x0b\xd0\xca\xc5~\xe6\xc2\
\xcb\xb0\x03\xd7Q\x7f\xbd\xbac\xd4\x06\xfe\xf1?\xd9\xf0\
\xa1CV\xb8z\xde\x16>\xff\xc0\x06\xe6\xe6l\x02+\
:C\xa8\x08'\x91\xf8\xaa\xa2\xaa,\x88*\x01\x005\
\xb1}\x10\xbf\xd6C\x08\x04\x22MH\xa7\xe8u$N\
9\x08\xc3\x08\x08[\x00\xd0Z\x9f\x0e\xc4\xfa\x02\xa1)\
\x84\x80%\xa6\x98\xb4\x00)K\xc1JiI\x00\xa0\xf2\
Z\xbf\xd37\xa4\xd9\x01\xa0\x1b\x00\x18v\x0e \xdf\xe2\
\x00\xb4\xa3\x0d\xc2lB\xfd\x8f\x01\x00\x22F\x01\x80\x94\
\xb1\x1a\x94\x8d\xe6\xcb\xc7G{1\x8a9l9\x8co\
L\xa23R3\x84\x9b\xc9Q\x04\x82\x9c\xe1\x18cH\
\xd3\xa5\xe3\xb0.w\x1f\x000\xce\xc3-\x02\x80\xb3\xe9\
(\x8b\xd1v\xd4\xfb/\xccN\xba\xcd?\xe4\xc4\xb0\xe3\
Za\xb8\x11\x00P\x9b'|\xf2!\xae2\x1c\xbe*\
\x04Ab\xcd\xc7\xfe'O\x1c\xe6\xbc\xd3\xb7=\xd7z\
\xff^\xb6\xfc\xea\x02\x00\xd2+\xa6\xfe\xb6\x01\x00\xea\xcd\
2\x19\xbc\xf4\xf7O\xec\xc2+\xbf\xb5\xdes\xdf \x04\
\xa4!\xa5X\xb0\x82\xd4U\xd2\xceE!`\x0b\x00\xd4\
,%\x1b\xd8X\xd3\x84m^\x01\x00^\xb1\x04\x22\x16\
]2\x00\xf5\x86w\xef\xcd\xb2\xc4\xb2d}\xac\x05\x90\
\xea\xf1F\x01\x80V@\x83\x81\x80\xbcrk\xb6\x80N\
C\x09\x10\xd0\xd8}\xa0\x8az(`v\x93\xb5\xe1W\
\xd9\x5c\xb2\xffg\xff\xc9F\x8e  \xbb{\xdd\xee!\
\x04\xed\x9a\x9c\xb4\x03p\x07#\x00@\xca\x01\x00\x8b\xbc\
TP\x89E\x02\x02\xbf\x00\x00\xb2\x89\xa8\x12\xd0\x92Z\
\x08I]\xfa:\x9cHN\x87\xcaL\x00\xa0Y\x15\x91\
\xab\x03\x00\x1c\xc74\x00\xa0}\xeaR\xf4z\xd8\xb7\x01\
\x00\xc4J\xabQ\x86\x86\xc9\xc5:\x1c\xf5B\x03\xab1\
\x8c\xb8\xd8\x0c\x00p\xb5\x17\x80\x1b:\x0a\x070\x82\xa0\
LBU\xca\xe7?\x0a\x00\x90c\xd9\x8f\x08\xc5\x0c(\
\x03\xc8==I\x16\x00e}?\xbf\x12c\xb0fb\
\x80\x83\xd9\x1c\x16@\x89g\x8a\xb1\xdcY\x12\xf5u\xb9\
\x07\x00 \xe2\x00h\xdb\xb0\xeaM\xf4%\x04\xa8%\x86\
\xc8yf\xca$\x07\x90`\x10\xc4\x01\x00\xd6\xbfBE\
\xdc\x15\xd2\x17\xc2T\x0b\x10\x00h!\xba\xa4?l\xf5\
\xd5\x9b\xb6\xa3G\xf7\xb9\xf4\x7f\x1c\xc9\xff\x18\x06?\xb4\
\xde\xbf\x0b[\xffY:\xc1\x14\xd2\x7f\x11}\xd0/\xa0\
<\xb8\xdeJ\xe7\x1c@\x05\x1d\xee\xcb_\x7ff\xe7Y\
\x0c\xd4}\xe6\xac\xed\xd3R\xe0$\x0a\x0fH]c\x02\
\x00\xa6\x01e\x0f@D\xa0Y\x00\x92C#\x0e\x00\xb0\
\xde\xe4\xc8w\xd0]\x07\xd1\xf9>\x02\x10\x15\x89\xc6\xd8\
\x02\x80*\x0009=\x870\xa9l\xdd\xcc\x02\xb8\xc1\
\x118\x00\x91\xcaz\x9d\x0a[\xac\xba\xcc?4`\xdf\
\xe6\xe9\xc1\xcb\x0e\x00f\xfd\xa8\xc36\xc8\xcbm\x00\xe0\
\x9a\xb4\xab\xfe\xe1\xa7\x0e\x00\xd5\xb9{v\xe7\x8b\x8f\xad\
\xe3\xe6M;Hlch{\xa5\x98vj\x22t\xaa\
\xb2\x09G\xd9\x01 \xe2\x00\x108AD\x02\x00\xad\x86\
\xd0\xa8\xf1QN>\xd4\xb3\xc8\xb7\xcaK\xc3\x11\x0d\x03\
\xa4\x12*\xa5\xa5\x1c\xd2\xffit\x01\xb4\x0f\x82\x00@\
\xeb\x00\x04\x00RE\xde\x08\x00x\xbd\x88k\xa1\xd7\xbc\
\xca4\xe0\x97p\x00\x97\x01\x80\xe20\x00\x90\x1e!\xbd\
\xb0\x92$\xc4\x8da\x88\xaax\x22\xaeD\x80\xe9)\xf3\
3\x97\xebr*iqg\xac\xac`\x0a\xb5\x88Q\xd0\
<\x82@i\xccI\x81*\x84\xa7^R\xb5\xc7\xbd\x86\
K\x0e<\x8f./E\xbf\xe8K\x8d\x9f!\x80$&\
\xb4\x10\x00\xa1\xca|9\xebR:P\x8a\xe9`1\x13\
\xa2\xddz|\x90L\xf4\xa3J\xab\xbc\xa1N\xeb\xf3\xea\
\x0ae\x1d.\xca\xbb\xd7\x0cq9\xa0+\xc5\xd4\x163\
\x0f\x0df\x01\xf2\xe4\xad\x8a\xbd\x0c6\xe8\xe59\xb9\x80\
\x16\xb4\x16c\xbd\xce\xdb\xa4\x14\xcf\x01\x80\xc0\x9d\xc8\xd4\
7k2P\xfc\xd9\xbdk\xd8\x15\x7f\x0e\x1c\xd8\xc34\
`\x1f\xd3\x7f\xecy\x88\xf4?\x83\x95#\xf5\xfe\xda\xe6\
Ln[\x01@\x92\xce+gO\xd9\xd9W~g\xe9\
\xaf\xbe\xb2\x03\x10L'\x89\x93%`UE\x92\x1eO\
\x00\xa0b\xd1Z\x80`\x0a\x5c \xb0\xfe\xe6\xa9o\xbd\
!\xa8\x01r\xa5\xa6\xad\xb3*Z\xc0\x22\x85\x97\x0a\xef\
&gXd\xc1\xaa@\xed\x06\x04\xec\xf8ND\x11X\
\xe0\xf5\x91N\xa1+]\x1aoi\x8c^\x84\xe7Uz\
\x95\xfaN\x80\xa1\xccq\x87\xb8\xee\x8e\x8cZ\xf7\x0b/\
\xd9\xd0\xb1\x13\xd6dzg\xf23\x00\x80%\xd1\x07\x00\
\x1c\x18J\xaa\x0b\xddl\x01\x00m8,\xbb\x85h\xbd\
\xf7T\xe3\x96\xa3\x818K\xb7\xd8T\xc3\xe35~%\
4\x5c\xe2\x00\x94\xffP\x1e\xae\x0b\xc0pp\x1a\xae'\
\xcfZ\x08M/u\xe0W\xcb\xa0\xe93\x08-:\xd6\
\x08x\xd9c\x95\xa6TNU\x9es\x98\x0a\xff\xbc>\
`\xa7\xfb\x0eXe\xec\x18\x5c\xd6\x10=\x18\xab\xe3\xe0\
a\xa5\x90\x94`\x88!y@\xa8\x8d(\x0fQ\xde\x96\
\x05\xba\xca\xa5\xd7#_J\x89E\x96\x80e\xbbNf\
\xc15\x0b\xa0\xed\xb1\xc4&\x8b\xcf\x08\xe3d\xe0\x9ez\
\x0d5\xadx\xa2\xb8V\x09\xf8\xbeG\xa1|\x94}i\
\xe0\xf9jE_,\x83Ud\x0ca\xf6\xf4\x0f\x03\x02\
}t\x1a\xec\xf1'\xe1_\x02en\xaf\x8f\xa0\xb8s\
_Pk\xdd\x90\x14O\xa7\x83\x00\xf1(.\xfeb\x12\
|Q[M:\x81Ra\xce\xf2\x8c\xfd\x11BX\x16\
UQ\x81g\xc3\x87\x80\xeb\xd46$$\xc5!\xbeN\
s\xceq\xb8\xea\x06\x0b\xed\xb0\x7fm\xbd=\xf1`\xf0\
\xe3\xf0\x04\xfb\xfc\xed`\xec\x8f\xf4\x7f\x18[\xff,\xfa\
Iu\xb0\xe2/}\xbf\xda\xaf@`\xcb9\x00\x02m\
V\x91l^;\x7f\xc6\xbe\xfe\xfd+\xd6\xc4(\xe8A\
\x1a?k\xac\xa0nZ\xa6\x16\xb0hN\x1a\x00\xd04\
\x98\xaf\xa7o\x11\x95\x0b\xaa\xd6[\x9f\x14A\xf0\xaaF\
\xa6&\xa4\xbb\xf0+\x5c\x94\xe5\xdb\x0a\x046\xc5\xb8n\
6\xc7&$\xac\xd0K1\x1e\xef\xa2'\x141\xe8\xab\
\xf58\xf9\x13\xb1\x07fK\xe9\xd5\x13\x11\x13=\x08\x0d\
?O\xa3\xbfM\xcf:;\xa2i\xc0\x17\xff\x7f\xf6\xce\
\xc4\xbb\xaa\xeb\xba\xc3G\xd3\xd3\x8c$$!!\x090\
`\x036\x9e\xe3\x8c\xfdw\xdb\xd5\x95\xae&\xab\xe9\xea\
\x8a\x13gr\x92:v<5\xc1\x89\xb1\xf1\x14\xc76\
 \x06\xa1Y\xefIo\xe8\xf7\xeds\xaf\x10\x04\xd0\x13\
\x15\x81$\xbd\xa07\xdd{\xcf=\xd3\xfe\x9d\xbd\xf7\xd9\
C\x9a|\xe6\x05\x00\x8e\x15\xf8\xed7S\xe5\x02\x9e\x90\
$>=\xa4\xfd\x03\xfa\x8fM\x94d2l\xfaA(\
\xf7K,\xe1\xbc\x84\x5ch\x1b\x8a\xb5\x8d\xcf\xf7>l\
\xa9-\xb6\x15\xb68\xaff\xe1W\xc9\x9a\xd6\x1d\x8a\xc9\
\x85U\xbc\x03\x01>u\x00\x03\xb8\xd3\xf5\xd2fA\xd2\
\xfb\xec\xa7v\x0e\xa6,\xbe\x03p\x00V\x8f\x1d\x80\xb7\
\xeb\xa3\xe9\xcd\xd1\xb9\xd4\x9a{\x86\xb8\x07#\xa9\x8b\x98\
\x81\xd5^H\x89E\xa5\xe2\xd0\xd2\xb8\xd8\xd2\xa4_\xf2\
\xca\xd7\xceS\xca:\xd1\x1f\x01\xac\xc5.\xc0\xeaUD\
\xb7\x05\xd89\x5c\x8b\x05\x18\xdaQ\xc6\xe9\x0b\x00\xd8\x03\
X\xe6Z\xe4\x9eb\xd2Q\x1e\x95\xc5\xde\xa0\xe9\x8a\x0c\
\xdb\xdf\x0b\xe1\x8f\x8c\xccD\xac\xff-\xb8(wc:\
@\x9d<\xea\xed\xf6\x16Oa`\xf2\x0e\x88#\xe9?\
z\x90\xe7\xd1)\xb4\x8d\xb1ga\xd4H\xae\xba\xba\xc4\
\x82@4fh\x81Jp\xe3\xde8\x00\xaf\x07\xd6\xb9\
\x151\xa6[\x8f?\xec%z\xd6\x90\xf9\xc7\xd3Y\x9c\
~\xb4\xf9?<5M\x04\xa0\xc3ild\x22B}\
Wp\x096\xd9g\x9bC\xdf\xde\xc0\xdd\xe1*\x16J\
\x00\x80A\xfb\xea\xe3\x0f\xd3\x1f\x7f\xfc\xc3T\x7f\xe7\xed\
t\x12\xad\xe7\xb8\xec?\x1d\xdfr\xc5\x00\x00z\x00\x00\
W@9\x80\xda}\x01@\xf47Up2\xe7i\xed\
g\x89C\xc2\xd06~\x13\x22\xbb\xbe\xb4J\x22\x875\
\xfa\x8c\x00\x1d\xf8\xe9\x0b\x00\x12C{$\x90Kw8\
\xdd>\xcbn\xb3\xf9)!\xf72a\xd7\x98\x88\xf3\x02\
\xc0\xf8\xa1\xd4\xff\xfcKi\xe2\xd9\xaf\xa1t\xe3\xb9\x00\
@\xf7\xf9\xf7\xd3\x09\x02[N\xee\x00\x00u\xcar?\
\x95\x12\x00\xdd\x16T\x93\xc63J1\x88/\xf7<l\
\xe3\xad\x00 \xeb\xbc\x03\x00\xd0K\x5c'\x8f\xdd*\xca\
O\x1d\x90\x06\x10\x87\xcc\xc1(\x03\x9d[\xde^\xebw\
\x02@g\xfd`z\x07\x00xc\x8c\xcdM\x00`\xab\
1\x0a\xd0\xb1\x0b\xd2\x8b\xde\x81\xc5\xab\x17\xe6\xae\x9b-\
\x13\x17;\x15\x9a\xc5\x22x\xcfv\x94'\xf3\xe8\xdd\x0e\
\x00\xd8\x01\xe0\x11x'\x00\x00s\x8b\xc1\xf7C\xbb\x87\
\x82\xa2\x04 \x00PY\xec\x0d\x02\x00\x98#\x95\x0a\xe6\
\xb1\xa33\x11\xeb_\xb11\x9c\xb3\xb0Y\xcf\x00 \xc8\
\xb6\xd7_\xdc\x90\x01\x802<$\xfe\xec\x1f\xa1\xfcO\
\x84%\xc2|\xbbC&\xfb\xaf\xd5\x86\xa9\xe9\xdd\xca\x93\
\xb3q\xbe\xb6\x7f0#M\xed\xa6\xdbu\xa7@\xb6\x08\
\x80%\x82}\x1eI\xa7\x9f\x98\x83\xf0\xc7QnN\xa5\
\xc9\xf1\xe94\x82wc?\x01N:{\xe8_\xb9\xff\
6\x9b\xd2~]n\xbd2\x00\xa0\xce^\xe7\xc5\xcf>\
J\xe7_\xf9Q\xaa\xbd\xf5\xdb\xf4\xd8&!\x98Y\xfd\
;\x88\x09\xa8!\x8c\xa0'\x00\xa8@\xd2\x1d\xb6\xba\xdf\
\x00\xc0\xec\x93\x03\xf0\xef\x1a\x1c\xc0\xb5\xc5\x15\x14;\x04\
 \xd19\x86\x0e\xff?\x03\x80\xab)\x83\xeb\x8a\x05\xb4\
\xa4yzual\x22\xf5=\xfbR:\x04\x08\x1c@\
\x9e\xbc\xfa\xd6\x9b)\xfd\xe1\x5c:\x81\xccWr\x00&\
\xe6\xd4\xa8\xa8\x0b_\x88\xbf\x15\x00h\x14\x1c@g}\
\xec\x16\x00\xd8\xbc\x05\x00XE\x89\x1fv\x13\x00\x9c\xf8\
\xb7N\x8c{}\xfb\xfb\x02\x00\x1a.w\x07\xa7\x98\xbd\
#\x99\xf3\x10\xbf\xbe\xf9\x91\xe5\x17?\x91\x06\x9c\x80>\
\x14\xeag\x84\xa5\xe0\xe1X4\xda?\xbc\x16\xfd\x13e\
\xb6\x8c\xc9\xd8\xb9J\x84\xdfA\xb2\xfc\x9e \xe4\xf7\x1c\
l?\xfb\xfe\xe3$:\x19\x9d$\x10\xe8H,|\x9d\
\xa6,\xdf\x0b\xc6\xb4_\x99[\xae\xdc\x06\x80\xf9/>\
K\x1f\xfc\xe4\xc7i\xfd\x8d\xdf\xa4#\xd5\x15\xccb\xb3\
\x97R\xecu?h\x00\x80 #\xe1\x22\x1a\xf8\xab\xc4\
\x04\x9c_XD\x01G\x8c>\x14!\xc3\xac\xd8{\x17\
\x01\xd8\xba\x09Pa\x9d\xa5\x1f\xc3w\xdf\x95\x84\xf5t\
\x9d\x81\xbeL\x17\x5c\x1d\x1e\x03\x00\xbe\x96\xa6_D\x0f\
@d\xd9y\x80\xaf\x8e\xf8#\x070\x05\x07\xa0_\xf6\
\x16\xca\x04\x98\xcf\xcc\x01\x00\x02!\x02=\xc2\x1c\x80S\
\xb3\x0ep\xc3\xb0!\xbd\x1dLoC\xf4\xaf\x8f\xcd\xa6\
\xe6\xec\xb3\x88\x05\x88\x00\xd8AlT\xe0\xb4\xe4\x00B\
\x04`B\xd3A\xea\x04\xfeQ\x01\xc0\x86w\xd0\x07\xb1\
\xdb\xc0\x02\xd1`\x95n\x12\xf0\xa3N\x94\xdfU\xf6\xfe\
\x8d\x03`\xc0\xcf\xb0\x9f\x88\xb9\xc4\x84\x80\xf8\xb3\xc9\xf0\
-\xb4t\x8f/\xf43\xe0\xd1`\xa1m\xa2\xa4\x1c\xc0\
\xdf\xfb\x04>\x0dO=\xf5\x18\xef:\xfd\xe0\xf5G\xc8\
\xaf\xd1\x03\xac\xfe\xbdd\xfa1\xab\x93QU\x04\x00\xde\
\x1e\xe4\x11\x00\xd0`\xcbk\xfe\xab?\xa5\x0f~\xf6J\
Z{\xed\xb54\x87\xe2c\x8a\xc4\x9f\xe6\xa63E\x86\
T\xe4\x0aXr\x00\x8a\x00\xa6\xae\xd6ip/ \x95\
\x19@[\x94\xd7\x10[\xe7o\xa5\x08\x90\xd8_\xbdJ\
@\x90K\x98\x037\xd8\xcb\x1e\xec\x1b\xbc/\x00\xd0W\
A\xc3\x9d`\xb4\x1d41;\xb8\x00\x00\x80\x81\x98\xa7\
\xde\xf3ChZ\x9fy1\x1d~\xe9[i\x0a\x97\xcb\
Ko\xbd\x91\xaa\x88?'\xc8u7\x0d\x11u\xb2\x95\
T\x87\xad\x0c\x11\x00%hE\x00\xe0\x9f\x0aE\x83\x8b\
\xe48}e;\xee=D\xb6\xd1+mg\xd4%\xd7\
\x8c\xefn\x08\xa1\x03\xd8'\x11@\x00Pq\xc9\xc6\x0d\
\x9e\x8f\x07\xd3[\xc8\xfd\xaf\x8f\xce\xa6\x86\x22@s\x14\
N\x06\x00@\x04\xb8\x05\x00 \x00\xeb\xf1\x8f\x0c\x00P\
e\x10h\x07\xe3\x1aQyp\xfaQ/\xa6\xe9\xaft\
\xe8\xaa\xdf\x01\xaa:s\x1dA\xc1\xc2>k\xf7p\xcc\
C\xa7\xc0\xdc\xd2\xf5\xf7\xd0\xd4P:s\xe6\x08\xe1\xbe\
\xe60l2\xda\xcfh:H\xb0\xcf\x03\x83\xae\xfe\xc4\
2d\x1b\xb7#?\xb8\xddG\xdc\xf7u\x99\x03\x805\
\xb9z\xe9\xcf\xe9\xc3\x9f\xff4-\xfd\xfa\x97i\x8e\x94\
`Sl\x7f\xa9|!\xfcA \xe4\xed\x00 !p\
\xc9\xfe\x00\x00\xb3O\xf6?\xa1\xf8S\x04\xb8x\xf5:\
\xcf\xc5/\x9e}\xd0\x03t\xde^8\x00IM\xd9\x5c\
\x00\xd0x\xc7\x81r\x00\xb5\x0a\xccv\xf2p\x00P\xe4\
e|\x0d*g_H3_\xffv:\x8cQ\xd0E\
\x00`\x1d.@\x0e`\x9av\x97\x00\xa0\x03Sg\x01\
\x000\x8a\x0f\x0c\x00\x16\xd0\x01\xac\xa8\x03\xa0\xce\x03(\
\x9b\xfa\xd0\x01\xc88\x0a\x1a\xed.\x03\x02@\x13\xe5\xa5\
:\x9b\x0c\x00\xa3\xe97(\xcb\x02\x00Z\x02@\x1f:\
\x00\xec-vr\x00\xc8\xbf\xfb\x01\x00\xd55w\x01\xae\
\x91&\xfb/\x95\x80\xfb\xa9\x03h\xa8\x04$\xeb\xd1\x08\
\xc0f\xc2O{I.\xd5\xad\x9f\xfb\xd1\x01\x04\xf21\
_P\xbd0\xe6h\xf8\xd1\xf6\xeb\x00\xb4\x89\xa1\xd1\xf2\
\x22\x11\x8e v\x9d\xb2\x82\x95\xe4\xba\xf0\xfecH|\
Z{\x07\x80A\xb9*1\xb5\xf9gg/\x1d?~\
\x18\xb3\xdf\x93\x98\xffN\x11\xef/\xef\xfb\x8f\xa2\xf9\x1f\
\xc2\xfc\xbd\x02\x0dlk\xfa\x9d\x00\x0f\xf8\xc8\x00\x00\x07\
\xb0\xb80\x9f.\xfc\xf2\xa7\xe9\xe2\xcb/\xa7\xa3\x1b\xcb\
i\x1a\x03\x9a0U\x04\x89\xa0\x1d,\xe0vp\x00 \
e\x83\xbf\xfd\x06\x00\x89~\x05\x8f\xc0\x8b\x98\x03\xaf\xea\
\xa6\x8b5T\xce\x0d\x98\xc9\xa0\xdd\xbepJ\x1b\x18#\
\x94\x80\xdc\xa4RP\x00h!\xc7\xd5\x18P\x01\xe0\x92\
\x86Fg\x9f\x07\x00\xbe\x83e\xd9\xe1t\xf9wo\xa5\
\x95\xdf\xbe\x9e\x8ea\x145\x83z\xbc\x1b\xa4\xdeT\x13\
\xcc\xfd\xddXA\xca\x01hM\xa8o\xc0~s\x00\x1b\
\x94}c\xb5\x9e\x96W\xb0b\x83Z\x0e\xb0\xfd\xe3N\
\x80V\x98\xf5\xa0\x1eA\xa0\x9dCB@~\x15\x00\x9a\
Y\x04\xf8e\xffd\xda\x9c}\x1a\x85\xd2$@\xd6\x9b\
\xd6\x04\x00,Y+\xe8\xd5z &\xd9\xdfls\xdf\
\xee3\xacGV\xd0\xd1\xc3\xec\xd4\xd0CLl#\x02\
\xad,^\x01\x00\x88\xc9\x07A\xee\xdc\x05\xb8_\x00\x88\
}\x1097\xc6B\x93\xd9&\xac\xf8&!\xd3zz\
H\x8e9q4\xc7\xfdgt\xd5S\xf1\x16\xb2{\xb1\
F\xb7\xd3YR1\xb3\x84\x7f6]\xa5+c\xeb\xd6\
\xdf\x06\x1c\xf0:\x11\x7f\xb4\xfb7\xbc\xbb\xff\xba\xe0H\
y\xe5\x06\xda\x8e\x8e\xa0\xc1\xf5w:\xc0\x88\x5c^q\
Rb\xee\x80\x93n6p!&\xea\xcf\xc1\x83F\xfa\
=\x81\xe3\xcfI\x1c~H\xf4I`\xd3\x03\xe460\
\xda\xef\x00\xb6/]\xe8\xbe\x14\x17b4\xf62$w\
\xaaL\x1b\xbf\x15\x1c\xc0\x16hw\x05\x00\xf8Y\xfa\x12\
\x7f\x009\x80i\xa8\xdb\xf0\x99\xf4@\xc8\xbe%\x00\xd8\
\xd9\x9a\xd6J\x08\x8a\x00{\x01)\xfa\x86#z;7\
\x90W\x7f\xd3@H\x0e@[\x80\xb5\x8d\xad\x00\x00]\
\x83G\x87\x05\x80\xbc'\xbe\x97\xbe\xb8\x1b\x000\x0aa\
pt\x99z_\xa4\xb3\xbb\x9f|6\x00`\xe6\xe8L\
\xba\xfc\xde\xbbi\xf5\xcd7\xd2\x11\x06\x7f\x86I\xdd\xe3\
6\xa0\x00@\x05\x05\x80h\x7f\x01\x00*\x07\x9d=\xc1\
\x1a\xda\xa4]\x0e\xdb(\x03i\x8f\xdab5\xca\xd6\xd1\
R\x14\x0160NZ\x5c\xab\xa7\xa5\x15\xb6?!^\
\x01\x80\x84\xb0\x01\x00|\xe5h\xb7\xf5<%\x00@p\
f\x1b\x10\x1d\xc0\xab\xfd$\x06\x999\x0b\xb5O\xb2\x0b\
\x803T\x01\x00=h7\x03\x00h\x93u\x8b\xc7\xb4\
\xfd\x9c\xbf\x13\x00\xb0k9\xb2\xa7\x9ec\x02\xf7\x04\x07\
\xb8\x8e\xcb\xaf\x7fa\xb8#\x013FFS\xea@-\
/\x07\xd0\x00\x00\x22<X\xbe\xfd\xb6\xd7r\xacr\x8f\
zR\xf0J\xcd\x1b\x04~m\x12\xf0c\x864\xdf\xa7\
Hl2\x83\xd3\xcf(~\x00c\x10\xff \x11\x8f\x07\
ILC\xa2\xcfx\x86\xf7\xdcV\xec\x03\xfa\x9au\x00\
4h\x95-\x9c\x0b\xbf\xfaE\xfa\xfc?\x7f\x90\x0e\x13\
\x1f\xe00\x9b\xfcH\x8b\xf4\x0e\xd3\x036\xf1v\x00(\
9\x80}\x01\x00\xba\xd8\x9d\xfa:\x8d_\xaf\xd5\xd3E\
<\x02\x97H\x0f>\x02*\xee'\x07 \x00\xd4\x09\xe2\
\xa0\x0e\xe0Kd\xad\x8eS\xcf\xa4\xd9o|;\xcd\x1c\
\x9bMW?8GF\xe47\xd3\x0c\xe1\xd1fP\x00\
\xba\xb2\x95\x1c@\x0f\x04\xfa \x01\xa0J^\xbf\x12\x00\
\xe0\x13\x09\x0a\x02\x00\xb0\xd8t\xc2\x01\x98\xb6|o\x00\
\x80\xa6\x19\xd4\xeaiM\xa4w\x02\x00&\xd3\xc6\xcc\x93\
\x84#\x9f\x00\x00\xfaw\x00\x80;;\x085r\x00\x01\
e\xce\xb0vg\xdd\xdf\x1f\x00\xe8Rd\x88\xf3\xad\xda\
r\xa4\xfb\xaa\xe1\x1fc\xa8o\x93\xe0\xeac@o\xf1\
.\x00\xc0q\xa0(D\xddj\x87\xddv\x00\x16A\xb9\
\x08\x08A\xff\xbe\xd3\xbb\x00@\xab1\x8f\x85_\x05\xd6\
\xffIV\xff\xd3\x84\xfe\x82\xf8\xd1\xfeOL\x1c$\xdc\
\xd7 \xe0\x80\xe1\x1b\xca\xbfR\x19c1\xed\x8e\xc6m\
\x95\xd8\xd3\xd7\x0c\x004~cc)}\xfc\xda\xab\xe9\
\x93\xef\x7f/M\x22\x0e\xcc\xc2&v#\x0b\xbb\xb7,\
\x0b\xd4W\x88\x00%\x07\xb0\xaf\x00Pp\x00M4\xff\
\x01\x00\x88\x00K\x84\x08?04|_\x00 \x9c(\
\x02\xe4\xf0N\x8a\x87\x80\x99:\x00\xd8\xb6\x06\xc4%\x00\
|\xae\xe7\xd8\xe3O\xa5\xd9o\xfeS\x9a9>\x97\x16\
>\xfaCZG\x098\x85\xd3\xc74\xc0\xd7\x8bG\xe4\
\xa6Vu\x0cd7\x00\x10\xed\x7f@\x1c@\x95(\xbe\
\x01\x00\xcbr\x00\xcd4\x88\xc5Y?\xc0\xab\xe69\x0b\
?\xedN\x05\xc0\x1a\xf0R\x0bX\x01\x00\xdem\x1dL\
?\xef\x9bH\xeb\xd3g\xb0\xe7\x18G\x0c\x1a\x08\x1d@\
\x8d\xb1%\xbc\x1e\xedbd\x01\x81\xcc\x01\xf8\x8cv\x9f\
\xf3\xf7\x05\x00\xa1\xd0\x85\xa05\xfb\xad\xad\xdf \x1e\xc5\
\x22q\xff\x09\xd1\x16f\xb8.q\xe66\xd0\x03\x90t\
\xeb\x9ap\xbb\xa2\xdf\x01\x002\xbb\x0f\xa02g$|\
\xf9\xbe\xc8\xfc\xd3AP\x91\xd6|:z\xe4 \xae\xcc\
\xcf\xb0\xf5w\x1co\xbf\x910\xf9\x9d$\xe8\xa7\x89>\
{\x90\xfd\xf5\x18\x0c\xdc(Fb/\x8b+\xb7\xdc\xd7\
\x11\x00 3Z\xab\xad\xa4O^\xffU\xfa\xf0\xdf\xbf\
\x9b\xc6\xaf\x5cJG\xe0AM\xc8\xd0T6\xe2\x9f+\
`\xf6\x83/\x0c\x81`\x83\xd5\x01\xec\xa5\x92\xb9qN\
2\xa7\x9cGf=\x9d\xe4>\xc5\xbd\x7f\xd3\x82\xab\x03\
XZ\xdbH\xc3\x03C\xf7\x01\x00y:G\x99\xcak\
<E\x00P\x07\xa0\x9c\xd7\xc4\xb9\xe2\x0a\x1f?cP\
\x9b'\xce\x04\x00\xccb\x87\xbd\xf8\xa7\x0f\xd3\xc6\xbbo\
\xa7\x09\xc2\x83M#\xfa\xf4\x13\x15\x09uPD\xe4\x91\
\x03\xd8\x09\x00\x91\x15\x89\x923\xe9DC\xee\xf9\x92\xa7\
\xc2\xddE\x80\x9a\x00\xb0\xdeH\x8b\xcb8\xb2\x10\x0bp\
\x10.E\x00P\x07\x90\xc3[\xb5K\x98\xdc\xc3\xe4$\
\xd0#\xc1T\x0e\xa5w\x9ac\xe9\x17\x00\xc0\xda\xd4\xe9\
\xd4\xc4_\x1e\xbe\xe2&\x07P\x00\x80^\x89\x8e\xe2\xcd\
\xb1\xb9gS\x8a\x93\x8f*\x00d\xb9\x5c\xa6}o\x87\
\xab?f\xdfl\x7f\xd7\x88jd~\x03Be\x85\xf2\
O\xee\x97\xd9\x03\x85h\xc8\x03\x000O\x13t\x11\x7f\
\xb7=G\x00\x888\xfft\xa6\xf1\x01s\xae?\xe7\xe3\
:\xfb\xfb\xcb\xe9\xe9\xb3\xc7\xd2\x99\xa7N\xa7\xd9\x99i\
\xd2|\x9b\xe9\x07\x11\x97\x88?\x11\xed\x97\xd5\x9f\xbb\x8b\
q\x902\xf6F[{k\xef\xcd\xab\x0b\x0e\x80\xa89\
dv\xfd\xf4\xb7\xaf\xa5\xf7\xff\xed_\xd3\xd8\xe5/\xd2\
c}\xc8\xde(_\x88\x18D\xb5\x0c\x82\x01\x00\xd8\x19\
(x$\x80lO\x9e+z\xb3\xb8\xfc\xe9/4\xa4\
\xb4&\x13\x01\xef|\xb6q1Hy\xd6qNKo\
\xca\x16\x00\xb0c\xbdx\xed:J1:\x8d]\x801\
4\xb0}Z\x22\x15\x87\xf7n\x1f\xc5\xfd\xf1\xbd8\x11\
eC\xf0\x19\x00\x00\x18~\x10Wu\xaf\x95\xa0\x9a\x18\
\x17]\x81\xed\xfd\x84\xb6l\x9d8\x95f\xbe\x89\x12\xf0\
\xf1\xa3i\xf9\xf3\x8fS\xf5\x7f\xdeI\xe3W/\xa5\xe9\
\x08A\xed\x16\xa0\x00\xe0\xbdY\x04\x80&i;\xbf\xdf\
\xa7\x0e\xc0\xa9 \xe4\xa9\x03\xa0\xe3\xe9C\x94\x8a|\xab\
2\xb1\x96\xd6\xeb\x01\x00-\x1c\x83\x86\x00\x00\xba?\xea\
\x9b\xed\xe9\xb7[\xbc\xcb\x07\x01\x80\xc9)\x07\xd0q0\
\x9d#(\xc8\xaf+\xe3i\x09_\x80\x1a\x01B\xbb\x08\
\x99U\xc5\xc0\xa4\x8ex\xd7\x03\xd0\xb8\xfa\xd3\xe9LV\
\xebUt\xe0.O\xf0\xb4\xedP\x19&\xa4\xe9\xa1g\
\xd2\x0e\xf3\x02\xac,\xceo+\x01\x95\xab\xf3\x8a\x86\xb6\
\xa3\x1c|\xeel\xff\xb0\xa7$\x88\xbc\x1b\x15\x8a4L\
i7k*\x01\x87Q\x02\xcee% ly\x98\x02\
C\x97\x86\xe5*\xa3\xed\xe6z\xe6W[\x96\x9fl\xbd\
\xb7\xbfx2\xda\xe0j\xdeb\xebO\xb7xW\x7f\xfd\
\xff5\xfa\xf1R\x8d\x84\x1c1\x1d\xa9\xcc0\x14uR\
\xab\x8f\x91\x5c\x14F\xc1q\x9d\xdf\xb6\x01\xc0\xc5\x06.\
\x14P\x11\x08:\xe1\x00f\x0ew\xa6\x97^<\x93\x1e\
;~4V\xfe\xd9\xd9\x19\x00\x80\xa07\x06\xfbdQ\
2-x\x001\xe5\xf1\xe88\xf6\xb2\xb8\xe6;\xf6\xfe\
\x1a\x00`S6\x99x\x7fz\xf7\xdd\xf4\xdew\xff9\
\x0d}~>\x9d\xea'\xbb4NAFB\xf5\xbc\xde\
O\xca?\x11)\x97&\x071\xe16K\x9bmy\xfc\
\xd9\x01vt\xc3\x95\x8b\x09n\xb7\xe7\xd7\xfc\xa9\xe5\x8e\
\x82\xdamo\xe1\x84v\x05|\xe2Z\xccS\xf9\xae\x1b\
\xeb\x06\xf7^\xbe\xb1H\x84\x9c\xb5\xc8\x96s\x88g\x0e\
\x05\xfds\x9f\x8f\xf1\x0e>D\x1c6V:?\xfb\x17\
\x8a\x1c\xde\xd5\xd4\x1b-\xd2Ia(/7r\xed\xda\
^\x08\x1e\xd3~\xf4\x0c\x95t\x150\xfb\x98rW\x1f\
;\x96\xa6\xbe\xf3\x8d4\xfb\xc4\xc9\xb4\xfe\xe5\x9fC\x04\
84\x7f\x11\x00Xg\x05E\xeb\x8c\xbd\x83D\xaa%\
\xa0\xf2\xb2GX\x07\xf2\xbb-2b\xb2\xf5i\xe7(\
\xfb\xc1Rt\x83\xb6\x17|\xdd\xa2\x1e\xe8\xcd\xd3r\x95\
\x5c\x05+kX\x9d\x11\x17\x10\x8d\xb3\xa1\xc1\xe4\x5cr\
?\xb6\xf3\x84\xf2\x1ajD\x1fX\xc3/p\x90\xf9=\
\x9er\x9f\x8d\x9cM\xebcg\xa9\xfbx\x06D\xccj\
\xbb \xa60\xbeR\xbeE\x07$ \xc5`\x95\xc5\xdc\
\xe3=j\xef^5@\xa6\xd6\xbcS\xd9\xb9\x8a\x13\xd7\
\x8d+h\xce\xf1\xc6\x0b\xa2\xcd\xe3\x14;\x0c\xf6\x93\x1d\
e'\xb4{\xd8\x8c\xb8\x96\xa7ID\x00/Y\xac\x08\
\x9b\xc6\x82\xd4\xd5\x97\x0e`5\xd7\x87\xd5\x5c\x93\xd8\x0e\
\x1a}\xb5X(l\x82\xfcL9&\xdb\x0b\x91\x93\xad\
\xe8\xef\xfcxF\xc1y\xc2\xa17c\x17\xc69F\xfe\
Y\xb8Nn\x83u\xe7\x1d\xde\x86\x88\x8aMh\x22\x97\
\xe6X9ry\xcc\xb2\xc90_)\xc3U\x9b\x87G\
e\xdd-T9\xa8!Q\x1f\xca\xd6*\xa1\xd2\xea(\
\x15\xc7F*\x10\xff\xc9t\x1c\xa3\x9f\xe9\xa9)\xf6\xfd\
I\xf3=9\x81\xf2o8\xe2\xfdu\x11\x07\xd2\xb2\xcb\
z\xf3\xe5\xafv\x04\x008Y4\x1e\xf9\xe2\xdc{\xe9\
\xf7\x00@\xff'\xef\xa5\xc7I\xc20\xeaj\x02\x8a5\
\x80\xa4M\x10_\x99Z. \x07\xab\xb0\xddvH\x96\
sD_\xf5\x05\x1e6(\x88\x94\x11i\xc4$\xe6\x1c\
\xefM\x88\xb1Y k\xa4\x16\x07\x00\xe4.\x04\x00\xcb\
6;\xd0\x1a\x15\xb9\xbc$\x00\x90\xc7\x8e@\x88Sp\
\x05\x86\xf7vp})\x09\xc2m\xa6\xed\x00\x8c\x9c+\
\x07[P\xe9\x01\xacT\xd3TAjWq\xc1\xaa\x02\
\x22\xf4\xe3\x91\xd5$\x0f\xc0\x15>\x7f\xc4s\xd7\x8f\x1f\
I\xd3\xdfy)\xcd\x9dz<\xd5p\x05\xae\xbe\xfdv\
\x9a\xbc\xfcU\x9a\x85\x03\xe8SqS\x00\x80+\xa5\xb1\
\x00<6\xf9MC(\x89x\xaf\x00`-\x1dd\x1d\
p\xc2\x09\x87:l\xd1\x0e$D\xe2\x02n\xb1\x0b@\
^DV\xb8\x01\xad \xf9\xd3\x0b\xd2\x15\xa4\xfd\x83\xd2\
Y\xa52\xf7SKW`+\xdfOc\xe9\xc2\xf0\xf3\
iy\xe2\xc5\xb4\xd1=E;\xf0\xad\x00\xe0\xf4\xe2\xab\
\xf3\x0cs\x03\xea\xc1\xa7\xf1T1|\xbb>.Za\
\xff\x0b3\xdc\xab\xf2\xac\x01\xdb\xbc\x02\x00l\xb1\x8d\x1a\
\x00\xa0\x08\x03\xd5g\x00\xf03\xc5\xe6\xe9\xb1k\xf9q\
\x81M\x89\x1b\xb8\x97~\x08\xd6\x1aV\xc2\xe4\x99\x9d\xb4\
\xeb\x00y\xf2\xfa\x06G3\x00\xb8J3\xe6\xd6+<\
A\xbd/\x88\xbe|\x14%E\x05,\xd3\x82\xad\x8c\xe3\
\xa9n\xa8\x8a.d9\xf6\xfd\x17\x17\x89\xf7\xcf8\x98\
&\xdex\xff9\xcf_YF\xf9N\x9b\xb8\xd5>\xb6\
\x0c#;Et'\x1e\xe9\xf6g\xcb\xfe`\xbb\xaf\xa2\
\x08\xb9\xb9\x88\xf3O\x83\xd5\x7f,=\xff\x0c\xfb\xfeG\
\x0eG\x96\x9f\x83\x07o\xa6\xf96\xde\xdf~F\xf9-\
k\xd9\xee{\x00\x80\xe3\xd2b\xd5\xbc\xf8\xde\xb9\xf4\xc7\
\xef\xfdK\xea\xbap.=\xc66\xd8\x08l\x8e\xda\xd1\
&\xd9i4\xaaq_\xdd\xc5O\xd9\xdf\xces\x85-\
\x80\xd4.\x8f\xbf\x8c\x92vx\xfe\xee\xef\xd1\xe7\x9eg\
\xd5\xa0g\xed=\xe4T~\xf0\x8f\xcf\xb2\xa0MV\xbc\
\x1a\x03\xbd\xce\x04\xbd\xb2\xb2\x9c\xae\x11~\xd9\xb0\xcb\xa3\
LP\xe2\x93\xc4d\x8a>\xcf/\xdcX\x1c\x8e\x03G\
<\x87w\xb5\xb6-&\x84\xc1A\xf5Y\xa8\xc3\xc58\
\xd4\xbd\x02\x03+\xb9r\xdcu\xce\x7f\x05\xcb\xd5<y\
,\xcd}\xeb\xeb\xe9\xc8IRi\x7f\xf5U\xaa\xbe\xf9\
V\x1a\xbf\xf4E\x9a#\xdd\xd5\xa0\xdbi\xdc\xab2Q\
\xe2\xdf\x09\x00\x82\x80\x93\xf2\x91\x05\x00:\xa3\xc1$\xbc\
\x02x\x9e\x17\x00\x86\x9eKK\x93_+\x00\x00\xfd\x00\
\x00\xd7\x05\x00l\xed\x13\x00\x08&\x01\x00l%om\
\x98.\x8b>\x7f\xc0\x000<2NZ\xb0\x02\x00\xa4\
\xc8P\xd0\xb9\xa0H\xe2\xce\x86rF\x14\x9f\xcay\x12\
\x13\xd6/\x99\x07\xeb\x22\xe5X\xda\xc4\xe5\x17\x8f\xbf\xb5\
5-\xf5\xe0\x18Y\xc0L\xf2Q`\x06\xd7\xdez\xb8\
\xf0\xdd\x11\x00bB#\xd4\xe1\xf2\x9b:\xb0&\xc4M\
zd\xb4\x8f,\xbfs\xe9\xc9SG\xd3\x919\xe3\xfd\
\x11\x88\x86`\x9f\xfe\x19\xefo\xbf3\xfd\xdcZ\xd3\xdd\
\xbf\x05\x00@\x15\xa4\xe3\xaa\xa7\xf9\xf7\xdfK\x1f\xfc\xe0\
\xbb\xa9\xf5\xd1\xef\x09\x90\xb9\x89\x08@3\xdd:\xa3\x9c\
-\x08\xb7\xc9\x0a-\xc2\x1a]\xc7\x15}\xddU\xdf\x15\
\xdd\x9e\x8a>-\xdf\x1d\x90\xa0m\x86\xc1\x7f\x0c\x02\xe8\
m\xb2\xc6-\x9cP\x82}\x07p\x9a\xc8\xfbM\xdf\x05\
\x01\xca\xafr\x8dy\xf2\x167\xd6\x09\x90\xc1D\x22\x16\
Z\x05\xd0\x81\x9f\xc8-)\x9e#\x9a\x97\xdcF\x94\x1d\
\xa7\x8bg+\xaf!\xb3k\xf0S\x05}7!b\x1e\
\x0e\xd7B\xa0P\xd0\xba+\xd2b\xf7\xa6%4\xaf\xbd\
'\x8e\xa7c_\x7f1\x1d;~,5/]J\x1b\
\x00\xc0\xe8\x17\x9f\xa5#\xb0\x85C\xdc\xdb\x00\xa5\xb8\xed\
o\x0e\x00\x18\x1a\xc09s\x00\xe7q\xec\xbe0\xf4l\
\x00@58\x00\xbc\xda\x02\x00\xe0\x8d\x00\xdd\xad\xe0\x00\
\xb0|\xdc\x13\x07@\xa7 \xba\xb8\xd2\xab<s\xbb\xb8\
Q[K+KW\x90\xa1\x97\x1f<\x00\x00\x5cC\xa4\
\xca\x16\x00Z\xd4\x1fu\x1d\xef\x8a2T\xcbv\xc4\x8c\
\xcbS&\xbf:7\x9c)\x1c\xc5[\xf9\xa5\x93\xbe\xa8\
\x93\xdbpe\xe9Fp\x179\xfe>z\x12\xd8\xff{\
\x01@\x14#\xf08;\x99\xd7\x1e\xa1\xcaf\xbe\x19\x91\
H\xe2\xc7\xf9<\xcd\xcej\xf3\x8f\xd3\x0f\xe9\xcc\xe7f\
\xa7\xd8\xf6\x9b\x88,?e\xac\xffG\x07\x00`\xad\xae\
\x7f\xfcA\xba\xf0\xc3\xef\xa7\xf5\xf3\xef\xa6)b\x95\x8f\
\xb2X+Si\x0f\xbf\xc9\x80G`L\x9a\xa5l\xaa\
\xf8^\x858\xb7\xa0^\xb3\xecn\xff\xf1]\xd6\xa9\x01\
pl\xa1#\xd8\xa4\x5c\xd96\xcfc\xc8\x85\x99%c\
\x80uK\x03\xc2W\xe1\xd5`\x9fM\xb6\xbe\x83\x84\x18\
5P\xd7\xdc\x03\xeb\x5c\xb4B\xe6\x95\x0e\x90Xv\xcf\
\xf3\xa6\xebR\xb7\xa0\xa8\x11\xd6q\x88\x13\xc05\x83O\
]\xfc\xe3\x1a\xafSc\xdb\xd9=\x98\x9a\xbdhm\x07\
q\xaa\x18\xae\xe0?\x8e\x16\x9f\xb2\x86\xf15\x18\xe8!\
\x82,\x89G\xeb\x84\x03\xef\x9f\x9bM3gN\xa1\x95\
=\x9c\x9a\x97/\xa5\xd57^OC\x9f~\x1c\x1c\xc0\
PE\xe2\xd7\xe2\x8b\x12\xc3\x0f\x22\x0f\xb2\xab\x7fX\x02\
\xfa$'\x5c\x0c\xfd\xee/y\xde\x05\x03\x0a\xb1=8\
\x11\xa0CE\x15\x0f\xab\xe3vZr\x00\x1f\x06\x07\xf0\
\x22\x8a\xc0C\x80\x19\xe2P\x88\x00\x02\x00\xc9I  \
s\xef\x05\xe1\xe4J\xee\xda\x98\xb8L\x00\x80\xa8\x22L\
\x96\x0e4[\xc4\xccg\x0b\xb5\xba\xb6\x04\xf2\xc39>\
@\x0e\xc0\xd4jC\x07\xc6\x00\x801&\xa8b\x1d2\
4\xed\x90\xf4\xb5\xf5\xc8KO12\xc5\x8a\x9f\xbf\xc5\
\x15\x9cw\x1c\x0a\xa0@\xe1\x97#\x1aSo\x8e\x9e\xc8\
\xde\xcc\x15\xc5|\x8a\x1fo\x7f\x01\x19rWY\xaa\x1c\
\xad\xfa\x10\xaa\x80B\xb4\x13\x05q\x0b\xaebsk1\
2\xfd\x9c|\xfcHz\xfa)\xd8\xff\xd9Ci\x86D\
4\xca\xff\xae\xfc\x03(\xff\x14\x95\x0d\xf7\xfd\xd0E\x00\
[c\xd6\xdc\xab\x9f}\x94\xce\xfd\xe8?\xd2\xd5so\
\xa5a\x94:\xc3\x0c\xb0\xba\xde-\xa8\xdd`\x1d\x9bt\
n\x03\xe2l1\xc0\x12\x86\xe1\x17\xeb\x10\xf3\x161\xed\
6\xf9\xbd\xce\xbb\x9f7\x88\xae+\x82\xd6\xbd\x9er\x83\
p\x99x\xb0\x0bL4dG\x06E@\x96\x09\x0b\xa6\
M\x8e\x82\x0eD\xea\x06P\x91K\xe9\xe0\x1a\xf7\xca\x01\
\xe0\xf4\xcd\xaf\xdc\x87L\xa6B\xcf \x13r\x1d\x9d\x88\
\x07]\xe8\x08\xd8\xab\xc1&\x1cy\x19\xa5\x8d\x1d\xda\xc9\
\xfe~\xa52B\x82X\x0c+\x88\x1d\xd7;\xd6\x9f\x06\
\x86\xf9C\xaec\xa7\x95=\xf6>\xce\xf7#*#\xe7\
agp\xe0\xd0$\xa6\x98\x83\xe8\x00\xbeHK\xaf\xbd\
\x96\xfa/\x9c\x0f\x1d\xc00,\xc3\x16\xf2\x9c\x1alc\
\x13\x96\x22\x80\xb1\x00\x04\x00'\xd1\xa3\x07\x00.t\x19\
\x00\xb2\x08\xd0\x13\x22\xc0\x87\xc3\x88\x00\xe8\x00J\x0e \
t\x00\xac\xdc\x01\x00\x88\x09\x12\xac\x22\x8d\xdd\xdf\xce\x11\
\x97\x15\x00\xd0\x19\x1c@\x01\x00\x84V\xdbX\xb9\x11\xe5\
=h\x00\x18\x1c\x86\x85\xc6\xa3\x93\xb8`\x19\x00h\x87\
\xf5rn\x06\x022\xb3\x02\x9e\xb7\x01@\xa2\xf7\x0a\xc7\
N\x06\xdew\x96\x0f\xf6\xfe\xd5]T\xc9\xce\x14\xc4\xe8\
<\xe3pev>\xdf\xf1\xd8\x09\x00\xa1\x03p\x1e\xfb\
4W\x7f\xe6\x0cY~\xf5\xfa\x9b\xc4\xe9\xe7\xec\xd3\x8f\
\xa7'O\x9f\xc0\xdd\xd7p_S\xec\x00\x00\x5c\x10\xbf\
\xb2\xbf\x9c\xf3\xcex\xffw|\xd6\x03\xfe1D\x00\xbb\
BB\xbe\x06\x11\xfc\xfe\x97\xaf\xa4\xcf\xde\xfeMj\xdd\
\xb8J\xd4\x18\x14\x80h]\xab\xa8\xe8\xabh\xa77H\
\x5ca\xf0\x90\x9c\xc7\x1c\xc2G\x99\x96\xd3}\xb92\xcb\
\xe2\xf3N'\xcb\x01\xf8\xee\x11\x83B\xd7\xd0V\xe4~\
\x06\x01@\x10Tl\xbcv\xd6\x01\x00\xfc\x122\x15\x9d\
\xdfm\x1c\xb4~\x1c\x22\x90\xd1\xbb\xdc\x1e\xd1<\x12\x10\
\xe8\x86\xc8\x8d\x03W1\x16\x1c\x9f\xbbX\xe1\xbb\xe3\x8f\
\xdf\xb9\xa7\xc2=\xf1N\xba\xef\xfe\xca\x18\x89?\x99\x10\
\xe6\xfc\xee\xe7\x09DV\x09\xa7\x0e\xea\xd8\xcb\xc4\xad\xb0\
\x82\xb8\x8at\xb1%\xd8G\xf0\xc5>b\xccm\xb0\xf5\
y\xf5\xd5W\xc9\x0f\xf0\x874\xd3`\x0bR\x1d@!\
\x02h0c>\x00\x8f:\x00\xa0)\xb4\x03\x9eu\xb7\
\xf1\xf3\xae/eox\xdfN\x0e@\xe5\xaa@jn\
\x80\x1b$\x07\xa9\x11\x15H%\xe0 \x00\xa5\xa8\x95'\
\xec\xae\xc5o_\x10{\x1e\x8a[\xc8\xa1Wh\xa3J\
\xc0\x0f\x11\x01\x16\xc7_(\x00 +\x01\xbbX\xb5C\
\x07 \x00\xc0U\xed\x0d\x00\x18?W.FW\x0e@\
\x95k\x93m\xe4U\x00`\x1dKJ]ha\xce\xf8\
s\xd0\xcb\xd5\x92*\x0a2\xed\x1e\xdc\x1a\xc2#Ng\
y\xb1\xb0\x9a\xb4\x8b\xf9\xa3\xf8\xd1\x8f\xe7\xdc \xee\xb3\
\x9d\x00z)\x02\xe49\xa7\xc8\xe7s\xa8\x00\x8b\x8d\xdb\
\x82\x92\xa6\xb5\x90\xe8\x0d\xca\x91Yu\xca\xc2\xe5w\x03\
\xd9\x7f}\x19\xf7s8\xd4\xceX\x8d\xbd\x969\xc3\x5c\
l\xf0\xdb\x1d\x0f\x8b\xf4\x08\x11 ?\xc3\xf2\xb3yp\
\x95w3\xfd\xd4\xd3c\xc7\xc9\xf4\xf3,\xd1~\x8f\x92\
\xca\x9c\x95\xdfD\x9f\xca\xfee\x9e?i\xc0\xbf\x87y\
\x04\x00\xd8LDs\xcc\x81W\xd2\x9f/\xbc\x9f>\xfb\
\xc3;i\xfd\xda|jb\x8c\xb3\x89m>8\x80F\
\x93\x8c3\x00@\x1d\x85\x8f\xe1\xb2\xed\xe4\xa6\xd1<\xa3\
\x13r\x13\xeck\xbb>\x0f3\x1d\xb2\xe3{\x0c\x80\x5c\
\x00\x93\xa3\x1cP\x07&\x1fxx\x81\x8a\xb2\xfc\x02\x80\
\x84.qw\xc1\x01\xf4\xe1\xb4\xd3%\x00\xf0\xd9\xfdR\
\x7f\xefd\xb5\xcf\x7f\xb0^\xae\xfcX\xce\x05(\xc8R\
a\xb0\xd1\xd3\xa4,\x00\xa4\xc5\x9ew\xcb\xb8eD5\
rE\xea\xe5|\x0f\xf5V\xa7\xd0\x03qT\x00\x80J\
\x94\x97\xd2\xd2\xa5\xcf\xd3W?\xfdI\xea8\xf7\xbb4\
\x03;;\xa0E\x9d\xec\x1c\xd7\xde\x11\x00\xa8\xba\xa6\x1b\
e\x0b\x8a\x86\xdc\xf5\xad\xec\x13\x09-`\x8f~\x13\x0a\
\xb7\x01\x80N\xbeA\xaa\xab5\xfc\x01\x06\xa8\xdb0\x13\
;8\x8cv\x1fP<94&<C\x0e`\x9e~\
;\x8f\x17\xe0\xf9\xc1g\xd2\x8d\x83/\x90\x1el\x1aN\
\x86\x98z\x85\x0e@\x00\x08\x11\x80{\x1d\x9fb\xe0\xee\
\xda\x86\xed\x13\x80\x96\xc4\x12\xf7\xb0M\xacB\xb1\x85\xab\
\xab\xc13W\x97\x00\x00\x08\xab\x0bnm_\x00 F\
\x80Qp\xbe\x01\x00\xbc\xf1\x0b\x86i\xd8\x88\x0c\xa1\x08\
\xecB\x9c\x13\x00\x14\x03\x5cvbnFC\xa8\x1f\xac\
y\x80@\x8c\x93\xa0\xcdx\x02X\xe6\x9f\x97y\xac\x11\
\xf1gyq\x81\x88?(EA\xachS\x10en\
\xa9b\xc0\xdd\x8e<,\xbe\x0a\x00^\xe5LAlD\
\x81\xdcIV\xad\xf1\xc9\xfet\xea4\x11\x7fN\x1fc\
\xebo<M\x11\xf1g\x14\xc3\x1fe\x7f\x01@\xb6\xff\
a\x13\xbf\xb5\xdc|Fq\x00\x00\x09\xe2IDAT\
\x0e\x00\x90\xd1\xa1[\xc2\xec\xd5\x10H7\x08\x93]\x05\
\x15\xabX\xa6\x19\xa1\x97\x90\xecp\x08\x9e\x87e\xd2\x00\
\x02E\x87\xeba'\x00P*@\xf8\x1a\xf4,7\x11\
\x16Pt\x88\xfdR\x82\x80]\xd5\x01\xfa\xca2\xee\x9c\
l\xd1wtz\xec\x85\xda)N,\xd8{\x11\xb8\x13\
B0(\x88\x0e\x12aX\xc29~\xe4\x1a\x08\x0fb\
V\x0c\xe0\x04\xf5\xf1Z\x07\x90?\xb4\xfc=-\xe4+\
V\x09\xc53c\xc5u\xa0\xb94\xd0c?Y\x7fB\
u\xc0\xc0\x0a\x02f\xe3\x0d\x8d/\xab\xfd\xb5/?M\
\x9f\x13\x11\xa9\x891\xd04\xe2O?\x8a@\x01\x80\x1b\
\xd9=\xb8\xc9\x01h\x07\x90C\x82\xed\x0f\x07\xe06`\
\x95\xf6\xaf\xa0'\xd9\x1f\x00\xa0\x7f\xe8\xd4&\x006\x0f\
\x08\xbe\x0f\x00|\x10\x00\x80\x08\xd0\xa3\x0e\xe0\xe6.\x80\
[\x80\x9b\x88L16\x8eV\x0c\x06\x03\xb5\xdb!\x91\
 \x8a\xc9\x01D\x10Pt%r\x00\x19\x00\xae?4\
\x00\x08\x95-[\xd7T\x8f\xb60\xf8\xb2\xe7rn1\
\x09\x85[\xe6\xad[\xdb\xccv\x04Z\xcc\xdf\x97Q\xfe\
\xb1\xfa\xb3\xb8\x85\xd7\x9fs\xcf\xb6q\x7f\xa6\xfd;w\
H\xcc\xdf\xe8#\xae\xb5lJ\x13\xa0:L\xb4\x82g\
d7\xae\x96O<1\x93N?\x89\xe6\xff\xa8\xf1\xfe\
&\x09\xf8qh{\xdf_E\xe3\xa3\xb0\xfa\xdb\x84\x0c\
\x00\xb43\x92P\xd2\x16\xad\x97\xaa\x9b\xab\xe4?\xd7\xba\
k\x03\x05\x09r}\x8d&\xd3\x91\xa1\x15g{P\x97\
S\x07\xbf{\x0b\x22,8\x80\xe8\x07\x0a\x94\xec\xc3\x10\
\x88w\xc1 f\x97\xbf\xd3A\x86\x8c\xee\x04\x04\xbc\xaa\
<\xb6\xef\x8b~,&\x16D\xdd!A3\x12\xbd(\
yBTp`$\xfe\xf8+>C\xf0q]\x01\x00\
\xea\x09\x0c\xe0\xd9\x8d\xa6\xdf\xe9\xe9\xfd\x12|\x8e\xf6B\
\xb5\xe1\x14\x82:\xa8\x99\x00\x16FM\x5c\xd0`\xe0\xae\
_\xfcS\xfa\xf4eb\x22\xe2\x104\xb9\x8e\x02\x07\xc6\
\x5c\x00\xf0\xd9\xdd\xb7\x19\x02\xed\x15\x00rk}u%\
ce\xe4c\x98\x98R\xb6\x1c@\x8dz\xee\x1b\x000\
\x1e\xb6\xcd\x88\xceW\x04\x00\x02\x81|0\xf8t\xba1\
^\x02@i\x07\xa0}\x87\x00\x80\x08\xc0\x91W\xb1\xf8\
\xd8\xc6\x0b\x9d\x0a\xb1ha\x19\x00\x00G\xa8,\x1d\x00\
\xb0x\x0d\x95\xc2\xc3\xe1\x00\xd081f\xf2\xb3\xce<\
\xb5\xf3\x8c\xb7\x0a:'\x99:%D\x95n\xcf\x1b\xec\
\x05-\xfd*\xec\x7f\xd5\xad?uS,\x18yU\xce\
\xcd\x17\x00\x18\x96;\x1e\x02@>\xc5k1\x81\x03\x00\
\x00\x97\xad\xfa*\x84\xde\x91^\xf8\xdai8\x809\xb6\
\xfd\x86\x897!\x00LE\xa2\x8f~\x22\x1a?l\xb9\
\x7fg\xa3\x02\x00l,\xfd\x03\x91\xb2\xba\x81\x8c\x9bh\
F\xb7P\xeamb\x9f^\xafBl\x84\x93\x16\x00P\
\xe7\xa18\xca\xe1\xc2e\xa7*l\xb7\xc5\xbe{Q\xa2\
}\x11\x00@9Y#\xcf\x89\xf8-\xde\x18\x08@@\
\xadZ\xf1[\x5c]|\x16.d\x19\x83\xa0!\xf2`\
\xc9\x98\xca\xdd\xac4\x12\xaa\xbfg%MF\xe9\xcc\x9e\
\x89\xbaLxW#\x88?w,\xf5t\xe1\xe6O\xa3\
 \xae\x8e\xc1\xb2n\x11e\xc5\x85A\x0a\x8cA\xa4>\
\xfcnp\x93\x85K\x19\x00j\xb8\x04O\xae\xe1\xba\x09\
+\xd7\x81\xbc/\x00h?PZ\x02F<\x00~\xf7\
\xf9\xd9\xe8\xa4h\xfc.o\xc1\x0fAe>:+A\
\xb3\x08`\x0c\x7f\x01\xc0\xdc\x00\xfb\xc1\x01D\xce\x01\xea\
R\x17\x00\xe8\x97,\x02\x94\x00\xa0!\x10\x1c\x00;<\
@O\x01\x008E\xe5!\xd9\xa5\x057O;\xfd\xa3\
\xdf\xedC\x16\x8c \xaap\xa3\xbd\x96\x96\xc9\x9f\xf70\
\x01@\x0eU\xe7\x9e\xe0\x00\x98\x9f\x1d\xfe1\xf8\xda&\
\x80R\xcc%W\x7fR}\xad\x13s\x02\xbb\xff\x06\xdb\
\xdf.\x18\xce\x94\x10Yhf\xcc]\xc7\xc9\xc9q\x87\
c\x1b\x00\x82\xf8\xf3\xfcb\x16q\xa3\xe2q\x8d \x1f\
\xc3\xe9\xa5\x970\xfb=a\xb4\x9f\x01\x8c\x7fL\xf5=\
E\xb0O\xb2]\xb1\xfa?L\xad\xff\xed\xcd\x09\x00p\
\x02\xe8B\xaa|\x8eW@6\x80\xe1k\xdd\x88\x98\x84\
\x90\xed\x02\x00D\xba\x16+b\x9d\x0e\xae\x933\xc0\x06\
\xab\x18s2s\xe96Q\xfb\xd9\xc9\x1e\xefE\xff\xc5\
y/qur\xff\xd0k\x8as\xf9\xab\xca\x9d\xacq\
\x955*\xcdz\xbd$\x80@\x00\xf0\xf7X\xe9!i\
\x07FE#`\x12\xd7r]\xb0T\xbc7\xb9&v\
\x09(\xd8gu\x98,\xd0\xdap?c\x1c\x7f\x02@\
\x96\xee\x9d\xca<\x9bo7.~\x0e\x07\xf0_\xa9\xf6\
\xe6\xebi\x02\x00\x18@\x04Plp\xb0z\x08\xd9\xb5\
/\x00\xc0\xb3\xa2M4\xdeI)\x1f\xa2\x08P\xe3\x19\
\xfb\x0b\x00\xb4I% \xa2\xd3\xfbd\xcc\x09\x1d\x00J\
\xc0\x9av\x00\x10B\x00\x00\x93u\x0b\x05\xe0\x96^\x91\
\xd6\x87\xaei\xf7\x88\xf1t\xc5TA\x87N\xa1\xc7U\
\x15\x0007\xc02\xca\xe3\x062\xe3\xc3\xd0\x01\xc8\x01\
\x98\xcc\x85\xce\xa5M%\xf1\x0b\x00\xda\xaf\xb0\x22 \xff\
\xab\xa0k\xa1\xa5_3\x8c9\xb1\x1f\xe4\x97\xb4\x0d\x89\
\xa5\xa2\xe8\x84\xb0\x00\xa4\x08\xe7\xdb\x9d\x8e\xd2\xd8\xa8\x15\
\xdc\xafc\xe9\xb8\xba\xeal\xa6\xc1\xa1\xaet\xe6\xf4\x91\
\x88\xf8{xf$M\x1e\x1a\x8e\x98\x7fCD\xfb\xed\
E_a\x9a\xef\x00\x00W]\xe7\xe4C>v\x00\x80\
\x1d\x04\x112\x98n\xabR;:\x0a&\x0f9\xbf\x05\
\x11I`\xf4\x15\xc0\x0a\xe1\x01\x02\xb1bK`\xce\x86\
\xa2\x1d~\xf4s\xbc\xf3\xb1|\xf7g\x0fM&\x19\xa1\
\xe2Kq\xde\xeb]\x19!\x04F\x87s\x80G\xdc\xc8\
\x0b\x1f\xec,\x89\xdcrK\x22\xdf. \x7f\xc8\xaf\xa1\
 \xe2^\x8a\x09\x00\x08\x22\xe3\x94N\x01\x96\xc7[|\
\x886\xe4\x9f\xf2\xab`\x85\xf1\xd1\xa5?\xa7\x8f\x01\x80\
5\x1c\xa2\x0e\x11\xdf\xfe\x00\xf6\xf2\xdd!\x020\xd1)\
4\x8b:l{2\xe9u\x08\x0an\x86r\xa3X\x8b\
\xde\xe5\xf0)\xfe\xf3\xfa\x92\x0b\xd0\xa0)\x03@\xe6\x00\
\x0c\x87\xbe\x86Kp/\xca\xb9P\x02ru\x9el\xbb\
\x14\xbe\xe3\xb4\x0a2\xdb\xa5[\xf0\x02D\xfa!\x22\xc0\
\xf9\xfe\xb3\xe9:\x00\xb0\xde;M\x89rn\xb4\x0dN\
@\xbf\x88-\xfe4\xcb,`|GIw\xff\x18\xc3\
CC`\x9cy\x94\xd1r\x05\x02VUB\x82-/\
\xcc\xa3]W\xa9\xc6y\xc6N\xc2\xca\x84\xe2]\xe5\xdf\
\xdd\xcb\xde>c\xd1\xf1%\xf7\x99\xfd-\x87\x1atL\
\xa9\x15\xe3Eb\x0e\x9c\x95\x80l\x15\xc3\xed\xb85\x9d\
=\xf5\xb87\xe6Z&~\xe1MQ0\xd1\xee\x16;\
<\x8d\xcd\x95\xb4B6c=`\xcd=\x81\xbb\x19'\
\x15\x03\xf2\xd3C\x87EQ]w\x03\x00.\xd4\x96\xc5\
#D\xcc\x82\xbb0k\xd1\xe1\xc3\xa3\xe9\xb9\xe7O\x11\
\xf8\xe3\x10+\xffp\x9a:\x8c\xe6\xff \xa9\xee\xb1?\
\xa9\xa0\xd8\x15\x00\xca#h\xaa\xfc\xf2\x90\xde3\x00\xf8\
p\xe8?^\xec\x84\xa2#\xe2\x03\x84T\x8cD\xfe=\
\xce\xe5\xc6{G\x9c\xdb\xbe>~\xb9\xc7\xcb\x9d/,\
K\xbb\xf3\xd9{\x14\xb7\xf3\xd4\x8eB\xfcx{5\xb7\
/\xe5D\xbe\xb4\xbc\xc13\x04\x0b\xc5\x0b\xf0\xa3\x9f\xbe\
\x9c\xae\xff\xf7\xcf\xd3$\x16m\x13z\x84\x01\x88\xb2\xba\
-\x94\x919\xbe \x03\x1f\x88\xc7\xc0s\xbb\x84\xdcn\
\x9d\xed\xdePR\xf1t\xb5\xfb\xde\xeb!\x83\xa2\xd5\xe2\
*\x13j\x01\x0fH\xc3\x82\xa1\xc6LC=\x03a\x05\
\x19z\x93|\xe9\xae\xaf\xea\xb9\x05\x14\xe1\xb9\x8f\xc9\xb8\
\x8e\x1c\xfcI}8\xbd\xdf\xfbd\x9a\x1f\x7f>\xad\x0c\
\xce\x068v\xcb\xb6\xf3\xbc\x16\xe9\xd2\x1b\x01\x00\xe8;\
\xdc\xd9i\xf30|v\xc6d\x88\x9b\xad2u\x01*\
\xd56\xab\x0bh\xd5/\xc2\x01\xe0\x0f\xe05\x01\x9c(\
\xbc\xc2\x8dV\xf8\xf3\x19E\xc3w{VP#\x9d\x13\
\xff-\x9f\xfb\x05y8?i\xaf\xabB\x1aw\xac\x01\
+\xec\x0641\x03\xb6\x16^\x1b\x08\xe1\xb5E\xad2\
|\xd0\xdf\x80\x9c^\x98-\xc0i\x0d\x83\xa55\x82\xde\
(\x12T0\xfc\xe9\xec\xec\xa3/\xbcy\xb7\xc3k\x00\
\x13@c\xb3\xa6\xf5$\xdc\x94\xc9;\x00\xbf:\xe9\xd1\
\xfaq\xe14s\xf1s\xcf\x9d\xc1\x06`\x8c\x9d\x80\x91\
4=s\x08\xae\x00;\x14\x00+\xc2\x8a1\x9f\x1e\xa5\
\xe3&\x00<J\xb5\xfa\xab\xd7\x05\x13\xe4\x05B\xa2\xfd\
\xecG\xe9\xea\xaf\x7f\x92&\x17/\xa7I\xdcC+z\
;B\x9cMV\x17\x09Kf\xc2\xc3\x09\xaf3S(\
\x97\xf2O\xbb\xbe:\xbf`\x94c\x22\xeb\xe4\xa33\x91\
\xa4\xa0\xa3\x95\x00\xa0\x13\xd4\x02J\xd7\xa5\xe5\x0c\x00\x03\
%\x00\xb0R\xcb\x05\xb4s\x082a\xb1\xc9\xf5:3\
U!\x8cO7\x87\x02\x00.O\xbc\x90\x96\x86f\x02\
\x00\xdc\x0a\xecV\x17#\x00\xe8\xe7\x8e\xdd\xba\xee\xb6m\
\x1f\x10\x93\xc4\x16\xab;\xd4\x98\xb9\x14\x00\xa0v\x03\x00\
\xf8\x12\x00 \xfe\x1d\x00`\xfe\xc3NB\x91w\x90\x14\
C\x90U\x87\x14\x8bL;\x0f\xda\x01\x00\x92\x8c\x00\x10\
+\xf36\x00\xf4b\x0d\x08[=0\x5c\x00\x00Wq\
\x8f\x16\x8d\xf6l\x09\x00\xd6S\xd0\x09\x81\x0b\x82\xdf\xc2\
iI\x00\xa8a\xb1(\x87\xd7\xc3\xaa\xec\x86\xee^\x00\
\xc0\xdd\xa9\x10?i\x8f\xe9]\x1bu4\xff\xc8\xfe\x93\
\x13C\xe9\xd9\xe7N\xa7'N\x1dK\x07!\xfe\x83F\
\xfc\xc1\xef\xbf\x17\xef\xc2\x81~\x00\xa0P4Z\xa3G\
\xe5\xf8\x7f\x00`$$\xaf*!\xa0?~\xf5\xc7\xe9\
\xca\xaf^I\xe3\x0b\x17\x01\x00X\xf1\xc2\xddY'\xa8\
\xe0\x00\x8a\xc9$\x93-# k\xd9\xee\x11k\x18\x13\
\x14ZG\xa7\xe2\xfdQ\x00\x93\x17\x95\x14?\xae\x02\x00\
7\xc8\x0f\xb8\x8c\x1d@7\x043H\xc82\x93\x84\xb2\
\xbf\x06\x81\xb5w\x04\x97\xc1$\xd3\x5c:8\x00d\xb9\
O\xb6\x00\x80\xca\x93\xe9\x12\x00\xb0,\x00\xf0<\xf7\xed\
\xcd\x0d\x989\x00t\x00L^\xf7\xb0\xdb>\xfe\x02\x00\
\xec\x8b\xda_\x1f\x00\xe0\x00z\xfb\xff\x12\x00lG\xe6\
\x19\xe4\xd8\xf27\xb7\x00\x9b\x18\xb1m\xe0\xef_\xc5Z\
\xd1]\x0b7\x85\xba\xe1\x00\xf4\x1di\x0f\x00,\xcb\x02\
\x15\x17\x14+\xb0\x88\x85\xdb\xa9#R\x8c\x92\xe5\xf7\xe4\
\x89\x19\x0c\x7f\xce\xa4\x19\xec\xff\xc7\xc6\x0f\xa4\x09\xf6\xff\
G\xc9\xf4\xab(\xd1\xd7;\xf0H\x02\xc0\xff\x02\x00\x00\
\xff\xffkZ\x09U\x00\x00@\x00IDAT\xec\xbd\
\x87\x97\x5c\xc7\x91\xee\x19\xe5\xab\xbdo\xf8nxK8\
\x82F\x944\xd2H\xef\xbc\xd9\xffq\xf7\xec\xee9o\
w\xdf\xf8\x19YJo$R\xe4\xc8\xd0\x89\x1e\x04\x08\
\x10$\x08\xc25\x1a\xed\xab\xcb\xbb\xfd}\x91u\xdb\xa1\
\x1b\xa8\x06\x1bf$$P]U\xb7\xeeM\x1b\xf1e\
Dddd\xacI\xb2\xbf\xf2\xa4\x0e(/\xcc\xd9\x95\
7\x7fc\x13o\xfe\xda\xfa\xef^\xb7\xd1z\xd1:\x1a\
5\x8b\xf3[=\x1e\xb3Z,n\xcd\x98Y\x8c\xeeJ\
\xf0@\xe84.\xb4\x91\xfc\xde\x98\x1e\x8e\xf1l\xcc\xe2\
\x5cP>M\xbe\xd7y\x95\xc9?_o\xd8\xecb\xd1\
\x16r%K5S\xd6\x95\xcaZZ\xa5S\x87X\xab\
\xb4\x07\x15\xa5r\x1a<\x13k6,\x95\xa8\xdab,\
iW\xaa\xddv>}\xcc\xee\x0c?o\xb9\xae\x1d^\
f\xc2\xca\x96h4\xacnY\xda\xa5R\xea\x94Q\x7f\
P\xf6\xcb\xbf\xc7\xb8W\xcd\xb1\x845\xebM\xef#Z\
a\x95\xf2\xac-\xcc\xdd\xb0zu\xc1\xe21j\xd2L\
X\xbc\x91\xa1>i\xaf\x99JT\x0d\xdbJ\xea\xafP\
H+\xff\xa65\xa8sS\xf5\xa6\xa1\x89t\xc6\xba\xfb\
\x06-\xd3\xd1c\x8dX\x8a\x9c\xe9+\xc6Hm\xd7\xe8\
x\x9f\xf3|3\xd6\xe4o\xc3b\x8d:\xf5[\xb4\xfc\
\xc2\xacUK9\xeaV\xb3T\x92\x16\xe8Y\xea\xe9\x83\
\xdbV\xc5h\x01c\xa71\x89\xc7jV+\xe7(\xb3\
`{v\x0f\xd9\xb1\xa3\xfb\xec\xd0\xe1q\x1b\x19\x1d\xb0\
\xa1\x91A\x1b\xe6\xd5\xdd\xdbm\xf1x\x82\xb2\xd4\xcf\xf4\
G\x5c\x14\xf5\xf4$\xe8\xf0\x19\x00\x88X\xca\x0b\x0b\xf6\
\xe5\x7f\xfe\xd6n\xbd\xf9\xaa\xf5\xde\xb9f#\xb5\x82u\
\x8b\x9d\xa0C1\xa9^J\xc0\x00\xc4#\x02\xd35\xbf\
\xd4\xc6\x9f\xd6\x8d0\x7f\x82\xe7\x04\x02\xd0\xa5\xc8\xd2j\
\x14P\x86(\x04\x003\xb9\x82-\xe6\x8a\x96\xb2\xa4u\
\xa7:x\x17A\x8b9\x039\xb7Q\x10\xb7\x08`\x1a\
\x96\x8cWm>\x9e\xb2K\xb5\x1e\xfb,s\xd4&\x87\
\x9e\xb7\xc5\xce\x9d\xfc\xdc$\xf7\x92\xdf#\xe6\xaf\xc52\
\xfe\xd9\xcbh\xb7\x98\xa7\x18\x00\xcc\xc9y\x19dB\xdf\
\xd5\x01\xaa\x8a\x15\x0b\x0b\x0e\x00\xcdZ\x19\x86\x04D\x18\
\x96\xa6P\x9d\x9e\xde\x1c\x00(\xff*]Y\xb1F=\
o\x9d\x19\x83\xf9\xc7x\xed\xb7\x9d;\x87ltt\xc8\
F\xb6\x0d[\xef@\x9fe;:,\x91Hj\xd4\x19\
M\xfe=\x03\x80\xf6\xc8\xf8q\xde%\xba\xaf\x00\x00W\
\x04\x00o\xbcj\xdd\x13_\x07\x00`\x16K\xc2\xa0\x92\
\x00\xc4\x86\x22\x15\xe6<\x07\x00g^\xe7k\xff\xf3\xe0\
\xea\xaa\x10^q\x81\x00\xef\xcaM\xb3V\x15`)A\
\x14\x05\xa6\xb5\xd9\xc5\xbc-.\x14\x98\xf9\x93\xd6#\x00\
\xe07\x11\xf0f\x00 \xd1d\x9e\x11h \x01\xcc\x00\
\x00\x17\xeb\xbd\xf6Y\xf6\x98M\x0d\x9e\xb5B\xc7N\x84\
\x10\xda\xd4(R23b\x22e\xd5x\x06i@\xf5\
\x0a\xf5{pC\xb8\xe3\xa9\x07\x80\xd0\x18I\x03\x9a\xfd\
\x11\x1b\xac^+Y!?g\xf9\xdc\x9c\x03^:\x0d\
\xb8\xd2\xb7uI0\x80\xa0\xc6\xa6\xed\x14o \x8dT\
\x98\x19\x8a\x96\x88Wlh c\xa7N\x1e\xb4\xa3G\
\xf6\xda\xe0`\xb7m\xdf>j\xa3\xdbF-\xd3\x09\xf3\
3\xf3\xa7\x92\x01`\x80\xe6g\x00\xd0v'?\x82\x1b\
%B\xc6\xc4T\xad\xd9|e\x11\xf5\xdc\xa2]\xfc\xed\
\xabv\xfb?\x7fe\x83s\xb7m\x00\xd1\xae\x13FJ\
 \xb1\x05\x0190z\x92\x19\x06\x81\x91kA2\xb8\
\x97n\x94\xff\xca\x9c\x97?\xbb\xe8\x0f=\xc2\x83>\xf3\
8\x00\xc0\xfc%D\xc4\x5c\xb5f\xd3\xf39\xab\x94*\
\xd6\x09\xe3vK\x05\xe07\x89\xbc\x9b\x01\x80$\x00\x10\
G\xdcm@\x98S\xa9\xb4\x9d\xaf\xf5\xda\x85\xccq\x9b\
\x1d>g\x95,\x00`5K7\x0aT\xa2j\xe5d\
\xd2\xaa\x89\xac%\x10e\x04\x02m\xcf\x820\x808F\
\xb3g\x5c\x80\xa3\xf66\xcb0\xd9\x82\xe5\xe6oZ\xa9\
0\xc3\xecX\xb5$\xe2u\xac\x8e\xf8/\x15\x00\xc9\x03\
v\xe3F=\xdbF\xf2N$c\xfeKhV\x1f\xac\
T\x01\xe2\xc9\x8cu\xf6\xf6\xc3d=\xd2\x07\xc8\xd9e\
3\x15C\xbd\xa4\x08\xf1\xa2\xc3%A\xd5\xabb\xfe\x05\
\xea\x95\xa3?\xab0\xbc\x98\x9e|y-K\x00m\xd4\
\xc9o\xa1\x00\x060\x86\xf8\xdf\xa8\x17,\x93\xaa\xdb\xa1\
\x83;\xec\xcc\xa9\x83\xb6s\xc7\x90\x0d\x0d\xf5 \xfa\x0f\
\xdb\xe0\xd0\x10\xeaI\x97\xc5}\xf6\xa7\x8f\x18c\xc1\xf9\
\xd3\x96\x9e\xa9\x00\x12\x19\x1bM\xabLO\xd9\xa5\xd7~\
e\x13\x7f\xfc\x8d\x0d\x00\x00\x83\xd5\xbcuA@\x09\x08\
QZx\xdd\xf5K\xb3$\xb7\x8b\xd4\xc4\x96R\x014\
?\xafN\xdc\xb0A\x92\xde/\x02\x8d7D\xceq\xf2\
MX\x05\xc2(A\x89s0\xfe\xcc\xfc\x825*u\
f\xff\x8cu1;\xbb\xa4\xa0\x07\xdaL\xaaI\x12}\
6\x06hT\x12\x15\x9b \x8f\xf3\x8d>\xfb\xbc\xf3\xa4\
-\x0c\x9e\xb3jz;\xbf\xd7\x01\x80E\x88\xb8l%\
\xe4\xe0\x0a\x8c\x94\xacA\xa0\x9b\x04\x80\xc0\x90\x9a\xd3\x12\
K\x00\xd0\xa8\x07\x00(\xe6\xa7i'\x00\x00\x90Y-\
\xcd\xe7G\x04\x00=}\x96\xe9\xea]\x05\x00\x0eb\xb4\
Q\x00\x90\x10\xd22SW\xcbE+\xe6\xe7\xad\x5c\xca\
3Zb^\x9a\xdfz\x19\x00F\xafi \xdbL\xdc\
\xa8|\x9d*\x8a6\xd8\x97\xb1\xe7\x9e\xdbk\xc7\x8f\xed\
\xb5\xe1\xc1N\x18\xbf\xcf\x86\x87\x07\xad\xaf\x7f\xd0\xd2\x99\
.\xcc\x12\xe4M\xa9q\x0a\x5cK)m\x16\xf8Ho\
{\x06\x00\x8c|\xb3Z\xb7\xfc\xb5\xabv\xe9\xb7\xbf\xb4\
\x99\xf7\xff`\x83\x0b\x936\xcc\x8c\xd6\xa1\x99\x02\xe6\x14\
\xa3\xca\x1c\x18c\xc6\x8b$\x00\xd1K\xb0\x01\xac\x1e\xd6\
\x8dL*\x9a\x95\x5c\x96\xe0A1\x8d\xe4\x88\x1aF\xba\
2\xc0\x92\x07\x18f\x0bE\x9bG\x05\x90}\xa0?\x9d\
\xb5l\x0c9\xa3N\xa9\x9b\xd2\x19U?\x19\xb4\xcc\x8a\
\xf1\xb2}\x03\xb8\x5c\x8c\x0d\xd9\x97=g-\xd7\x7f\xd6\
j\x89QKaT\xcc\xd4s0M\xc9\x8a)\x00\xe8\
/\x0c\x00\x9c\xcd\x5c\xf4Gz\x03\x84\xa4\xefWJ\x8b\
>\xfbW+E\x18\x1f\x10nq\x7f\x90\x04\x01\x80V\
\x9f\xb5\xcbi\x92dj\xa8\x14\xf1X\xc9v\xed\xe8\xb3\
\xb3g\x10\xff\x0f\xef\x81\xf1\xbbmh\xb0\xdf\x06\x06\x07\
\xac\x07\xe9$\x89\x1a'\xc3\xa4\x92\xa8d5\xa5\xf8\xe5\
'\xfe\xe7\xaf\x0e\x00\xc4\xa0z\xadd\xacf\xb5j\x93\
\x1f}`\x97\xfe\xd7O\xad\xf4\xf9\x87\xb6\xa3\x92\xb3!\
D\xbc4\x84\xc4\xad\xe8\xe9\x09\x86\x9c\x99U\x00\xc0\x90\
I\x0a\xe0?s\xc9\xbdI\xd7\x1d\x04\xf4!J\x10\x9d\
d\x86\x06\x96g\xcd\x9c\xca\xa5\x09\xf3W\xc9\x132\xb2\
\x85Z\x1d\x00(X\xb1\x5c\xb1,\x22c\x7f\xa6\x83Y\
\x9a\xb2Q\x0b\xe2I)\x1c\xed&f\x9aF\x12\xabx\
\xdc\x16\xe3%\xfb\x8a\xfa~\x9e\xdaf\xd7\x07^\xb4\xc5\
\xde\xd3\xd4`\xd8\xd2\xb5\x9au0S7\xe3\xcc\x8a\x99\
8j\x00\x16\x87:\x90$\xe9\x9c\xfb\xdbJ\xa8\x00O\
\xab\x04\x10\x13\xc3\xd1w\x82lk\x94\x11\x00\xf2VF\
\xf4\xaf0\xfb7\xeaU5\x12\x9e\xa4\xf6\xba\xcf\x99S\
\xc0.\x10h\xab\xe5~\x93\x9e/\xb3\xa2\xd0\xc4\x00\xb8\
c{\x8f\x9d>\xb5\xcf\xce\x9c>d{v\x0d\xc3\xfc\
}\xd6\x07\xf3wu\xf72v\xd8\x16H\xa2!\xc7\x1c\
\xff\xf6t\xfd\xf9\xab\x03\x00\xd7#[\x00\xa0\x19\xa0Y\
\xaf[uf\xda.\xbf\xf1\x9a]}\xf3?,\xcb\x0a\
\xc0\xaef\xc9\x061t%\x98\x81\xb5\xe4T\x85Y\x03\
\x00\xc4a\xfe`\xc4\x13\xc5\xacG3b~-\x13\xad\
N-\x00@\xef\x16!\x90\x8b\xe7WF\x15\xc8\x83\x22\
\xf30\xfa|\xb9\xecT\xd2\x09C\xf6`4\xca@\xc4\
X\xa8\xb89\xcc \xab\xf3\xdb\xe8\x1b\x997\x01\x00D\
\xef\xb9X\xd1.\xd7\x1a\xf6E\xc7.\x9b\x18\xf9\xae-\
v\x9d\x84\x01\x06\xad\x03\xb0\xcb\xa2\xab7\x93\x00\x0e\x86\
\xb0r\x8a5\x07\xd9\x00\x82>\xb3Q\xc6\xab\xaf?\xb5\
\x00\x00H\xc3\xd4n\xfc\xc3Bo\xcc\xd25\x96\xfc\xca\
\x88\xff\xd5*\xb3?\xaa\x81'\xd9V\x1e\x1a\x00\x80o\
$\xa7\x1a\x92E\xbd\x96\xb3\xee\xce\xa6\x1d\xdc?j\xdf\
}\xe5\x94\x1d?\xbe\xdf\xfa\xfa\xba\xad\xb7\xa7\xdf:Q\
M\xe2\xd8&<1,\xcf\x00 t\xc5\xa6\xfe\x8a\x8d\
\xda\x9c\x93V\xe7\xbb\x92\xff\xd6d\x10\x0c\x81\x1a\x10\x98\
\x1fF\xad\x16\x0bv\xe7\xb3\xcf\xec\x93_\xfc\xd4\x16/\
~d\xdbj\x8b\xf8\x00\x94\xacO\x82?L(\x03\xa0\
D\xf5\xba\xeb\x89\xcb\x00\xa0\x19Pk\xcckS\x13{\
B\xc3\xc5\xfd\xe5_t\x17\xf3?\x8c\xc9\xac\xc4\xec\x01\
\xbbY\x1d\xe6/B\x8f\x8b0\xe9|\xa5\xca*\x00\xa2\
y&k\x1d0\x7f'\x10\x91\xa1nR\x14\xd6\x932\
\x96s^\xfb\x09\x0d\x17\x1f\x82\x1a\xba\xff4:\xfe\x85\
J\xc3\xae\xf6\x8c\xdb4\x00\x90\xef<n\x8dj\x9fu\
V+H\x009k$\x8aVh\x01@\x8aj\x05\x1b\
\xc0\xda\xfc6\xf8\xee\x00\xe0\x13\xad\xab3\xb2\x93\x18\xa0\
\xd9 _\x19\x01\x8b\xf9)\x98\xad\xd6\xb2\x01\xb0\x04\xe6\
6\x00A\xa6\x18\xb0\xcd\x16)O\x8d>\xff\x05\x81\xea\
\xef\x06\xc6M\xf5\xaf@9\x0ePv\xc2h\x99.\x19\
\x013\xe4,\xcbLXg\xf7\xa5St\xffF\xb5`\
\x95\xc2\xbc\x95\x00\x80\x06\x0c\xab;\x94\x9f\xcf\xfc\x00@\
\x13\xc9.&UK\x92\xcf\xbdC\xc9\x8d\xeb%\xd5\x89\
1\x94zhE\xda<o\x83\xfd)\xfb\xe1\x0f\xcf\xd9\
+\xdf9\x8b\x11\xb0\xdfz\x98\xfd;:{}\x05@\
t&\x0cg\xd8C\xd9\xebe\xf9\x04\xaf=^\x09 \
\xead\xefo\x11\x82\xc4a}i\x89`\xba\xa4\xafR\
\x7f\xf9ML#\x9d8\x01\xb3\xacL\x1a/\xa7\x0f\xdd\
\xbc\xfa'\xa7/\x07z\x95\xa5\x9f\x03\xf5P\x04\x84#\
\xc7\x9e\xd6\xe0\xe9\xb1\x06L\xb701a\x97~\xf9\xaa\
\xddy\xfd5\xcb\xceO\xd9 \x96\xb7n\x88\xa7\xc3\x0d\
I!\x93\x06D\x22\xa1R\x19J\x0dpBj\xd5\xf0\
\x1e\xca\xe1\x91\xa8\x99+\xeb\x5c\x85`\x8a\xd4\xa5\xc1\xb2\
\x82\x88\xae^\xe3{\xb9f\x8b\x95\x8aU\x00\x1aY\x8b\
38\xb7d\xb1\xcc\xa7\xc8 \x09\xa1'\x1cHBn\
\xea)}\xd2\xfbr\x0a\x9f\xf5\x8b>\xe9wx\xd9\x0a\
\xe4u\x93N\xbcP\xef\xb2[\xfd\x87\xad0\xf2\xbc\x95\
\x92;\xd1\x87\xd3\xcc\xfeU\xec\x00E\xab'jn\x04\
\xacR^\x12\x10J\x86\xe1X\xce\xfa~\x9fd\x04\xa3\
\xc0\xb0\x0a\x00\xd3i@|]\x1cG\x9b\xdcm\xcb/\
N\x22Y\x95X\x05\x90AR\x066\x8c\x81^\x7f\x01\
@h\xcf\xfd\xb2\xf7\xdf\x18\xa7\xe8\xce0\x84\xaa\xa0T\
\xb2\xa6Q]!\x80\x03@\x16F3Dm\x8d\x8ff\
u\xa7\x0b\x8d3\xfa\x7f\x0d\xf1?\x9f\x9b\xc6\xf1'\xcf\
\x98q\x87\xc6\xde3\xd7Xr\xafFR@\x10\x15\xe4\
\xbf=\xf8O\x9dq\x11\x1d\xa5X\x01\xa8\x94XV\xc4\
\x16\xf0\xf2\xcb\xcf\xd9\x8f\xfe\xf6\x15\x1b\x1b\xdba}=\
=\x18\x01\xfb\xc3\xf2\x9fJb\x99\xc4\xeb\xf5\xe0\xac\x1f\
\xfb\x1d\x8f\x17\x004pJ\xce\xef\x81\xc55\x1b\xc6\x1a\
\x0c\x82\xd43%1\x09\xaf*J\xa9\xe6_l\xd4\x00\
\x80H`E\x8a\xa8]D\xc8\xe5H\xec\xd6{\x1c\x1a\
\x93N\xe7C\xcdc\x0e\xf0\xbc\xd7!\xda\xc8\x10\x07'\
0;\x99\x95r9\xbb\xf0\xce;v\xeb\xe7\xafZ\xdf\
\xe5\xcb\xd6\x07 \xa4\x19,\xad\xa3\x8b\xc9U\xaa\x06N\
y-3^\xabp_\x0b\x8f\x1a\xb4\xa2n\xd4A\xf5\
X\x99\xf4\xad\xc24\x90\xc3(\x87 \x0a\xf3\xe3AV\
\xa9!\x96V\x01!\x08\x93\xdf\xb20\x7f\x1a\xc6M%\
\xe40B\x89\x80\x82\xbc\xd7\xb0\x16x#\xe55\xa8\xd2\
T\x0fi\xe0J\xaa\x97>\xa9\xae\x0c\xa4Od%l\
\x17\xb3\xe4q\x85\xf5\xff\xcb\xf1\x9d63t\xd2j\x03\
\x87\xacb,IakH\x01nZ\x7f\xa8\xd2\xce\x0a\
\xb3h\x9d\xa5\xba$\xaaFR*\xc7\xeaj{\x19\xeb\
\xfeq+\xb8n\xa7\xa60\xb8\x00 \x06\x00hF,\
\xe4o\xe3\xcc4\xc1\xd2[\xc1R\x92v\x1a\x9aa\x83\
%<d\xdff!4,\x82\xb5\xd0\xfb\xc1\xee\xa0\xfa\
\xd4\x10\x01\x1aHe\x9d\xac\x02\x08\x00b,\x99j\xe1\
\xcf\xd1^\xa0\xe9\xde\x93,s\x96X\x95X\x98A\x12\
\xc0\xbbR\xe3J\x1f\x8a6\xe4\xa1\x18\xac\xff\x92\xb1\xf8\
\xe86\x9au[\xba\xeeE(\x89\xb2p\xa8\xa2Y\x95\
\xf2\x02\xab\x0c\x8bv\x8cU\x80\xbf\xf9\xfe\x8bv\xf2\xc4\
!\x1c\x81\xf0\x04\x1c\xec\x05\xd0%a\xa8Z\xa2$\xa7\
\xa6u\xf3{\x92\x17\x9f(\x00\x08\xd1\x91\xdf \x92\x16\
\x00\x88\x9a\xf5\xa2ck\xe8\xcb\x02\x00X\x82\xbe\x16b\
\x93\xf4[\x94\xd60\x99\xc6\xc4I\xcb\xdf!\x19\xee\xd5\
w\x09\x0fa\x80E@\x22rLo\x00@\xbdX\xb4\
k\x97\xbf\xb0\xf7\x7f\xf7\x865\xde\xff\xc0\xf6\xce\xce \
\xf6\xb7\xd8\x1c\x22\x0al\xc6\x1c!\xa2\x89\xca\xf4\xf7\xf0\
M\xf2\x89^\xed$U\xb5\xc2c9\xf2]\x84\xe9\xb5\
\xd6/q6\x05 d\xd0\xc1\xf5.\xe2\xd4{\x92\x97\
HE \x22\x10\x90\xec\xa1\x12#\xf2W\x9bV\xd6H\
\xbf\xc9\xbf@I\xed\xcc!\x9e\xdf\xe6\xa9/j\xfdv\
\xad\xe3\x80-\x8e\x9e\xb2J\xd7\x98\x95\xeb\xb8\xa3R~\
\x12\x00\xd0\xbaF\x9dr*\xe8\xa8\x92n\x92\xd4%\x81\
\xc4\x11:0\xe4u\xdf\xbfK\x00\xa0\xb1\xe3\xe5R\x11\
\xb3\xaeaW(L\xe0\xcc4a5\x96Q\xef\x05\x80\
VE\xef\x9by\xebG\x1a\xe6\xa3A\x9b\x82C\x8f\xbe\
\xa9\xbf\xa9\xbd\x03@\x22\xa8\x00-\x00\x10\x18y\xdf\xd0\
\x16\xdd'G\x9dB~\x16i\x84\x19\x1a:JK\xf2\
\xa2O\xe5\xb7\xe0\x13\x84\x80I\xcfPNcS\x00\xc0\
\x03\x00\x1br\x08\xcc\x8dTY+\x024\xf30}\xaf\
\x9d>y\xc4A\xe0\xf0\xa1q\xeb\xed\xed\xb0\x8eL\xd2\
\xd2i\x81\x1f\xb5\xf6\xe5@\x8d\xec\xd3\x95\x1e/\x00h\
\x84\xf4\xa2\x1f\x96\xf5A\x11\x10\x03!\xd9U\x12\x22\xbf\
\x01\xee\x0cL\x99{0\xe4\xc8KK\xae\x9a\x9ex\xd8\
\xf3\x90Q\x8d\x9fZ\x9f\xa3\x9f\xe0\x1agx\x96\xb5}\
\x89N\xbax\xddg6\x88BD.6B\x07.\xe7\
\x16\xec\xfa\xa5\xcb\xf6\xe1\x9f\xde\xb6\x09@`pf\xca\
\xc6*\xb8\xfe\x8a\x9b\xc8C\xce7*\xc8g\xe2\x08\x00\
(K?\xeb\xa5\xc4\xc4\xbd\x8e\xb1\x8f\xa7xv=\x1b\
@\x9d|\xcbH\x16Uf'n\xb0$\xb3t\x16G\
\x9d\x0c/\xd7\x0f!\xea$3\xc5\x92\x98\xeam\x0b\xf5\
\x08ez\x8b\xbdl\xaf\x87\xbeR\xc7\xa8>z\x97\xbb\
\xf2\x14m\xbf\x0aq\x7f\xd9\x18\xb4\xe9\xbe\x13V\x1c9\
\x85\xb1o\xc4\x8a\xd5\x98e`\xdc$\xcb\x9b\xf2\x83\xaf\
SV5\x1e\x01\x00\xf3'\xf5\xf3N\xf5\x12\x1e\xf0\xe7\
\xa9\x05\x00\xfa\x03)N\xfb\x10*,\xf9-\xe6f}\
\x090\xc9\xec/0\xd2\xd8:XAo\x123\x83\x0a\
\xb0y\x00\x88\x91_]@C9\xda\x0f \x09 \x95\
j \xfe\x8f\xda\x7f\xff\xf1\xf7\xed\x85\x17Nb\x0c\xec\
@\xaa\x03\xa4\xba\xb2>\xde\x09\xc6\xd9\x89\xfb\x01]\xfb\
\xb8\x7f~\xfc\x00\xa0\x16:\xd5F\xfa \x83\xe1\x03\xc2\
\x9b.)I\x8eo\xe6\xa1\xe8<@\x80\x81\x07\x82\x96\
\xf8.q\xb9!\xcb8\xef\x9a\x05y\xd2\xaf\xd5\x98U\
\xeb\x88\xd4\x12\xad\xabdR\x04\xfd+\x10B\xad\x86\x13\
\x08:v\xbd\x8a\x85\x9d{\xb20H\x05g\x9b\x99\x1b\
\xb7\xec\xfa\xc5Kv\xfd\xf3\xcb\x16+\x95l\x94\xf2\x86\
\x19\xc8l\x8bHj^\x8e\x98OCFI\xd4W\xb3\
\xac\xaa\xedUo\xfd\xd2T\xbdW\x5c\xd1e\xaf\xa7\x03\
\x88\xdf\xb4\xfc\x07\xb4\x92cJ\x02\xdd#%=\x1f\x00\
HHg\xe5\x0e\x01\x99r\x02\x0a\xc3w]\xe3%\x1e\
\xd7K\x7f#%D\xf7F\x9f\xfd'\xfd\xda\xaa\x94\xe6\
\xf6\x9b\xcc\xe8\x97\x1ai\xbb\x11\xdfn\xf9\xa1SV\xea\
?f\xf9\xc4\x00v\x06\xc1(\xfa\xbf\x03\x00\x12\x08\xa5\
\xd5X-\x90\x04\x90\x801\xfe\x12\x00\xc0\xfb\x09O?\
\x88\xc1\x0a\x85E\xf7\xfe\x93\xe7\x9f\xc4\x7f\x1f\xa9V\x87\
\xea\x9b\x80@\x1d\xd7zk\x1b\xfb\xbc\xcf\xa1\x13\x81\xbc\
<\x0d\x93\xbc\x9aZn\xc4\xae\xd2\xd7\x9b\xb5\xef\xbdr\
\xce\xbe\xf7\xdds\xb6\x83=\x01=\x9dl\xea\x12\x00P\
T\x0a5%\x18\xa4\xa2Q{:\xde\x1f/\x00\xa8\xcd\
\x1a\x04'\xd8\x08\x00$\x8a1\x10\xe27^\x0d\xc4\xe3\
\xdc\xf4M\xcb\xcf\xdd\x82i\x17\xad\x5cmXU\x22\x9f\
\xeb\xcdU\x18\x1a\xe7\x0e\x1cw*0n\xa5D\xc7\xb3\
\x84V\xe3Z\x955t\x01\x81\x96\xf5b\xe8\xe7M\x10\
\xba\xc63uf\xfc\x06\xd7c\x18\xbf\xb2\x94S\xc7\xd9\
\xa6:\xb7`u6\xde\xc4Xz\xcb\x22\x1a\xa6\x01\x80\
\x14f\xf0$\xcc\xa9\x89\xb0H\x1dJ\xe4\xd7h\xcd\xca\
q\x18U\x04$!30 5\x86q\x5c\xacS{\
V&I\x0cB\x8c\x15I\xdf4+\xa5\xf4\x22#\xf9\
 8\xb0\xe8\x1eg>\xf5\x80\xfe\x91\x19\xffu\xbf^\
\x82\xb9\xc8\xfe\xa9\xb2\xfd\xa5Y\xacu\x93\x8a\xd6+\x08\
\xbdlh\xa2\x9eWP\x9a.4:m&3f\xb5\
\xe1\xd3V\xe8\xdco\xf9X/\x86Utu\x5c\x80\xb5\
\x0f\x00\xe1\xdfsk\xb0\x19H\x00\x10C\x22Q\xde\x9e\
\x19\xf9=0\xd1\x0e%Y\xdd\x9f&\x15\xc0]|Q\
\xf1d\xf4[`wg\x05\x0f\xc0\x00\xb4A\xaa\x93:\
'\x8e\xf7\x7f\xdey\x0f\x07\x00\xb2\xc7\x88\x10\xc2J\x00\
}\xc7\xe4\xd1\x04X\x93\xd8\xad\x0e\x1f\xdc\x03\x00\xbc\xc0\
\xde\x80\xc3\xd8\x01\xba\xad\x13\x10H\xe1q\x99\xc4\xbb\xf3\
\x19\x008\xd1\x04\xe2\x16\xd9\x06\x22r\xb6\x82YEN\
\xe8\xb0w&\xed\xb3\xb7\xdf\xb0\x89+\x9fZ\x07[L\
\x1b0p\x13\xe3U\x83W]3=\x0c\xaf\xefu\x98\
^\xaf\x18\xb3u3z1\xf3j\xe9\xae\x1bF\x0e\xb0\
\xa2\xb2\x02\xc3h\x96\x8b\xf1\x1c\x9bS\x11\x85yA\x08\
8\xa9:\xe1\xd7\xb1\xfc\xd7P;b\xcc\xcc\xb20\xe7\
\xf3%\xcb\x01\x105Y\xc7e%\x17\xc3B0>S\
\xb6\xf2\xf3\xc1$\x1f\xd1\xd1\x83\x92\x98Y\xadL\xf3\xd2\
N=\xd7\xef\xb9&\xe3\x9fD~e\x22\xd5!\xba\xae\
\xfcD\xa4\x02\x80\xa5]\x88\x9aq\xf4|\xeb%\xbd\x15\
|jmUN0\xb7So\xee\xff2\xd1i\x97\x12\
\xfd\x96K\x8f[\xa3\xff\x04K}\xbb\xad\xd0\xec\xc6\xae\
\x02\xb3\xb2m5\x89\x9e\x9e\xd0\x1a\xb9\xd4.d\x02 \
)\x94$\xe4k79\x0a\xaa\xd2\xcaS\xcb|\xd4\x16\
\xb5\x22\x11+0\xeb\xca\x06p;\xd8\x00h\x9b\xdbo\
\xdc\x86\xa3\xf26S\x86\xba\xa5\xc5h\xb4=\x8c\xa3\x80\
\x07s#\x0d\xd7\x12^gwp\x05\x8e%\xb3|g\
\x8c\xa8W\xa2Q\xb2\xd2\xe2\xbc\xcd/\xb0\xf4\xc7d\x90\
I#z\x03pZ\xfe\x8d$.\x81\xae\xfaWI5\
r)\xc0\xbf\xb5\xf7G\x00@q<\xa8>P\xbe\xaa\
\x17t\x8a\xe4)w\xe0\x97_:m\xdf\xfd\xee\xf3l\
\x11\x1e\xb6\xee\xae\xb4utiG \xf5\xd0X?e\
\xe9\xb1J\x00\xde\xd9t\x80\xfan%\x00h\x06\x83\x87\
a\xe6\xba\xcd]\xbff\xbf\xfb\x97\xff\xd7\xbe\xf9\xf0-\
\xdb\xdd\xcd\x9a8\x22\x9c\x1cr4cFb\xb8\xcf\xc6\
d\x16\x98\x92\xe74\xa0|\xd7+\xc5\xe7N\xfa\x99\xad\
\xde!\xb5\xde\x9dU\xf9\xcd\x8dm\x0c\x04\xa4\xcb\xf3\xaa\
\x115A\x0a\x90\x95^\xb3a\x0djX\xcc\x97\xd9\x97\
_@k\xd0\xbezV!\xc4\xa8\xdc+\x12\x0e\xef0\
+\x85\x85\x7f\xa1\x98\x07\xfdU\x9d\xfd\xd9V\x99\xba\xdf\
\xdb\xd4\x22\x0a_9\xe0\xb7\xe5j\xd3'\xea\x17\xa74\
\xb5UB{`\x04\x91-0\x88M\x01c)\x00U\
\xc6\xc0\xa4\xed\xc4\x05\x0c{\x93\x03\xdb\xedF\xd7v\x9b\
\xae\x0e[%\xb5\x17G\x9f\xddVlv\xd1.\x0c\xaa\
\xc9\x0a\xed\x97\xbb1\xc0)\xc3\xab\x96\xe7\xf4r\x02\x0e\
}\xf1\xa0v\xf8\xeft\xbcW{\x1d\x00(\x02\x009\
\x00\xa0ZYd\x0c\x04\x00\x12\xb7e\x08k\x0f,\x97\
\xca\xa7#\xbc7\xe8\xe7\xb5F\xc0*mUot\x00\
\x00Y\x1cn\x12\xb8\xdc\xba$#\x18\xa4\xdc\x22{\xfe\
\x0bymxB\xba\xc3\xc8JF\xe2S\xef\xef\x90\xbf\
\xda\x1a\xfa\xda?yYK%?\xf0C\x90\x00<\x0b\
Z%\xfb\x89C5 \x83\xfbx\xa6\x89C\xd0>\xfb\
\xfe\xf7\xcf\xd9\x91\xc3\xe3\xf8\x05t\xe3\x16\xdcE\xdf3\
\xdd0>Qr\xb0o\x8d}t\xedI\xbc?V\x00\
\x10N*\x89q]\xde\x87\xe0\x9b0\x97\x1cde\x03\
\x8c#\xa6/\xde\xfc\xc6^\xff\xff\xfe/\xbb\xf5\xde\x1f\
\xec\xc8@\x97\x0d Ze\x10\xe7\xc5,\xd1\x8c\xe9\xcc\
\xcb\xfdb\xf8%P\xf0<#&\x8b\xd4\x0b\x90\x9f\xfb\
\x22\x84_i\xed]&G\xa19\xac%;\x83\x03\x00\
\xcbu\xf9\x8a\x07\xe6p\xa9\x04\xe6\x12!K:\xd1\xba\
<~v>\xe82b\x0a\x04\x9c\xba\xf8\xfb\xe0$\xc0\
\xd1\xbc\x13\xb1xxb\xf57\xb1\x09\xa9\xd5\x16\xb9\xf4\
j\xdeW\x12\x91\xe9\x9b[\x9e\xb9\xa1\xc4\x8cV\x06\x9c\
J\x18\x97\xe6\x90T\xe6\x99\x15\x13\x03\x83V\x1b?d\
\x93\x1d#\xf6\xcd\xdd\xa4-\x94G\xac\x9e\xdc\x8dcP\
/@B\x9f\xe0\xfe\x1b\x8f\x17\xc8\x8b%;\xda\x1b\xc3\
V`\x8d\x14\xed\xe07o\x8b\x17\xf5\xe0?\x11\x00\xd0\
\x1b\xf7\xaa\x00wp\x06\xba\xd5\x02\x00\xb2U9\xdc\xa7\
\x96\xb5\x9a\xf5\xe0\xfcu\x873%\x7f\xa8\xd7=\x00@\
{E\x11\x92\x00:\xba\xfb\xf1\x03\xea\xa4\x0d\xf4\x0e\xde\
~\xb5\xc24\x9e\x7f,\xcda\x13\x8ac\xe3H\xd2G\
M\xf4(\x01\xc02\xbfE\xe3&\x08\x8f\xca\xd2\x87\xf6\
\xd2*\x00 \x03M\x0c*@j@\x0c\x87\xa8]\xbb\
\x06\xec\x95WN\xdb\x0b\xcf\x1f\xb3\x9d\xbb\x86p\x0b\xc6\
\xc1\xab\xa3\x1b\xfb\x0f\xd2\x16\x95p\xb0\xa7\xa8\xb5\xaab\
{\xa5o\xed]\x8f\x1d\x00\xd4\xe1\xce\xb4\x1a\x11:N\
\x03\xa7=\xf1\x12a\x13\xf8j\x97n}c\x7f\x00\x00\
\xee\x02\x00\xc7\xfb;m\xa0\x8e\x9e\xce\xec\xa5g\xb41\
Gz\x5cp<\x11ax\x16+\x98F\x17\x04-\xf2\
1P\xde\x0e3|\xa7$\xf8H\xb0\x10\x81@\x04\x0a\
b8\xf6\xddQ\xb6\xcf\xef\xcc\x94l\xcd-\x10L\x83\
\xc8<U\xa9%\x10\x91\xf6\xe5k\xf6V\xdc\x19\x81\x80\
\x18\xb1\xc9\xac\xa9\x7f\xa1p2yPR\x81~\xb3\xde\
W\xa7\xb5W\xf4]\xf3\x93d\x0e\x95&\x08\x10\x13\xe8\
\x9b\x8b\xfe\xd4G1\x04r\xf4\xdd,\x005M5J\
\xec\x1f\xe8\x1f\xdfo\x99\x03\x87l\xa2\x91\xb5/\xae\x96\
lf\x0e\xdd\x1f\x00\xb0T\x1f\xaa\x02\x90\x15c\x17\xa0\
@\x80\xde\x8e\xd7\x91l\xea\xe8\xa5\x02\x00l jO\
\xdb\xe9I\x03\x00\x12@\x9d\x01\xed`\xf6\xef\xec\x1d\xb0\
T\xb6\xdb\xd5\xa1\x0a\xeb\xfe\x95\xf9;l\x01\xc0x\xac\
1E\xec\x96\xdb5X\xe9\xaf\x00\xbe\x11\xd1\xa8\xbd[\
\x01\x00A=tJS\x80\x90Z\xde\xbaYN:\xfb\
\xbc\x96\x04\x9f\xb7\x83\x07v\xb1\x12@\xf4\xa2\x9e^K\
\xb1\xc9+\x81\xf1W\xe9\xafV\x02P\xb7\xfb6W\x01\
@K\x02\x10\x00\xa0\x95\xfa\x1au\xe5\xf67\xf6\xd6\xff\
\xf8?m\xea\x9d\xff\xb4\x13\xac\xa5\x0e \x1bd\xb87\
\xb0\x0fC\xe8\xdc\xc2\x1f\xc6q\xd5\x9c\x12x\xdf\x99\xbe\
*\xe6\xf4\xfb\xfc6\xf5\xb7n\xf7k\x81\xb1\xf8\x1e\xb2\
\xf0_\xd2bp\xe9\xe0\x10M\x15qU\x000\x97+\
\x03\x00\xd4\x955\xc9\x14\x8c\xa6\x99?%1\xdaYR\
\xf7\xfa\x90\xf3\xde*\x98\xef\x1b\xa7Ve\xbc\x15\x1b\xdf\
\xa5_\x94\x9b\xb7\x91\x0a\xaa\xae\xaeg\xf3I\xcc\x1ff\
\x7fl\xa30\x7f\x11\xd1v\x82\x0a\xde\xa5\xceyf\xc2\
\xd4\xe8\x0e\x1b>x\xd8\xb2\xbbw\xda\xed\xc5\x9a]\xfa\
|\xde\xa6\xa7\xba`\xf8\x9dtl\x1f~\x080M\x82\
\x95\x15v\x01J\xde\x8a\xd7\x81\xbd\x1afQm\x1e\xc2\
E\xf9\xbf\x16\x00\xc8\xfe\x11\xc3\x09\xa8\xc7\x01 \xcd\xec\
ZE*(\xb2\xee_\x99\xbfM\xdbX\xea\xc4=8\
\xc12\xa7T\x1c\x01@\xd8\xf7\x1f\xf50\xbd,\xc0k\
\x81\x9e\xfa\xbc\x9dQ\xd4\xd3J.\x01\xf8'\xa97\xd0\
\xa4^>Fr\xec\xc2\xb8\x8c-\xe4\xe0\xa1\x1d\xf6\xc3\
\xbf9g\xa7N\x1d\xb2\xde\xbeN^\xb8-\x03\xd2I\
\xc6\xedi\x98\xf9\xbd\xfa\xfcy\xac\x12@$\x98;\x00\
hT\xe84\xa9\x00\x95\x16\x00\xa4@\xd0\x1a\x00\xf0\xce\
\xff\xf8\xdfm\xfa\x8fo\xda\x89\x1ef\xb5\x15\x06\xbd\xa8\
\xd2>X\x11OE\x17\xbd1\x81\xc9k\x00K\x94$\
%\xe8\xd6\x80\xfe|X\xf3\xb0\xc4\xf8\xb8\xbc\x0e\xb1\xe4\
\x0af\x04\x00\x0b\x85\x9a\x03\x00R$\x06@\xc4H\xea\
''\x9a\x00\x00\x92\x02\xa4Z\x84\xd99\xe4\x1e\x95\xb6\
\xd1\xbb\xb3rT\xf8\xaa\x9b\xa0\x9d\xa5\xb4\x5c\xeb\xd6%\
f9\xfd\x0bm\x08\x00 U\xa9H\x9f\xcdS\xa7\x9b\
\xd8(\xe6a\x82\xf8\xeeq\xeb\xde{\xc0\x06\xf6\xee\xb3\
\x0e\xe2\xd0M\xcc,\xd8\xa7\x1fN\xda\xd4\x043|s\
\x875\x92\xbd\xd8\x0bX\x11I\x17\xc1\x13\x96D%@\
\x13\xa8#Y%\x1c\x18\x12@\x9d\xe8A\xff\x95\x00@\
\x8e@\xb2\xd5d`|I\x00I\xf6\xdd\x971\x08\x17\
p\xfbm\xe4'\x01i\xecF\xf1,\xd2\xa2\xcc\xae\xa8\
\x002B\xd2\x97N\x16\xce\xf4-\xe6\xd7j\x91w\xf5\
\xaa\xa9\xa4\xd5\xf9\x1b\xbf\xad\x06\x00\xc6\xc7}\x0a\xa0#\
\x9c\xd7Ln\xd6\x8d\x05\xb6\x06w`\x0c<n/\xbe\
t\x125`\xd4\x06P\xcf\xb2\x04\x08Ic\x94\x5c\xb9\
\x13u\xe3R\x1e\xcf/\x8f\x1d\x00\xd4,\x09\xdbZz\
r\x00`v\xadA\xcc%\xbe\xa6\x19\xb8\xda\x1d\x01\xc0\
\xffa\xb3\x7f\x02\x00\xb0\x9e\xf6\xb2\xf3\x8aJ.\xf5F\
\xeb)\x1f\xb8\xe5\xabK?\x87\x0f\xfc\x10P\x99\xb2\xf8\
,\xfb\x81\xde\xf5\x90\xab\x0d|\x0f\x89\x81\x17A$Y\
:\x22\x82NPE\x926\xbf$\x01\xa0\xbd\x22b+\
6\x9f\x03\x00\x8c\x93ti\x04\xe0\x82\xa8$1\xb4\x07\
\x00*M  \x88QE\xbc*\xfe\xae\xaa\x84+\xe1\
k\xf4W\xd7\xd4\x86\x00\x00a\x86\x11dVP\x83\x16\
\xe8\xaf\xdb\xach\xcc\xb0\xb6\x1c\xdb9f=\x87\x8eZ\
\xcf\xd8~\xeb\xd9\xbe\xd3\xba\x06{\xec\xce\xddi{\xf7\
\xad\xaf\xed\xd6u\xd5s\x1bL\x8f\x04@\xddk\xc9\x12\
\x9f%k\x01_H\x00qT\x00I\x00\xcd\xcdJ\x00\
\xf4\x99\xb6\xc4\x06\x0b\x7fX\x05\x90\xb7]\x9c\x99\xaf\x98\
\xbfc\x0b\xd8\x00jl\xa9\x96!6\xd8\x08\xe8'\xc6\
y\xbdvR\x99\xf5\x93\x0f\x91\xfe\xe8\xa9\xd0wQO\
\xd5\xa1\x1dm\xa6Je;\xdd\x0e\x90df-\xb2\xa4\
[\xc8\xcd\xb0\x16:\x1fT\xb5\xd6\xec\xaf1r\x1b\x04\
\xf6\x9d\xa0{\x93\x9f\x18?\x02\x82V\xee\x5c\x5c\xbf\x1e\
\xeb\x5cu\xdb\x8fWM\xfb h\x1bu\xf1\xa7\xb1\xad\
4Yjm\x10p%\x9d\xad\xdaI\x02\x85|\x0fc\
\xe0\xa1C\xfbl\x94(A\x9d]]\x96\xcd\x02L\x00\
\xf8f\xca[\xa7\x0a[v\xe9\xb1\x02@D\x00\x91\x00\
\xedF1\x90YX\xa0\x99M\x0cR\x9e\xb9eo\xff\
\xfd\xffm3\xbf\xff\x9d\x1d\xc7\x8d\xb2\x0fq!D\xad\
\x8d\x86\x7fY\xe8\x8e\xf2[\xdb\x1b\x1a\x8c\x08\x00V~\
\x8e(\xd0\x07\xcb\x1f\xd2'rA\x07\xae\xf3\xaa\xb1\x1a\
 \x01y\xbe\xc8\xf6\xdc\xc52D\xacY?\x010a\
M\xe6V\xb1\xbc\xe6}'$\xea-hi\x7f E\
\xc4\x1b\xd5X\xb5X\xfd\x9b\xbe\x89\xac\x04^\x02-=\
]\x06\x10\x16`\xa4)\x08\xe8\x8e\x96'\xf7\xec\xb5\x9e\
\xfd\x87\xad{\xc7\x1e\xeb\x1f\xd9\xc5^\xf4Q\xebB\xdc\
\x9c\x98\x99\xb1\xd7~\xf7\xb1]\xf9\x0aKxr\x07\xac\
\xd9\x0d\xc1k\x0d\x01\xefJ\xcdRN\xfcb\x08\x19\xe7\
\xc4 @\xcb\xea\xe2\xb9\xbeq\x92\x07\x5cLv\x00=\
\xef/\xe5!\xff\x0b\x96\xe0\x8a\x93\xbe#\xb0&F\xa4\
\xcf\xe4z\xeb\x9b;h\xc9\xfd{`\xbd\xf2\xa2\x91R\
\xe5x\xda\xd1\x9b\xd9\x1f\xf0\xab!AvtvZ\x17\
\x1bo\xe4\x93\x91'\x9eB\x99\x9d\x9d\xf2rtXv\
\x86\x0fc\xa4^To\x86&\xf2\xb7\x95\x8f\xf2\x0c\xd7\
67\x8e\xac'\x87>\x8c\xda.\x10P\xfe\xee\x1d\x08\
\xc0\xe2\xc5Zc\x97\xe0\x8e\x9d}\x18\x03\xcf\xda\xf3\xcf\
\x9f\xb0\xbd{\xb6a\x1b\xe8\xb0\xce\x8eN\x0f\x12\xaa\xfb\
}\xeb2`\xfe$\xd3c\x05\x00\xf5\xb6:\xbc\x06\x01\
\x09\x04\x98;\x82\xf1\x0d\xdd@\xa2\xb0\x0c\x5c\xa5\x85;\
\xf6\xd6?\xfd?6\xf5\xe6\xef\xec(D6\xc8\xae5\
\x89t\x0f\x93\xee\xe9\xda0\xda\x94\xba:\x8944\xa3\
\xd50\xd0\xc026_\xaa\xda\x02\xbe\x00\xb5\x12\xa1\xa3\
\x11\xef\xb2\xd8\x01\xe43\x90\xa0~\xfa\xe7\xfb\xfd\xc9+\
\x10\xd6\xea\xbc\xee\xf7mm\xb9k\xefmU\xafuY\
\xec\x02\x03Q\xa6\xc0\xacA=\x0a0\xd34\xe4=\x99\
I[y\x07\xbb\xce\x8e\x1d\xb7\xee\xf1}\x96\xee\x1e\xb4\
\x81\xbeQ\xdb>\xb4\xcd]Oo!\x01\xfc\xe27\xef\
\xd8\xa7\x97\x99\x113;\x10\x97\xb5\xc1X\x16\xff\xd6z\
\x0b3`\x03\xc2\x93\x8f\x81\x80A\xd2Q\xe0\x89\x07\xd5\
0TM\x8eV\xaa\x17\xe8\xc2\xc0i\x99M\x0c \x15\
\x05\xe7\xac\xf2\xb4\xe5\x08\x0d^)\xcd\x02\x9a\x1ac\x18\
\x9fX\x03\x9a\x89\xd5\xa2\xd5m\x0c\xf9m\xfc7\xaaO\
\xf4\x149\x90\xa7;x\xb1d\xac\xf5\xf5nfUy\
\xe5-..\xfau\x85\xf9\xd6\xc8\x84\x97r\x8e\xf2\xd0\
\xe7\x95)\xcaS\xbfo\x16\x00\xf0\xb9t\xe7\x1f\x01(\
/\xedxT;]:\xa4\x8f\xa1\xd9*AW\xe0u\
;u\xfa(\xde\x81g\xec\xe8\xa1\x9dl\x1bV\xac\x80\
^\xec\x00\xc1\x03%\xd8\x026\xaa\xdf\xca\xba>\xba\xcf\
O\x04\x00\xdcH\x07)\x08\x00\x14\x8d\x06\xdb\x9a\x13\x86\
\x03@\xfe\xae\xbd\xf3\xaf\xff\xd3&\xdfx\xdd\x8e@\xb0\
C\x88\xac\xecp\xa7\x07\xa2\x01\xdb\xfa\xcep\x06\x80\x19\
j8\xcb\x14\xc9~\x1e\xe5\x7f\x81\x18\xfd\x15T\x814\
\xc4\x8d\x1b\x07\xc4,a\x9cZ\x08\xbc\x822\xe9\x8c\xf9\
(\x87O3\xb3\xe6M\x95\xdc\x80\xf9\x8b-\x00\xb8\x8b\
\x18\xd9\xdc7n=\xc7\x8eY\xdf\x81\x83\xd6\xc1\xcc\xdf\
\xdb7lC}C\x84\xa8\xee\xb0;wf\xed'\xff\
\xeb-{\xef\xd3\x9b\xc4\xe3\xdc\x86\xc1\x0c;\x81\x14\x19\
\xcdP\xf4\xa5\x18X\xeaD\x03\xd0\xd3*\x8cKK\xea\
^\xa1p\x1bi\x19\x00`|\x8f\xf9\xdf\x02\x00\xe4\xa7\
je\xc6\x01\xa0\x5c\x9c\xa1D-\x9b\xd2k\x80\x97Z\
\x11^m\x14\xb0tKT\x9f\x15c\xaf\xfe\xa7\x1dr\
\xec\xc9\x00\x84\x1d\x1dl\x05\x86\x80\xf2\xac\xfb+\xc2o\
R\xa2\xbf\xcal+E\xf9?,\x00\xa8\xdd\x11\x00\xe8\
\xb3\x1c\x8e\x90\x00\x08\xc9\x1e\x87n\x1b8^\x8d\xef\xdd\
\xe1\x00p\xf6\xd4~\xdb\xb1m\xd0\xfa\xd9&\x9c\xc6+\
Pg\x05\x08\x9c\x9e\xb4=\xe0\xb1\x03\x80\xc6E\x00 \
\xf3\xcbZ\x00\xa8\x83\xeeU\x08\xe7\xbd\x9f\xfe\x83M\xbe\
\xfe\x9a\xedg]w\x88\xce$z\xbdw\xae\x9e}\x14\
)\x02\x80\xaaT\x00\xc4\xeb\x1c\x000G|\xfe2\x0e\
A\x02\x80NI\x00O\x08\x00$\xb8\xbb\x90\x0e\xf3\x97\
y\xcd1c\xdf\xc5\x92<\xd7\xdfg\xc9\xfd{m\xe4\
\xe4s\xb6\xfd\xc8Q\x1b\xde\xb1\x1b\x87\x93\x01\xeb\x88w\
\xd8\xd4\x9d\x9c\xfd\xe4\xd7o\xdb\x1f\xde\xff\x1aP\x1b\x81\
\xce\xfa\xa0M\x00@\xe21\xa0\x1a\x97\x0e,b\x85\xee\
\xc5\x94b|\xfd\xdb\x0a\x00\xa8\xd5\xe6\x00\x80\xeb\x04\xe1\
\x98\xc6^\xa2U\x93`$\x93\xa4\xb1U\x00\xa0\x99V\
\x9e\x93\xdaW!\x10\x10 \x94p\x0d\x97\xa5\xdf-\xff\
m\x03\x80\xa8I \x10\xbd\xda\xa1.\xc0\x085J \
\xe8\xc6EF\x87 \x0f<\xc8(\x91MC{\x11\xa0\
\xd9T\x9aU\x09v\x09\xf6\x0ft\xd8Y\xa4\x80\x1f~\
\xef\x94\x8d\x13+ \x00@\xca\x8d\x81:/ Z\x16\
l\xa7\xe4Gq\xcfS\x05\x005\x00\xa0^\x99\xb3\x0f\
~\xfe\xcf6\xf1\xfaom\x8c\x0d\x1d\xc3\x18\xe7\x04\x00\
\x9b\x15\x1e7\xd3Y\xd2\xb3\xc5\x0aZ^+\xa3\x06\xe4\
YR\x9a]\xc8[\x11_\x00\x16\x93\x00\x00\x06\xec\x89\
\x00\x80Dm\x08]\x0c\x0a\xf33\xaf\xd8\x22\xafif\
\x8f[T9\xc7\xc1\x13]\x07\xf7\xdb\xee\xd3\xcf\xd9\x9e\
\xa38\x9d`\x13\xe8\xca\x0c\xd8\xf4\xdd\x92\xfd\xfc7\x7f\
\xb6\xdf\xbd\xfbe\x00\x006\x03\xd5kl\xfb\x15\x98@\
\xa0r\xbd\x82T\x9d\xdf%\x01hS\xd3V\x01\x80\x22\
\xe4\xe8t\xa0B\xee.\x00\x80\xfaF\xder\xcc\xdeZ\
\x00\x00\xbc\xf0\x0e\x95\x08\x9db\xc7\x9d\x00\xa1\xca\x92\xa8\
t\xea\xb8\xab\x00\xedJ\x00\xa2\x12\x8d\xbdR\xf4\x1e\xbe\
m\xfcW\x00\x10\xfa/H\x1a0\xbfT \xf5\xa1\x10\
\x00`\x90z\x10G\x0d(\x12+ \x9d\x89\xd9\x18.\
\xc1\xff\xdb\x8f_\xf6\x83CF0\x06\x0a\xb4:93\
 \x05\x90\xff\xd5I\x00\x12\xe6d\x03\x88$\x009\xe0\
\xf0E\x86T\xc8\x92\x81\xad\xcd\xdbG\xaf\xfe\x9b\xdd~\
\xed7\xb6'7Op\xce\x0aL\xf8\x18\x00\x00\xb1\xbe\
\x8aH\x5caP\xf2\x88\x923s\xec&\xc3\x1d8\x83\
\xa1\xa7\x8b\xa5\xc0'\x01\x00\x22&\xbd\xb4l\xeaL\x04\
\x91I\x0a\x90\x03\xd0\x0c\xc4v\x97]n\x05\x8e\x9eJ\
\xef\xdcn\xa3\x87\x0e\xd8\xd13gm\xd7\x9e\xa3\x96\xaf\
d\xecWo|j\xaf\xbd{\x85\xf6l\xc7\x11h\x10\
\xd1\x9c\xd9\x91\xfeM\x0a\x00\xe4\x0a\xcc\x18\xb81\xb35\
3\x87\xd9\xbf=&\xb8\x9f\x0a\xd0d\x09l\x1e\x09\xa0\
@deI\x1b\x92\x00\xe22\x96\xa9\x1c\x81\xcd\xc6\x9c\
\xb5\xce/Q}V<\xe5\xf5n\xb8\xbe/\x10K*\
h*\xb7I\x22\x88\xb3b#\x8b\xff\xf2\x9a\xff:Y\
\xdes)*\xe3\x9e\x1f6\xb8@]\xa8\x83\xca\x0e\x00\
 \x09J\x12@\xc8\xc7m#\x8cY\x9d=\x09z\xc5\
\x89\xcf\x90\xc5=\xf8\xc7?8g/\x9e;ic\xe3\
{\xac\xa7\xa7\x8b\x97\x8c\x81\x8c\x09\x13\xce\x93\xb4\x05<\
^\x09@\xc6f\xfa\xe9\x1e\x00h]\xaf\x22\x8bW\x09\
\xb1t\xf5\x8f\xbf\xb5\xaf~\xf13\x1b\xbe;i\xdb\x93\
l\xd3\x95\x85y\x93\xa4\xb3\xc1\xe8\xad{\xb95\xff9\
\x00\xc8\xbd\xb6\xc8\x18\xcf\xcesJ\x0f/\x19\x01\xbb\xf0\
(\xcbhv\x11@i\xe6\xf4\x5c4+\xfb\xbc\xb9n\
\x9e\xdf\xf6\xa2\x9b\x1b!$\xb9\xe9j>\xd3\x89?\x1e\
7\x81wE\x13.\xc2P9\x00k\x96\x1f\xe7D\x83\
\xfd=\xb6\xe3\xd0!\xdbw\xfa%\xeb\xdaq\xc8\xfe\xf4\
\xc9M{\xed\xcfW\xd9\x0a\xcc2`z\x18\xab\xb4T\
\x00I\x00\xb2\x92\x03\x002\xbc q\x85\xe5L\x95 \
\x02n\x8f\x19\x04\x00\xber@N\xb2\x01(\x0f}\x97\
\x11\xd0\x9a\xc4\x05\x5c\xb8i\xb9\xd9\xdb\xae\x02\xa4Q\x9f\
\xe4F%\xf1\x9f;69\x8aQ}\xd6\x00\x00\xcc^\
e\x93X\x15\xd7q1Q\x92\xddv\xda\xb1\x19\xac\xea\
\x80\x0d}\xf40I\xb3\xb1\x98\xb1\xe1\x9b\x87h#\xfd\
\xbb~\x12\xf3\xabN\xfa]\x9d\x1f\xfa\xcf\xef\xa6O\x05\
\x10u\xb6$\xa3\xec\xf2Y\xb3[\xc9\x0e\xee\x1d\xb6\x1f\
\xff\xedw\xed\xec\xd9S68\xdcG\xdc@\x9d\x1a$\
\x00\x80\xae\xbc\x9c\x90\x07\x0f\x85\xac\xf5\xbeQ\xf1\xfam\
\x8b\xd2\x93\x07\x00)\xa2-0\xad\xf2\xb1T\x9c%D\
\xf7[v\xf1_\xfe\xc9zn^\xb7\xdd\xd8t:\x1e\
\x03\x00\xc8\xc5Xk\xec\xb2\x01(|\xe4\x1cGt-\
\xcc\xe6\xf0\x963v\x17\x12\xab\x0f\xb1[\xe4+\x83\x13\
TB\xf7?z\x00h@<z\x89\x10\xfc\x04\x1e\xc4\
\xa4\x04\xcc\xa6\xe5S\xb9\xc26\xf0-\xc7\xb7\xcf\xa6\x89\
{\xb0\xa0\x99\xb1\x87\x8d'\xb8\x02\xf7\x1e>m\x97'\
k\xf6\xce\x95y+dvq6\xc7(\x0eN\xda\x07\
\xc9\xf3\x0e\x00HTj\x07\xed\x09zyD|\xedQ\
\x9c\x96\xfc\x82cu\x00\x00\xe9\xbf\x1aDz\x8fwI\
N\xb7mn\xfa\x86\x1b\x013\x04(u\x00\xa0\xbe\x08\
V\xce6\xdc\xd4f\x8a\xea\xb3\x06\x00\x00\xb2\x8ab)\
\xb2\xf6\x0f\xdf[&\x9b\xf6\x99T\xb3\xcb\xe6U\x00\xba\
\x97<\x22\xd7\x5c\xd1\xc12\x00\xa8_\xd6K\xaa\x8f^\
\xaa\x9f\x1e\x0e\xf79Y\xf8\xed\x9a$\xa2>\xd2\xecV\
F5\xab\xda\x8f~\xf8\x0a~\x01/\xdb\xae\x9d#\xb8\
\x06s\xf6C\x87\xb6\x0a\x07\xd0Y\x92&\x94s\xab\xb9\
\xcb\xf9y\xa6\x8f\xe4\xcf\x13\x01\x00\xc5\xe7\x93\x0a \x96\
\xf2x\x7f-\x00\xa8\xd0\x8f\xe5\xf2\x9cM}\xf2\xae}\
\xf6/\xffh]\xd7\xbe\xb6\xb1\xa7\x10\x00\xe4\x09\xe6\xff\
\x1e\xa9\x04\x00!\xc0\xfc\xda\xc4C10,\xc4\x0d\xa1\
),\xb9\xa4\x12\x9dM 7e\x9dZ\x8c\xeb\x89\xcd\
\xc3\xd8\x9c+\xc4\x09\xc0\x9dV\xdf\xbe\xc7nV\xba\xec\
\xabE>\x0f\xa0\x12\xa4\x88\x08\x84\xd3O\x1c\xc0\x88\xc3\
\xf8\xeeW\x01\x13\x09\xd0\xc2\xd2\x9c\x08X\xc4\x1c1\xdc\
\xfdi\xed~\x00\xc0^J+,N\xd8\xec\xd4\xf5\x00\
\x00\xa8O\xae\xbe\xa8T\xea\xde\xa2\xed\xfb\x17\xb0\xf4k\
T\x9f\x15OI\xfc\x96\xba\xc6\xec/)@L\x92\xce\
\xe0\xd6\x0c@\x8bq\xdc\xe9GL\xd9f\xd2\xf3`>\
\xe2:,\x8b]!\x02\x82`\x9c\x8b\xca_/3\xd5\
\x89\xdf58\xad~\x0b\x0c\xab\xef\xeaW\x11ux\xe9\
\x94\xa44{0N=w\x80m\xc2/\xd9\x11N\x11\
\xeeg\xa3[\x0f\x01D\xd2\x84\x0d\x93\x04\x00'p\x7f\
\x18\x87\xbfh\x00P_E*\xc0J\x00\x10\x88\x0a\x00\
\xaa\xd5\x9c\xcd^\xf8\xb3\x9d\xff\xe7\x7f\xb4\xec\x97Wl\
\x0f!r!c\x1e[A\x04t\xd5V&0\x98\x99\
\xa3}\x09\xe0q\x00\x80\xda\xe7D$\xb0\xa4\xcf<.\
\x00] \x83`\x06I \xcb\xbbG\xf2\xa5\xee\xda\xce\
\x5cD\xf4\x9c\x81!\xa6\x00\x8c\x5cg\xb7\xdd\xa8v\xd9\
\x84m\xb7\xda\xb6S\x96\xc3\x0eP\xc2\x1d\x98}\xb3\xe4\
\x0a\xe3\x8b\xf9\xc5HN\xa8\x81\xe8V\x12\xb2\xca\xbe_\
\xba\x1f\x00\xc4\xd9n\x9c_D\x02\x98\xba\x11T\x00\xf4\
\xf2H\x02\x08\x90s\xbf\x9c\xd7\xfe&fRZ1\xf6\
\xadzk\x19\xb0\x0e\x08h\xf6\x96\x1d@\x817\xb5\xeb\
\xcf\xa5\x11gJ\x7f\xf0\x81\x7f\x9cie|\xc6\xaf@\
AZ\xf5\xaepm)\x5cv\x83n\xbe^\x16\xadz\
\xad)g\xf9\xfe\x00\xadB$\x87X\x00 \xd5\x5c\xe4\
\xe4\xe0~\xa2\x07\x9f\xb5s/\x9e\xb4m\xdb\x06\x88\x1c\
L\xd8\xb0,\xfd#5\x000\x0f!\xcae\x94\xa5L\
\x8a\x08\x80\xb2^\xf9[w\xed\xb1K\x00j\x98$\x00\
\x19\xfc\xd6\x02@\x99\xc1l4\xf26\x7f\xe9#\xfb\xf4\
\x9f\xfe\xde\x92\x97>\xb71\xa6\xba\xbfV\x00P\xbc\x02\
\xcd\x0b\x0a)\xae\xbe\xa9\x89(\xf8.\x00\xe8\x94:\x80\
G\x1c:\x09\x81L\x083\x8e\xcbt\x0e\xab;\xee0\
\xee-\xf8e\x8e\x95\x82\xc4\x0e+\x0cs.`\xc7\x1e\
\x8b\xf5\xeff\x0bq\x8b0[L$2Z^\x06\xd4\
7\xe5\xfe\xe0t_\x00`\xbbqA\x00p\xf7:`\
E0N\x11\xb6\xb7b9\x9a\xc1\x83K\x88\xee\x88\xea\
s/\x00h\xa6v\xc7\x1b\xfa\xc6\xdd\x92y$\x84h\
\x93Z\x12=\x17\xe5s\x9fw\x9e\xd72\xa2f\x7f1\
\xbf\x98.\x8e}EL\xb9\xf1\x12\x1d\x83\xb1N\x19\xab\
\x00\xa0Ue1\xb3\x8e\x11\x8f7r\x84\x0bO\xe2\x18\
t\xc4^!X\xc8~v\x09\x0e\x10<\xa4\xa33\xa8\
/2`.\xa9/\x7f\xb1\x00\xd0\xea\x94H\x05\xd0\xcc\
\x1b\xa9\x00ZJ-k\xdcp\x9eX\xfc\xf2S\xfb\xe4\
\x1f\xfe\xde\xec\xc2y\x1b\x7fH\x00h\x15u\x9f\x91\x0f\
?\xa9\xc8\xcdI\x00\xcc\x9c<$\xa1MD\xa0\xe7\x1f\
U\xd2\xf9\x00,'\xbbd\x94\xc7@Z\x12mS\x98\
\xae\x0b\x00\x92\x00\x80\xef\xa9@\x84\x14\x00T\xb08\x0b\
Ze\xc4\xbc\xba\x18'.\xe0\x0e\x9b\xec:`\xd3\x99\
\xdd\x96\xddy\xc8\x16\x89\x0c\xac\x00#!\x8e\xc1r\xad\
\x97Z\xb1\x0eQ/\xdf\xb5\xfci}\x00\x90\x94VF\
\x14\x17\x00\xa0\x02\x00\x00q\xd4\x924\xa2\xb9\xfc\xe5\xb7\
n\x19\x90\xc6!\xc1\xf8\xcc\xea\x9d\xaf\x1e\x11\x18\xe8]\
\xfa\xb4\x8c\x80\x9b\x18\x15MFlCW\xf4 \xad\xcb\
\x07\xbf\x02\xc2\xd1V\x08\xf1\x85\xbb\xf5\xbdI\xe3\x0e\x00\
\xb8\xb8N\x99Kuh\xd1\x84_\x00hU\x1d\xeeq\
\x00`\xe5%\xc6\xf2h6]\xb7=\xe3\xdb\xec\xe5\xef\
\x9cf\xbb\xf0Q\x1b\xdd\xce\x19\x82\xd8\x02\x142L\xb1\
\x0b\x04\x00\x01,y\x94|\xff\xe2$\x00\xef\x13zD\
\x04(\xff\xff\xb0\x17 \x0c\x96\x0c\x80\x9a\xe9\xe2\x00@\
\xe9\xeaE\xfb\xf8\x1f\xff\xd1j\xe7?\xb5=X\xe1\xba\
!j%~^\x91V|\xa1\xa7B.\xe1\xe7H\xb8\
\x8dn\x0e\x83\xa1\x0e]y\x97~\x0dy\xf8q_0\
\x86\x96\x01\xcb\x10\xacb\xeb\xcd\xe4\xf267\xbb@\x90\
\x12\xf3U\x80,\x08\xad\x83AE|*\xccug=\
\xbe6K/\xf4\xde\x8b\x90\x02m\xd3SJ\x10\x08u\
Q\x1fx\x0d\x96n\xd7\xb7p\x8fH,\xd2\xf7+4\
\x5c\x87\x8a\x94X\x0fT\xdb$\x15\xb0\xb2\x84-@}\
\x18\xae\x85H\xc8H\x0c\xdeID\x07\xae&m\x22>\
`\xdf\xc4\x86\xfdU\xdbv\xc4J\x04\x0a\xa9$q\x9d\
U\x0e\xccz~\xfe\x01\xb3tX\x9eS%\x96*\xc2\
\xe7\xfb%1{\xab&,\xf1I\x8a\xd0\xf7\x18K\xb6\
\x09\xce$,p0\xc8\xec\xdd\x1b\x10=K\xb82\x9e\
z#\xb7j\x19\x90\xcch\xb3\xfe1\x5c\xa4\xc0\xfc\xfa\
.\x86\x0b\x0c\xd4F;\x94\x8d\xfe\xa12\xd5\x98\xa1Q\
\x02\xf1*\xec\xc2W\xbf\x1b\xe6'0\x0d\x91\xa3\x11\x02\
\x9c\x09%7y\xdf\xf83\x1a\x19\xbdT\x06\x17Zu\
\xe0\x0b\x1f\xf5%\xbcD*\xfa\xacw7\xb8\xd6\x89\x90\
\x84OKwo\xca\x9e\xe3(\xf1\xbfa\xab\xf0\xfe\x03\
\xb8\x07\xeb\xfc\x00\xfc\x02\x046\x01\x00\x04`!\x9b{\
\xc8UYnqz\xac*@\xc0m1\x02\x9d\xe4F\
h\xde\xf9\xafe\xd4\xa2\xde\xb9\x98\x02\x00jW\xbf\xb0\
\x8f\xfe\xf5\xdf\xac\xf0\xc9'\xb6\x87Sn{\x19 %\
nYN\xde\xf7\xad\x9e\xd2UzZ\x1d\xa6\xac\xb5\xc5\
8*\xcb\x89\x85\xdb\x22\xe3N\x00\x01\x86\xaa\x95\x99\xde\
t\x5c\xb7\x96\xd9|7 \xfa\x9f\x8e\xec\x9e&x\xe8\
\xf4\xec\x1c~\x09\x0d\xebd\x19\xb0\x13\x00\xd0l\xac\x13\
{Dx\x82$\xbd\xd6N6\x9em\x949\xbfG\xc9\
\xa3\x09\x89\xe9\xd4\x0a\x00F\xbe\xf8\xda\xd2\xaanPe\
\xf4\x88\x1fiE\xcd\xb5\x96\xec$\xe6\x8da\xd6\xe6\x19\
\x89\xff\xd1\xf1}\x22H\xfd\xee\x0eB\xbc\xab\x17B{\
\x05\x0eZwW\x88\xb3&^\x83I\xbbA\xd4\x9f+\
\x1c\x11~\xbb{\xbf\x159#\xa0\x90esP\xbc\xcb\
\x12\xd8\x0b\xd2\x8a\xdd\xcf>\xc1\x1a\xed\xad#\xf6\xae\xe9\
a\xbeo\x94\x1c\xfe\xf8Q5Q\x8bUyi\xf8\xac\
\xfb\x83\x98\xda\x96;;u\x0bD/p\xd2\x11L\xa9\
\x19\x9b\xb6H\x0a\xd8\xba\xe4\x04\x10\xb2\x0b\xdc\x16\xea\xe1\
\xf5Y\xbf\x14gFU\x97\xe4G\xb8\xd1ku\xbc\xfa\
\xea\x00W*\xddI\x14\xdfAb\x08\xf6\x10\xe7\xbfL\
\x5cCb\x0a\xb2|\x97$X\xac\xc6[ \xd6\xc4\xf8\
\xdaT\x84#.\xac\x95\xa2<S\xdd\xa7\xbc\xd7\x10\x85\
zI\xc7\x94#\xcb\xe1\x0eQ\xc6=x\xc4~\xf0\x83\
\x17\xec$\xb1\x02vl\x1f$bP\xa7\x87.\xd3>\
\x06\x19LC.\xfcm\xd5\xd5\xf3~D\x7f\x1e+\x00\
\xc8\x03]\x84*\xef0\xa7\xe8\xd6$Bp\x1a\xf7\xc1\
\x17\x01e\x00\x80\xfa\xd7W\xed\xc3\x7f\xff\x99\xcdsb\
\xef>\x0e\xb9\xecS\xa8\xa55\x1d \xb4\x8d\xae\xc97\
\xdfE@\x1fa\x18\x1a&V\x8a\xae\x07}\x11\xa6a\
\xe0\x04\x00\xcb \x10>3\x09\xf2|\x04\x00\xbc\xf3\xfc\
,\xbe\xe5Sss\x18\x86\xd8t\x82\xf1\xac\x03f\x12\
\x00\xe8%\xc7\x1c\xcd\xb8\x92X\xf8\xb8N\x8aj\x16\xfd\
$\x86\x95\x13\x0e\x1eb\x5c\xd2\x8c\xabYX!\xbf\xc4\
@\xaa\x8f\x7f\xa2\x22\xc1\xf57\xec\x01\xd0o5\x9fa\
C~k\xcbZ[\x8a\x13\x8e\x08\x14\x02L 9\xe5\
\xe9\xcfI>\x7f\xc9^\x80+\xa9q\x9b\x1d=g\xf9\
\x9e\x03\xd6H\x0f\x06\x00\x90\xa7\x1a!\xac\xaa\x88\xbe:\
\xff0\x22\xbc\xa8\xd6\xf7{W\xd9K\xf5\xf1\x8ah0\
u\xd8\x09.\xb0\xc4\xe3\x9f\x9d\xba\x8dWg\xce:\xd8\
\x12\xe8p\xcc\xcd\xc1\xa2q\xbf\x5c\x1f\xedo+\x01@\
FD\xd1G\x8dY\xb9\x8e\xebnGg\xbf\xf5v\x8e\
\x10\xb2\xbd\x9b]\x85%\x0c\x99\xf3~\xeaO\x92~T\
\xe8o\xf5\xa96\xfd\xb8\xfb/\x83\xb8\xd1\xc8\xaf\xd7\x82\
0N\xea\x1f\xb6\xbb#\x09\x0c\x0ef\xec\xc5\x97O\xd8\
\x8b\x18\x03\xf7\xee\xdd\x8e{0\x91\x8d\xd8\xdf\xa1\xe8S\
\x8a?\xe1\xf4I\x7f\xfdU\x01\x80V\x905\xa7f\x9b\
\x04T\xb8\xfe\x8d}\x00\x00L\xbf\xffg;\xc8\x22W\
\xbf\x03\xc0\x12\xb9-\x13\x9e\x1e\xa1\x97\x9c\xf9\xe9\xe50\
\xc00\x94dkg,\xdd@\x0a_\xc3g\xff\x1b\x86\
D\x08\xa2\x9f\x1a\x0c\xaeN\xca\xd1\x9eC\x05'\xe1\x0c\
\x0d\xb6\x04\x97p\x06\x22\xc4\x14\xfb\x0220\x88v\x04\
\xa6\xa4w\x0b\x00\xb8OFL\x9d]$\xbaX\x95\xc8\
\xd0\xeb\xb3\xf2\xa2\xdf\x03\x111KJ`Wy\x12U\
e\xf5\x95\xde\x89\xf0\xc7K\xdbJ\xf0lc\xb6\xf4\xa8\
C4F$#\xb7\x1d\x01A{Ik\xd8\x12\x83\xa9\
'D\xcd\xa6T\x9b\xa5\xack\xd6C\xb4\xe0\xddv\xab\
\x9b%\xc1\xfe#\xd6\xe8\xda\xe6L\x99$\x80f\x82@\
\x96~\xf8\xe9V\x01\x00m,\xe6\xe7X\x05 20\
!\xba\xb2,<\xe0\xab\xe3c\x13\xe4\x96\xf6Z\xf2(\
\xeeZ\x17\x00p\xdbm`g\xeafGeO\xd7\x08\
\xfd\xd6\xe9\xe1\xe6\x8b\x1c*\xea\x87\x9c\xbaZ\xc3\xca\x80\
\xab2\x84O\x03`\x9df\xfco{\xb5\xf4\xd1s\x11\
\x02\x00\xe0\xf0\xd9t\xa6f\xc7\x8e\x8f\xb3U\x98]\x82\
\xc7\xf6\x13+`\xd0z\xbb\xbb\x01\x1fT\x01&\x9b\xbf\
`\x00\x10n2\x0fH\x02\x90\xec+\x0a\x87\x9b\xdc\x00\
\xe8})\x00`F\xbau\xcb\xfe\xfc\x93\x9f\xda\x9dw\
\xdf\x05\x00\x8a6\x00\x91\x0a\x0d\xd5\xf1z\x89\x1ft\xd2\
\x8e\xef\xcak]\xf7\x1b<\x8f\x96n\xed7\xea~\xfe\
\xf9g\xee\x07\xf5C\x06\xd1\x1b?\x84\xff\xe4\xa9uj\
\x8c?\xf22\xe3b\x1e'\x93\x05\xec\x005|\xcc\x15\
\x198-t\x86\x99t\x8a\xae\x06T\xac\x5csc\x94\
\x17\xba\xe2OT\xde\x8aK\xdc+\xa0h\xf0\xb0\xfc\x1f\
\x82\x19\x01a\x0f\x00HI\xb5\xe0]\xae\xc6\x0aW\xae\
\xb8\x03\xaeUk\x86\xe2\xdeHJX\x99\xdbF\x9f\xd5\
L\xc9\x0eJI\x08W9,\xd2\xd7\xb7\xb1\xa2\x5c\xe3\
\xa0\x90/\x13c\xb68p\xc4\xaa\xbd;\xd8\xc6\x0fg\
r\x80\xa7\x9f\x12\xe4R\xc6\xb2\xe8\xe9\x19<\xe0\x8f\xfa\
\xc0\xbbU\xf7\xe9\x0beiP\x93\xe8\xd4:\x8e{n\
z\x82\x8d]\xf3\xc627\xcc\xc3\xbd\xde\xcf\xa1n\xba\
\xfbI$\xd5At\xa4\x14I\x00\xf2C\x8b\xe1H\xd4\
\xddM\xf0\xce\x8eA\x9a\xc2\xce\x13w2\xca!\x05\xdc\
a\xac\x08\xf1\x85\x0a\xaa\xc3\x5c\xb4T\xd7\xc0u\xbd\xe1\
\xab)\xad\x8cBv\xf7\xfd\xebwR8\x14\xc3K\x9b\
\x96\xf2D\x09\x1a\xb0\xef|\xe7\x14\x9e\x81\xc7\x09\x1f\xbe\
\x83\x88A\x848g\x97\xa0&\x04-I\xabs\xa3\xba\
\xde7\xf3o\xf9\xe3cU\x01\xc2\xfc'\x11Z\xb34\
m\x14\xcd0\x00\x02\x00iH\xae\x02\xf0\xa9z\xe7\x8e\
\xbd\x0d\x00|\xc3\xc1\x9d{\xebE\xeb\x97\xfe\xd4\x12\xb7\
Et\xf4\xbf3\xabNi\x0dd\x17\xc0 t\xb1\xa2\
\x0b\xd1\xd5H\x01\xfe\xbbBH\x8b\x99x\x05\x97\xcb \
1\x04\xb5\x80\xa7\xb9/\xc3\xab\x93\xd2E\x9eZ\x0aR\
\x19\xdas\xae\x1df:\x8dHL\xaa\xe8\xb2\xee\xfaK\
\xdd5\xc7\xea\x7fT'>= \x89\x91\xa9O\xcb\x88\
\xa7\x02\xa4'\xca\x16\x22\x9b\x80\xfaC\xda_\x16\xd5C\
/\x85 \x8bS_\xb5g3T\xa0z\xfb\x1e\x7fz\
\x05\xa1\x9e\x1c\xf1\x98\xe3\xef\x0c\x00p36b\x97\xea\
\xc3\xec\x22<l\xf9\xde\x9dV!@e\x83\xfa8\xad\
i?\xbb\x0c1\xd4\xa3\xdd\xa4;U\x9e'\x7f,\x8c\
\x84\x0eR\xaf\x14\xd9\x0f03\xc1\x8e\xc09\xa4'\xfa\
O\xd64n\x8e\xc0)z\xecq\xbf\xaf\x05\x00}o\
\xb2\x84\x9a\xe9\xed\xc7+\x8f\x98}\xf2\x95\x80\x18\x1b\xf8\
\x174`\xfc<\xab\x19\xd5\xea\x1ct\xaa\xc3Eun\
#\x91)0\xfcH\x0a\x08r`{-\xf0\xbe\xa2{\
\x9a\xf8\x03$\xd1!k\xf8\xbatv\xc5\xec\xcc\x99\xc3\
\xac\x08\x9c\xb5\x03\xfb\xc7\xf0\x0b\x18\xb6\x0e\xd4\x00M6\
\xda*\xacq\xf1nm\xaf\x88\x87\xbe\xeb1\x03\x80\xd3\
\x01\x84\xef\xbc#\x8a\x08\x00\x00}\xc8\xa0\xa6\x19D\xc7\
WU\xa7\xa6\xec\xad_\xfc\xc2\xae\xbc\xfd\xb6\xf5\x17r\
\xd6\xc52\x8d\x88M\x0c!\xe6\xf7`\x16|\x16\xab\x8a\
\xb1\x94\x8d\xae\xeb\x1e\x89\xf0\x05\x08.\xda>\x14\xc4q\
\x9e\xe4G9\x8c\xe8]\xcc-/\xb2\xb2N\xffa\xb9\
\xa7\xb7X\xb1Q\x81\x00\xcfJ\x14OaD\x94\xa0\xd7\
\xc41\x04J\xf0AI0\xf8\x12\xc5\x9d\x88`*y\
\x8fi\x90\xd6&\xbf\xb4\xceu\xaf\xbf7<<\xe1\xee\
\xa6\xf8\xc6\x0a\x98\xea\xd8\x19\x044if\x99\x0c3\xb3\
\x1cQ\x04F\x0c\x8eK\x03\xebd\xb7\xb6X\xff\xee,\
\xc8\xcd\x0d\xd05\xad\x9dx\xf4\x8c\x98n\x11x\xbb\x13\
\x1b\xb4K\x95>\x9b\xea\xd9ks\xbd\xbb-\x9f\xed\x01\
\x04p\xb3\xa4\xbc\x18;\x05\xb5\xcf`+\x00@\x07\xaf\
VK9\x00\xe0\x0e\x07t\x10\x14\x84x\x8bi\x17\x01\
\xb4N\xa0V=\xb9$Z\x08\xf6\x1f\x0d\xab\x00\x96>\
\x06\x08\xbb\x06\xb6\xb1=\xb7\x97\x99\x97\xf3\x05D\x88\x18\
k\xe3\xacf\xe8\xa0\xd3Rq\xda\xc5v\x81\x98\x03@\
U\xb4\xa4\xe5:QJ{I*\x99\xfaV[\x853\
Y\x1c\xce\xb0\x8d4\x90\x02\x0e\xb0\x0a \x9f\x80\xe3\xc7\
\x0e!\x05l\xf7MBY\xad\x08h\xb2\x81\xb8\xda\x1d\
\xf7\xf6j\xb1\xfe]\x8f\x15\x00\x9c\x09\xa8\x87\x93A\xf4\
\xc5\x09\x96>\xe7\xbal\xe2\x1c\xcd\xc1\xd1]s\xf6\xe9\
\x1f\xffd_|\xf8\x91\xd5g\x88\x81\x03\xecjf\xd6\
\x8c\xde\x94I\x96\xc1\x90\xa5\xdfiV\x86=\xcd0z\
\xc9\xfa\x0f\x13\xd53\x19\x90= \xa96x\x84M\x1e\
\xf2\xb6\xa2\x1c\x88@\x00PF\xc4\xcfq<xq~\
\xde\xd2\x93S6\xb8\xb0`=\x8c~\x17\xf7w\x91\x17\
!7\xd0\xf9\x11i\xc5\x84\x88\xe7\xf24\x93\xee\xaez\
\x0a\x08\x94\x97\xac\xbbb\xd2Ui\x83\x81\xd3\xbd.d\
\xf3\x9c\x92\xd4\x0d\xbd\xaa\x10b\x99\xf6\x15Yz\xf2>\
\x80\xf9u\x90\xa4\x9cP\xe4\xb7\xd7\xc1sZ\xea[\xb2\
+\xf8\xf3\xfcY[.\xf7\xeaym\xa9V\xd0\x92\x00\
\x00\xaa\x9f<\xf4\xb3l!\xee\xb5\xaf\xaa\xbdv#\xb5\
\xcdf\xfb\xc7-\xdf\xb7\xcd\x16\xd3]\x9c\x1b\x80\x8b0\
F\x0f\xad\x84l%\x00,\xccN\xa2\x0a\xcc\x12\x16L\
\x9eu\xaa\xb4z\xe0\xc9\x01\x80\xbaKL/\xc6\x92\x88\
\xadCc5\xa6)E\x16\xee\xdf\xcegd@\xf6K\
4\x11\xf1%\x89&X}\xaa\x94\xa78$\xe6\xb6\x9f\
\xfe\x9bb\xe3N\x8a`#:+Ba\xd0$\xb3\xb5\
\x9b\x02\x00h\xf2\x01\x94\xc1\x8d:g^\xca\x18\xd8\xdf\
\x8f1\xf0\xc5Sv\xee\xdcsv\xf0\xe08\xdf{\xac\
\xdb\xb7\x09\x07p\xd1s\x11`\xb5[\xd6f\xef{\x22\
\x00\x10\xc8!\xd00c\x01a\x84WX\x06c6\xe4\
\xe8\xee\xa9\x1b\xd7\xed\xd6\xd7\xdf\xd8\xfc\xd4,3\x0a\x06\
-f\xec*\x8c+)5\x86\xd3K\x9c\x9e\x94\x07\x9c\
\x98\xdf_Znb@\xf9A7\xf0Y\x0661?\
\xf7r\xdd\x07\xde\xdfCa5\x00Ea\xa4\x16gg\
\xad\x86\xd1\xb1y\xf5+kLOZ\x07\xd2\xc6\x00\xd9\
\xf4\x026\x9dX\xe5\x15\x92<\x98}$\x9f@8T\
X\xf5\x15\xe3\xfbkm\x8f\xab~\xfc\xd3\xff(\xc1\x93\
.\xf5\xa4yF \xa0\xe7%\xb9h\xb2\xd1\xf2\x9e\xce\
A\xce\x03\x029$\x12\x1d\xf8\xd1dKr\x0a\x10\xeb\
\xa4\xee\xddzF\xd7Z\x99E\xd9.\x01B\xeb\xba\xde\
t\x8f\x00@\x12\x80\x22\x18c\xb2\xf2r\x15Si>\
\xd6e\xd7\xeb\xdd\x9c\x1a\xdcgsC\x07-?\xbc\xcf\
\x162\xfdV\x22rn\x9cY-\x11\x89P+\xf2\xbb\
\xdfG\xd5#\xaaSh\xab\xe0G\xbe\x05\x008\xa7\xe5\
.\xceM\xba\x04 UD\xd8\xac>\xd9\xdae\xc0\xfb\
\xd5\xee\xde\xdf\xd4_u\xa4,\xd1\x9bv\x0d\xfa\xf1\xec\
\xe8\xdc\x9d\xfdC\x96\xe8\x1c\x8299\xbc\x93\x9d\x8d\xe1\
\xa83\xd4'$\x80f\x83\xd8\x06\xecl,\x10\xdc$\
\xc1\xeaF\x0a\xb0\xd4R\xa0V\x03\xa4\xbc\xb5\x9b\x80\x1c\
\xf2\x8eF\xdeM\xcd\xf4\x1d\xd1'\xd9=y\xe8\xd0\x1e\
\x8c\x81\xcf\xdb\x99\xd3\xc7mdD\xbb\x04Y\x12do\
\x83\xfa+\xecp\x0c#\xfe\xa8\x80\xe0\xb1\x02\x80:L\
D\xb3D8\xad\x1e\x8c\x88Z\xa2\x97\xc7\x07\x83\xe0+\
\x85\xbc\xcf\xd0\xb3\xb3yB>cXb\xc6\xae\xa0\x9b\
\xf9q\xdfL\xbfq\x98_/F\xca\x19_ \xe0\xb3\
=bA\x12\xae\x92\x10\xed\xdf[\xb3\xb7\xf4\x7fu\xa8\
\x92\x97\x0fA\xc8\xf7\xbbL0\xc9\xe6\xfc\xb4\xcd\x7fy\
\xc9n_\xf8\x14\xfb\xc3m\xeb\xaf\x94l\x10\xbbC\x1f\
\x12A\x07\x04\xad\x88\xc0zJ\xcc\xaf\x97x%\x8e\xca\
\xb0\x1e\x00h\xa0\xd6\x1b,m\xde\x09\x8e;d\xe5\xb3\
4\xec\xc2\xbbV\x1c\xb4\x0bQ\xde{\xf3\x80\xc0\x02u\
*\x8a\xe9\x91\x02\xba\x11\xcf{)G\x8c\xec\xa0\xa2\xca\
\x93\xa2\xfa\x87o\xcb\x7fu=\xa8DR\x1d\xc2j\x82\
\xeaX\xc3\xc8\x98C\x0a\xb8\xc5\xa1\xa1_\xd5{\xedn\
\xcf>[\x1c9LH\xf1m\xf8_\xb0-U^p\
\x94\x132^\xce\xef~\x9f4f^\x0f\xdd\xe4\x03\xd8\
\x02\x00\x18\xbe^a\xec\xe6\xeerD\x97\x22\x18j\x19\
-0\xdd\x93\x95\x00\x96j\xeb@ @\xe8\xc2\xf2\xde\
5\xc0\xe9I\x89\x1e\xda\xa2c\xbcQ\x89\x98\xdd\xb5Y\
*\x0es&8G!\xc7\xce\xc6|n\x0a\xd2\xc4\x9a\
\x82\x11\xd0}\xf6\xe9]_\x16\xbc_\x07\xad\xf8\xcd\x01\
\x80\xf0\xeb\xa1\xc7\x04\xfb:\x9cU\x00\x80\xfa\xd9\x9b\xf6\
\xe5\xc0\xef\x7f\xef\x05\xdb\xb3g;\xc6\xc8\x8c\x879K\
\xa7\xe5\x19H9B,R\xf4\xee_\xb6\xf0\xcf\x13\x03\
\x80h8\xd4\xbc\xe8\xa5\x93}\x81f.\xc0\x18\xcc\xc4\
\x15t\xe3\x1ca\xb9\xaa\xccP\x15$\x80\xa0\x06\xf0$\
\x0f\xf8\xac\xae\x19\x9f\x0e\x0a\x9fa\x11\x18I\xae\xc5\x19\
\x01\x00\xa2B\xc4\xf4\x11S:\xf2\x8b\x99\x19|\x95/\
g\x90\xba\xec\x0b\x0c\xee\xc2\xdd\x09\x00\xe0\xbc\xcd\x5c<\
o\xb5k_Y/k\xd9#\x10/\x87j!\x05\x88\
 \xd0\xa7)K3\xb6\xde\xdd\xab/Te\xd5p\x88\
Q\xd7\x1b,\xf9\x0e\xe8%3\x80\x08\xc1\xbd!i\xa7\
\xf2\x13\x00\x94i\x8b\xce\xec\x99C\x15\x98G\x12 \xe4\
\xbfK\x00C\xe8\x83\x90e\x00\xb9VI!\x0b\xff\xdb\
\xba\xb2\xfc\xa6\x96\xe9\x17\x19\x00Ug}\x93\xe4\x92g\
\xa6\x9flv\xd8\xd75\x0c\x82\xd9=\x96\x1b>n\xb9\
^T\x01\xe3\xdc:tSy\x05\xfa\x83\xcbY\xdd\xf7\
\x93\xc6l\xa9\x06\xfa\xe2\x0a\x08\xe2>}\xd6\xa8\x15\x1d\
\x00\xf2sS\xb4\x17\xf9\x03\x15@}\xffd\x01\xc0I\
\xc55\xa7\x1a\x13\x89\xac\xed}\xc4\xe7\xeb\xe8\x1b\x04p\
Q\xf8\xe8\x1b\x01\x80K\x00\xdew%\x9cs\xb0\x03\x14\
Q\x03\x169n\xac\xc8iC\x8cI2\x8e\xca\xa4I\
\x05\x1aj7\x05\x00\xd0(*a\xb9r\xc7\xb6\x00\x00\
\x8a\x1bx\xe2\xf8~\xfb\xd1\x8f^\xb1c\xc7\x0eP\xa7\
N\x02\x9d\xea(\xb1\x8e\xbfP\x00\xa0\xdf$\xc6\xd3\x97\
N@\x9a\x93\xf5\xf2\x0e\xd5,D\x12sT\x90\x06\xa4\
\x1fW\xcb\x88\xfd\x18\xcb\x14\xf1\xc5\x97\xfdt/\x0c\x18\
\xbd\xf8\xc6g\xfe\xc2D\xfa\xe7\xf9\x91\xb9\xdb\xdbV\xde\
\xc7=\xd2\xab\x95\x87N\x13\xf6r\xf8\x5c\x05tt&\
A\xb9Z\xb6\xd2\xe4\x1d\x9b\xfd\xf4c\x9b|\xf7-T\
\x82\xcb6\x5c)\x18\xa7\xed\xa1\x87#\xc6R'\xd9\x1c\
\xea\x94#\x09\x80\xafH\x01\x9e\xcd\xaa?^/\xea\xa1\
\xff+\x93\xdf\xbftA3\xba\x00\x05\x91\x9d^\xd0\x0a\
H\x95Y\xba\xce\xac_\xa0\xads\x18%sE\xfc\xea\
\xa9\xe70\x86:\x0fF\x22\x09GLD\x9d\xd5\x865\
\xd9/\xe5\xec\xbd\xa0nt\xe6W\x19X\x9d\xb9\xb9\x80\
j4\xcd,\xf7M\xb5\xdb\xbeaIp~\xe8\xa4\x15\
\x06X\x11\x88qf\x1d\xcb\xac\x9a\xa9\x979z)\xbb\
\x0d?\xa8\xfc0Z*K\xb7\xa93\x04\x00\x00\x09\xcb\
\x8b\x8b\xf3S\x04\x05\xb9\xc3g\xe2*J={J\x00\
@v\x00\xbd:\x08\xd9+\x00H\xe0\xfa[h \xda\
K\x02\xd09\x09\xae\xdfKU\xd0q\xdfE\xee]\xc0\
\x108\x8fg\xe0\x02\xcb\x83HJ\xd8\x01\x12\xa25\x01\
f\x9b\xc9\xd5\x05I\x00\x22|\x01\x80{\x9chi\x9b\
(\xca\xac\x08\xec\xdc9\xc0\x91\xe2\xcf\xbb$\xb0s\xe7\
\xb0\x9f$\xd4\x89[\xb2\x0c\xcf\xea7\xa5\xf5&\x15\xff\
\xe1[\xfey\xfc\x12\x00T\xb3\x16\x00\x5c\x9b\x8aDP\
\xfaH~\xf22\x891\x0cX\xe2\x11\xbd\x14IB\xe4\
\xd6\xa2\xb8\xc0d+Z.F'S\x01\x81\xc0C\xa2\
\xb5\xfeE\x9d\x16\xbd\xbb\x87\xe0\x0a\x06\x123\x09d\x16\
\xd1\xcf\xaa\xe8\xdbi\x9c\x7fj__\xb5\xc9\xb7\xffh\
3\xef\xbfm\xa9;\xd7m\xa0V\xc2\x8d\x86M-0\
\x92@\x86\xfd4.\x01\xa8.\x02\x00\xa7\xfd\x15U\xd1\
\x95\xa8\xbc\x95\x97\xd5\xe6\xd0\x0a1/\x9f\x84\x08\xbc\x07\
\xb6\x91\xd9\x899\x1b'\x10\x01A\xbe\x5c\xb7\xf9<\x07\
]\x96*\xd6\x03h\xa5y\xf9\xca\x00R\x82\xa4\x16\x81\
\xe1\xca2\x94\x93\x92\xea\xa2\xa5E\xd8\x8d\x9c\xd5\x0fb\
~|\xddAC\x05:aU\x1e\x00 N\x80\x96\x03\
\x87\xceZy\xf8\x04+\x04=0?\xe2\xae\x882\xca\
\xc8s\xbb\xdf\x9f\x157z\xbbhs\x04\x00\x94\x19\x07\
P\x04\x00\xf3\xf8\x024\x91\x062\xb2\xd9@\xc8\x8f~\
\x15`\xf5hx?\xd3\x0c\xf5\x85\x12\xc3\xedR\xa4\xec\
Bb\xfe\xaenF\x161\xbb\x1c\x93\xc9\xb7\x05\x00@\
\x98n\x8c\xe3G\xd1$\xbaQ\x8aCcj\xb8L/\
\xcc\xcfY\xa9\x00Pr\x7f\x82\xfe\xdc,\x00\xf8\xca\x01\
c\xa3\x1d\x8c\xf2\x08\x94\x14\x10\xc7\xd0(\x83`6\xdb\
\xb4\x93'\x0f\xe2\x1e\xfc\xa2\x1d>2\x8eO\x00\xc6\xc0\
.\x1c\x83\x14=\x18zPZ9\xde~a\x8b\xfe<\
v\x00P\xbd\xd5\x05\x1a\x12\xbd|\xc6\xe6]\x9d\xee\x17\
\xe0b\xcdp\xf2{\xa7\xd5X\xe1\xa5\x16\xe8\x06\xa5\xd6\
=z0J\xd1\x98\xeb\x9a>\xfb\x0c-\xf0\x08I\xa4\
\xe9\xd7[\xdf\xf5\xe6\xe0\xe0\xdfa<\xca\xcaS\x0b\xad\
\x97w\x024\xc9\xe9\x19\x9b\xbb\xf0\x19>\x08\xbf\xb7\xd9\
\x8b\x1fY\x17~\xed\xa3\xac\xdf\xf6\x91cR\xc0\x828\
+\xbd]\xd5\x0d\xe2\xfc\x8a\x8c\xf9\xa8\x81\x8a\xaa\xb4\xf4\
\x0b\x17T\x9f\xc8\xce\x16\x0834B\xf7\xfa\xc6 \xca\
\xf7\x80\x19\xa0\xbe\xc4\xffE$\x80E\x9dM\xc0\x8e\xbf\
4\xb6\x804\x22\xab\x96'\x83\xa4$h\x0c\xcdR.\
\xfej\x15\xaa:\xc9\xd1J@  ,\x83RU\x0e\
=Q\xd92\x06^\xaff\xedRm\xd0n\x0f\x9f\x06\
\x00\xceX!\xd6\xcf\xbdj\xbd\x8cS\xed&\x0aQ_\
,\xd5\x22<'\x10H\x0a(Y7w\x00\xe0\x90\x97\
&\xfb\x012D\xbd\xd1v\xd7\xb0]\xb7\xdd26{\
_\xab\x03$\xa6\xf1Q\x0a\x87z=\x00\x93\xea\x0a\xd8\
\xb3\xaf\xc3U+,\xff\xfd\x83\xc3\xac\xc9g\xad,\xe9\
\x92\xbd\x1eM\x857G\x12@\xc8\xd7\x80\xf0\x9c\x98\xb4\
\x80\x1a\x80\x1a\x85sZ\x0e\x950\xbf\x98s\xf0\xd5\x89\
Gn\x03R\x15[\xc5\xea\xe3\xc6I\xb5\x81\x91\xc9\xd7\
\x93\x83\x80 _\x01MP\xf7*\xf3\xb6{\xf7\x80\x03\
\xc0\x0b/\x9e\xc0'\x00\xcf@\xa2;e\xb3H\x01\x91\
g\xe0\xc6\x99\x7f\xab_\x9e\x08\x00\xa8\xc6\x1a\x1e\xa5\xfb\
\xf5\x9f\xee\xb9\xdf\xef\x9e\xc1\xba\x7f4\xdc\xed%\xdd'\
+|\x15\x8e\xce\xc2%1\x22\x01\x17\xeeL\xda\xd5\xcf\
>\xb0\xcb\xef\xfc\xce\x9a7\xae\xd8^\xa4\x80]\xdc\x97\
\xd5\xcc\x0b\x00\x94\x01%-Ij\x95a3)\x1a\xff\
\xf0LTC\xca\x044\xdcJ\xcd\xec\xee{\xd0\x99-\
\xb5,8\x0d\x00Lp>A\x12\xebs' \xd0\xc1\
\xcc%\xfb0\xa8 r\xe2Sh\xa7\x98[\x00#\xe9\
G\xb9\xcac\xb1\x93\x0d\x16\xf2\x85(\x80\x08U\xce\xfe\
\x93Q0\x8dx{\xb3\x96\xb6O\x9a\xbd\xf6\xc5\xe0s\
V\x18:\xc3o;xP1\x02e\x9cj3y9\
\x94D\xb9\x81\xa9\xd5\x0f\xb4\x83>t\x0f\x0c\x00 ?\
?IH\xb5\xdbL\xb90\x11<%qV\x96\xf0\xa8\
\xd5m\x96\xb4\x89\xdb\xd4\x87\xd4\x832T\x1b\x05\xe3\x8c\
+z/\xedj2^\x9aT\x8ae\xe4JD\xf8\xa1\
\xd1\xdd\xd6\xd9\x83rG\x7fh\x1c\xb5,\x18NIR\
\x1d%\xaaK\x86\x22\x0f|\x18b\xb8T\xf3$Na\
s\x9c=0\x8bM\x800q\xccI)\xa9\x0a\xdc$\
\xfb\x93\x92&\x04\xfe\xfaX\xea\xd3\xaa\xa4\xf1Q\x19\xd4\
,\xf8[\xf0\x1c7\x00\xd1\xf4M\xc3\x0a\x85)@\xb2\
\x86c\xd0\x01\xfb\x11\xd1\x83%\x05\xf4\xf7q\xf49\xea\
I:\x8d\x14 \xc9/\x14\xb0~\xfe\xab\x0a\xdb\xdc\x97\
'\x06\x00\x9b\xab\xe6\xa3\xbb[\xe3&u\xa3\x02\x91\xa4\
Y\x03N\xa2\x90\xd7Q\x05\xae_\xf9\xcc>\xfe\xfd\xaf\
-w\xf1\x03\x1b\xe3\xbc\xf9\xfd\x0cb\x97\x02p a\
h\xa7\x9d\x8e\x12\xe5\xe3\x96\xa4\x08\x00D\xa4\x09\xcd\xf2\
\x10K\x99\xd5\x80\xe9b\xd5\xae/b,\xc2\x0d\xb9\x13\
\x09\xa0\x8b\xd9 \xc5=q\xea\xe1\x00\xc0\xe7\xa0\xf2\x88\
\xc0D~\xcb\x00\xd0E\x10P\x05\xffR\x1c\x01\x01@\
\x9a\xf6u\xe0\xc1v\x0b`\xf8\x90\xcdA\x97\x08\x14R\
@\x0d\xa8\x103@L\xb2\x19\x91\xd6\xed\x0b\x80@\x80\
\xa0\xc0t\xcb\x00\x00\xd3p@\xa6\xa2\x02/\xccJ\x05\
\xc8C\xe4j\x97f@\x01\xc0\x16u\xda==\xbf\x0c\
\x00\x9a\xbf\x13\xa8>1\x1d\x83\xe6\x00Pc\xdd\x1du\
\x08`L\xe2\x00\xd5;\xb8\x9deV\x8eLg\xb9X\
=\x16\xd3\xea\x93\xf7\xa8\xea\x18\x00@\xed\x11o#C\
\xf1\x11\x8fP\xf6\xa4\x14\x0a3,\x0bNs,\x80\xc0\
\x14(\xa6)\xed\x02\x80\x82_+O\xf5A\xf0(\xe5\
YM\x22\xec\x9e\xac\xb3?\x00\xa8\xb6\xb1=\x03\xf6\xfd\
\xbf9\x0b\x10\x1c\xb3\xed\xdbG\xfdH\xf1L&\x1c)\
\xee\xbdF\x81\xa2\x8d\xadL\xcf\x00\x80\xde\x14\x00\xb0\xc0\
h)F)\xe5J>\x868\xf4\xff\x0bo\xfd\xc6n\
\xbc\xfd;\x1b\x9e\xbcm\xfb\xa1w9\x0a\xa9\xff\xab\x18\
\xb5j0\x94`\x7fK\x86C\x99\x8a\x99)#2f\
\xca89\x87\xd1\xe9:\x07\x94\xb0\x18\xe2\xcc\xdf#\x07\
!\x08Y~\x01\xccU\xe1\x19\x18Q\xea\xd2\xd3\x04\x00\
qD\xe6\xc2\xc2]V\x02&X\x11\xd0>x\x11\xba\
\x08\xff\xd1\x02\x80fnI\x01\x02\x00\x1d~\x22\x13\xab\
\xa4\x9b\x06\xe3&\x00Hp\x98j\x17'(e\xba\x06\
\xe0\xf7N\xc0S\xfe\x22(\x09\xac\x0a\x849Y\x00 \
) \xcc\xcf\x92\xf0\xea\x80\x99\xb1c0\x89-\xa0\xc4\
y\x87\xb38850\xd2\xea\xccH\x0d[{\x00@\
\x19\x1ab\x1fgI\x01\x8c3\xaf\xb0\x92D\x0c\x05\x00\
\xba\xceQb]\x9d1\x9c\x828J\xec{\xe7l\xdf\
\xbe1\x8c\x81\x92\x02\x96\xcf\x0f\x10\xf3?\x03\x00\x11\xfe\
\x16&\xc6\x01M\x8c\xd9\x81W\x86Ae,\x5c\x9e\xae\
\x95sv\xed\xb3w\xec\xf2\xeb\xafZ\xea\xf2E\x1b\xc7\
\x18\xd9\xcfL\xa1YA\x00 \xd1QK\x96\x8c\xeb\x16\
$rQF\x02\x14\x11\x09I6\xd1y\xbc\xce\xbeY\
`6\xc5\x18\xd8\xc5N\xb1^\xc4A\xad\xd9kG\xa2\
\x1c\x93\x1d4\x9eR\x00(.\xb2\x0a \x00\xa8\x02\x00\
0\xa3\xfb\xb7?r\x00\x08R\x80z0\x9c{ \xf1\
_\x00 \xcb;\xde\x9d]\xbd\xd6\xcb\xba\x7f\x9c\xa0(\
u\xe9\xfcHV\x12\xe3\x02\x00\xe8\xa95\x00\x80\xb2_\
g\x15#&\x00H\xb1\xc7\x01ifan\xda\xaay\
\x8egal6\x0b\x00>\xc8\x02(\x86\xce\xeb(\xc4\
\xc7\xdf$E\xa4\xa0\x06y\xc7\xd8\xfa~\xe8\xd0n\x82\
\x85\xbcd'N\x1c\xb6\xc1!\x0c\x95\x04y\xcd\xe0\x14\
&#\xb0\x1c\xdd\x22\xfa\x10\x8dlEz&\x01\xd0\x8b\
~t6$\x22\x00`\xac=I|\xbc\xfb\xf5E\x00\
\xe0\x97V|\xff\x1d\xdb\xa1CJDF\x02\x00\xc4j\
\x89\xeb\xbcm\x11\x00\x88`\x03\xe3\x93%\x8c\xcd\x8b\xef\
\x8b\x88\xac\xd7\xe6\x8b\x9cSXp\x00\xe8C\x1c\x8c\xa3\
\xff\xcb\x0e\x10\xa2\x13!5<u\x00\x80q\x8b\xed\xdb\
\xe5\xbc\xce\x08\x9c`\x9f\x03[\x8e\xe9KY\xb3\x1f\xbd\
\x04\xa0\xbe\x0b\xfd(.\x93\xebm\x1d\x1f\x07\x81\xa9\x0e\
\xe4\xec\xd5\xd9\x89\xe8\xfeu\xc4w\xfc\xfa\x1c\x00\xb4'\
Cj\x02_x\x07\x00Z\xd6\x15\xe5\xa3\xa3\xc7\x04 \
\x86\xa1N\xb6\x80\x1a\xb6\xa0r\x99\x13\xa3\xe6g\x89\xf4\
\x1dv\xa8nF\x02P\x9e\xbePM\x91K\x00@\xfe\
Zq@\xe9\xa3l\x1c\xd0\x06\xbbX\x0e<m/\xbe\
t\x0a\xc7 \xce|\xec\xed\xb9G\x0a\xe0\xc6-K\xcf\
\x00\x80\xae\x94\xf8\xaf9B\xe7\x00\xc6\xb5h\xce\x7f\xf9\
\xd3\xcfO|e_\xfe\xfe\x7fqT\xf9\x1b6<}\
\xd7F\xb9.\xe7C\xdd\xaf\xe58HzK\x06B\xcc\
\xaf\x97\xf8\xdegu\xde\xb4\xfe[\xa0\x84oP\x01f\
9\xa5\xa8\x83\x19\xa0\x8f\x83?\xa5\x02@\xbaX\xfa\x99\
\x81x=\x0c\x00|\x84\x11\xf0\xf3a\x8c\x80\x83g\xac\
\x92\xd8\xe9\x0c\xb0u6\x80\x00\x00\x95\xc2,\xee\xc0\x13\
\xac\x9d\xe7 p\x1co\xb4\x9c\xf5H%\x00\x0d\x1b\xe3\
\x81tD\xaf\xa8#\xf9\xc8F+\xa44}\xcb\xb0\xae\
\xde\xdb\x8f\xf8\x8f\x0d\xa0\xa6\xdd|8FI\x8eR0\
P\x9f\x92}\xd0%\xfa\xeb\xa5q\x95\x0d@\xe3B\x86\
\xd4_\x87~\xd6yI\xa5(\xe09ZY\x5c\xe0\x9e\
\x96\xd1\x96{\xc3\xf2\x9e\xee\xe7\xf2\xda\x14\x8d\xad\x97\xa1\
Z\xf2/\x0c6\x9f\xb4\xcf\xa5\x88\x8a$w-N\xa4\
\xe0\xfd\xd8\xf1\x83\xd8\x02^\xe0(\xb1q\xdc\x83\x07\x90\
\x02\xba\xc2vdh\xc0\xb7\x0a\xaf[\xc8\xdaB\xdb\xfb\
\xfe\x0c\x00\xe8'\xb1\xbf\xc8$)\x00\x90B\xcd\x7f\xad\
\x9d\x17!\xe0\xaf\xff\xf4\x9a\xdd\xfc\x8f_\xda\xc0\x9d\x09\
\xdb\xc5\x8c\xa0\x887U7\x1a\x09\x00D,\x8f&I\
_\x14\x00L\x14\xeb\x04&\xc9A\x83uW\x01\xb4\x12\
\x10\x97>K}7\x0b\x00Yl\x1c\x13\xf8\x15\x0a\x00\
.\x0e\x9e\xb0<\x00P\xddr\x00@\xdcG\x02\xa8r\
\xc0\x8b$\x80Jq\x0e\x1b\x80\x1ch\x1e\x07\x000\x16\
\x02E\xc0\xd9WD\xc4x\xfeb\x9b5\xa1\xd2\xe7\x9d\
\xa6\xbd\x00\x00@\x00IDAT\xbb\xbaq\xfcI\xe0\
\xf1\x07\xf3\xc7d\x00t@\x92c\x10\xf6\x021\xae\xeb\
\xfe\xcbc*F\xf5\x93}\x9c:$%\x88IqP\
+\xcc\xb1\x87\xe4\x8e\xbb\xa7K<\x97\x14\xa0}\x06A\
\x1ap\xce^\x87(T@x\x05\xe6\xd7-\x8c\xa1h\
\x0f)%\x85\xa1TG\x89I\xc2\xd8\xcd\xce\xc0\xef\xbe\
r\xca\x9e\x7f\xfe\xb0\x8d\x8f\xefd\x97\xa0|\x020\x00\
\xfb\x067\xd4\x00\x89\xa1[\x94\xfe\xea\x01@\xfd(\x00\
\xd0`\xc4\x99\x19bXkD\x07\x0aRZ\xc6\x07\xfc\
\xda[\xaf\xdb7\xbf\xfe\x99\x0d\xde\xbee\xbb\x05\x00\xe8\
\xb3U\x19\x00\xb9\xdf\x01`\xa3\xf1V\xc6\xdf\x22\x89p\
\x99\x17\xecN\xa5a3\xb3\x8b\x88\x9c\x15\x07\x80.\xdf\
\xbe\xabU\x80\x87\x03\x80;\x0e\x00}va\xf0\xf8#\
\x03\x80\x04\x00 \xc6\x97\x04\xa0c\xc2\x15WO\x0e4\
n\xa4s&\xf8\x16\x1ds\x9fG\x03{i\xdd\x1e\xa6\
f\x5c\xc4\xae\xc8\xf1\x96`\xbd?\xcb\x92Z&\xdb\xcd\
\x0c\x8a\xb7\x1f\xee\xbca7\x9f\x18I\x8c')@\x1f\
C\x0e\xab\x8b\xd0\x00K\x0a\xd0\xbb\x18\x16\xbb\x02\xeb\xf6\
9\xb6;\x178\xbc6\x85j\x11\xa9\x01z\x0f\xcbu\
\xeb\x11E\x98\xf9C\x19*.\xdc\x13#_\x01\x00\x93\
\xbb\xbf\x97\xca\x05\x1b\x22P\xe8\xa9S{\xed\x85s\x07\
\xdd=xxx\xc8O\x13\x16\x08(xh\xa4.\xae\
\xae\xe7\xc3}{\x06\x00>\xacbh\x06\xd9W\x00\x18\
D\x06Cz~\x99\xfd\xec\xd7\xdf}\xd3\xbe\xf9\xd5\xcf\
l\xe0&\xc7\x94A/\x19f3\x01\x80\x86\x0f,\x16\
M<\x92\xe4\x00\x80\xd8|\x17\xa9s\x9a\xe8\xc4\x0dy\
\x05Bl\x02\x80o#\x01<\x16\x00@\x94\xadq4\
vn\x1e\x00`\xed\x5c\x12\x80{\xb4\x81\xacb\xa1G\
\x95\xe4\xf4\xe3/\xc0S\x01a\xe4\xe4\x13\xd3\x8e\xbf\xee\
^\x00\xa0\x87u}l(\xda\xfd(\xeb\xbf\xac\xfd\x8c\
\xa0\x83\x85\xc6\xde\x07r=\x00Pm5\xc8-\x86\x05\
V\xe2X\xec\x8b\xb9I\xdf\xac\xa6\xe7\xc5\xf8\xda[\xe0\
\xab\x06H\x02\xd1\xbdz2\xa4e\xe6_n}\xc83\
<#;\x83\xbe#]bl\xce\xb0\x1bp\xefx\x1f\
+\x02\xe3\xf6\xc2\x0b'9Jl'NAY7\x06\
\xa6\xef{`IT^\xfb\xef\xcf\x00\xc0\xfb\x8a\x19@\
\xa2\xa3\x00@D\xea\x12\x00\x04D\x5c\xb8\x9b\x7f\xfe\x83\
\x03@\xff\x8dk\xb6\x0b}0\xe3\xf2\x82\xd6\x0c\x84\xe2\
\x8f\x16\x00J\xcc\x9aw\xb1ILM\xcf\xbbo\x82\x00\
\xa0[3\x0e+\x01\xd4\xf4\xa1T\x80G\x0f\x00rR\
B_\xae,X~\x8e\xa0 \xac\x9d\xcb!\xc7\xa3\xdd\
>j\x00\x80\x195CkiO\x1e\x7f\x08O\x96\xc8\
\xb0\xb9\x06\xe3_:\xd3M\x871{\x22\x01)\x02\xa3\
\x03\x00<'\x06\x96\xba\x10R\xeb]\x5c\xea\x1f\x97\xd9\
\xb5u\x03\xcf#\xcd4\xd9\x17@\xa0\x90E<\x03\x8b\
\xf8\x8c\xc8V\xa0\xd9Y3\xb3\x1b\x15[`\xb1\xfc\x0c\
\x94\xa2m\xc4Q\xf2lU\x00j\xa7V\x94\xf0\xeb\x90\
\x0a*\xb7\x7fmxC\x87A\x0a b\xd0\xe9\x1d\x1c\
%\xf6<\x81C\xf6\xb3KP\x9e\x81\x01\x04\x22\x89#\
\xca\xee\xdb\xbc?\x03\x00\xef=\x01\x00C@,}\x07\
\x00I\x00l\xdd\xab\x10\xd9\xe6\xd6\x07o\xd9\xf5_\xfd\
\xd4z\xaf]\xb5\x9d\x10\x97N*\xf6EC\xc6\xefQ\
\xcef\x92\x00Jx\xcfM\x03Jw\xef\x12\x13\xa1P\
t\x09@\x00 ?\x80-\x01\x80\x01l\x00\xc9\xad7\
\x02&e4\xc3\xf8\xb78\x7f\x87\xc0\x9a\xd30\x1c\x96\
n\xfe=r# \x92\x99<\x1a%\xc9\xcb\x0b\xb2\xc1\
L\x9fB\xf4\x97\xe5?I\xd8om\x92\x96\xe8\xef\xc7\
\x95\x8b!\x05\xfa\xbcT5\x8d\xa6\xa7\x96\xa8/x\x0f\
\x97\x22\x10\xd0M02e$\x9a\xf3\xa8\x8b\x0b\x1eO\
\x22\xc7\xf9\x01\xba\xee\xc7\x94+\x8b\xe8v\xcf,\xfc\xf1\
\xf9_\xea%_)\xd1/J\xf4\xd7?7\xfe\xaa\x1e\
K\x9f\x05\x02l@\xeb(\xd8\x91C\xbd\x00\xc0Y\xd4\
\x80\xa36<<\xec  \x09`+\xd5\x80g\x00\xe0\
\xc3\x01\x00\xc8pDh\xac\x95\x00P\xc5 s\xeb\xc3\
\xb7\x01\x80\x9fY\xef\xd7_\xda\x0e,\xc0YH\xab\x01\
\x91I\x02`\xf4\x18\xb6G\x93\x04.%\xd6\xa9g1\
\xdcM\x12\x14\xa5B\x98\xf2n|\x01\xba!\x00\xed\xdd\
\x97\x00\xcb\xe09\xb1{\xbcA\xa7\xae\xf0=r\x05\x96\
\x9c O@\x85\xbd\x96_\xa0<\x1d\xef \xc3|,\
#`\xffq[\x94\x110\xb5\x8b6\xb7\x8e\x0bo\xb7\
)HBa\xd6T\xfb\xc5Hb\x0e\xado\xeb\x9b\xf6\
\xff\xc3\x84\xecr[\xc4\x1d\xb8\xc8VZ?\x1a\x8b_\
\x82\xdb\xf0:\x1c\xb2n\xb9\xeb\xddw\xff\xde\x96A\x0d\
\x05=X\xfe\xe9\xbbD\xa6\xcb\xd2\x9d}\x80\x00\xe1\xbe\
\x10\xffC$\x1f\x81\x80l=|\x05\xf4}\x00\x99\xc1\
\xc3\x07\xde\x96\x00@\x95\xe2\xfa\x92]@\xf7\xe8\xbb$\
\x80ylA\x05f\x7f\x8e\xb1#z\x95v\x17j\x87\
\xa0f\xef\x84\x82\xd4\xf0\xaf\xc5\xe6\xca\xc4\xbf\xcb\x058\
\x08\x1a\xfa%\xbc\x94\xb5\x03\x10\xef\xbe\xeb\x8f\x0b\x1aw\
\xad_\xc4c\xb3\x9c\x19\x10\xb3\x17_8\x81g\xe0)\
\x1b\x1b\xdb\xc3&\xa1\x81\xe5CD\xb6\xc8\x10\xf8\x0c\x00\
|8\x9c\x9d\x996\x18\x09\xb9l\x81\x03~P)\x81\
-n}\xfc\x9e]\xfd\xe5\xcf\xac\xfb\xea\x15\xdb\x8d\xb1\
\xa6\x0b\xf1V\xf3\x8b\xac\x00\xc1\xbf\x9b\xaf\x8f \x89\x10\
\xcaH\x00\xf3\x92\x00\xa6g\xf1\xac[\xf4e\xc0\xae\x96\
\x0a\xa0\xc0\xa1\xd4\xb4EJ\xbc\xf3E\xc4\xa4e+]\
O\x12\xb5\x062\x0a\x1b\x97\x10\xc1\xc3\xf1\x22\x80\x09\x10\
\xf6\x19AA.\xf5\x1ceK0\xcb\x80\x1d\xbb\x99r\
6\x09\x00b4q\x90\x13\xab\xcc\x91\xcb\x00\x90\xe0z\
B\xa1\xb6\x01\x80<\xde\x80\x02\x80&\xcbg>\xff9\
P\xb4\xdbYjE\xf4\x8a\x98F\xcf\x06\xd6\x0a\xef\xfa\
]I\xef\xba\xce\xa8\x00\x005yl\xe2\xe9\x97\xe1\xa0\
\x8f4\xc1>\x93\x99^\xc4\xeb4\xc0\x1d\x980\xb0\x99\
\xc0B/\xbe\xf9\x8e;\xf2\xf0\xec\xa2\xfc\x95\xaf\x12\x17\
\xd5\xb9+\x92\x227\xa4p\x18)c\xb0\xcb\xe1\x18T\
c\xdb\xb8$\x0f\xa9\x07r\xd8q\xdb\x82\xf7\x89\xfaF\
\x93\x8a\x9e\xa7,\xaf\xe3\xca\xfc5\xefk\xcc\xf4\xbb\x80\
\x94\xdf\xfc3dX\x9fc\xf9\xafJ\xbc\xc0}\xf6\xd2\
Kg\x09\x1f~\xc8FG\x07\xad\x93\xb3\x043i\x1c\
\xd6\x1c\x00\xf4\x1c/\xcf\x9fw}\xdddz\x06\x00t\
X44\xac\xf0!\xda\xd1\x9f\x8cE8\xa9\xb8h7\
?y\xdf\xbe\xf8\xf9\xcf\xac\xeb\xca\x176\x06q\xf5\xba\
\xd3\x86\x5c\x87\xe4\x82\xfbp\x9d\xde\xce\x189\x000\xcf\
\xe7\x98\xb5\xa7f1\xa8\xf1\xeag=\xb8\x13) \x86\
\xce\xe8q\x0a\xef\xc9(0\x81\x08M\x84\xe7\xc4\xc7=\
\xbe\xd7\x1f\xc6\xacQ\xdf\xbb\xb1N\xfb\xbc\xd2c_d\
\x8f\xd8\xcc\xe8\x19+\xf7\x8c\xc1\x07\xec\x06tf\xb8'\
\xc3u/\xf8L\xab^#?1\x7f(G\x04LY\
r\xfb\x05\x00\xea\x9c9\xe0\x00\x80CP\x13\x07\x1a\xad\
_\xeb\xc4\xa2\xf6\x93\xa8Y\xf7GT\xad\xb6\xe9%\xe0\
\xe1\xdd/\xf3G\x97Z\xf7\xc406\xcaw_\xbb\xfe\
\x12\xa9\x1e\x96\xfe\x86-\x95E\xfcO\x11\xed\x17\x00\xf0\
hR\xd4[v\x029\xdf\x08\xc8]\xe2\xc3.\x10@\
Ly\xdd?y\xad\xe0\xe9\x18\xabAuB\x9f\x09\xe0\
J\x8b\xb4\xb1\x0a(p=\xe9\x8c\xa9>\x01\x80q8\
\xd2\xbb\xd49\xf9\x12,\xd5\xfd\xfeE\xf8\xaf\x0d6Q\
\x11\xc5\xc1O\x0ez\xe9\xe5\xd3\xac\x08\x9c\xb0=cr\
\x0cR\xb0\x10-\x09j\x0d*\xf4Op\x7f\xe6\xb3\xf7\
I\x1b\x99\xaf\xb8\xe5\x19\x00\xd0\x19\x90\x81\xa7%\x00`\
 +tf\x8dA\xbdy\xfeC\xfb\xe2\x17?\xb3\x8e\
\xcb\x97m\x8c}\xee\x02\x00m\xe3\xd4V[_fz\
\x88No\x15w\xdf7\x01\x00\x0e\xa8\x96Cw\xd4*\
\xc0\x02\xc7\x94\xf5\x12\xc4B\x00\xa0\x90\xe1\x9aQ\xefe\
\xa7\x88A\xe4\x02\x13\x00@\xd5\x13\x00hv\xd2\xd9\x87\
S\x84\x00\xfb\xbc\xd2\x0d\x00\x1cu\x00(9\x00\xa0\xa3\
?\x14\x00\x88\xffT\x8bh\xa6\xe3\x93\x96\xfc(\xaf\x06\
\x00h?@\xf1\x91\x02\xc0\x8a.\x14&8\x00H\x05\
\xc0\xa9\x8bx\x87\x19\x00 \x9e\xec\xc7\xf6\xd7\xdd\x92\x00\
\xd4?\x01\x00\xb4\x0d7\x02\x00\xce{\xda\x14\x00H`\
`S(\xc0Vd\x99\x93\x1d\x82,\x17W\xd9%\xa8\
3\x16\xd2\x18\x03\x05\x5c\x01\x80\xe5k\xf0p\x00\xa0P\
\xe45\xbc(\xbb\xbaR,\x09\x1e&z\xf0\x19;r\
D\xb1\x020jv\xa7M\xd1\x83\xdd\xb9JeI\xb2\
\xd18<\x04->\x03\x00'\x890\x91\xac\x05\x80:\
3\xd7\xed\x0b\x1f\xdbe$\x80\x0cG\x95\xef!\xd2M\
\x1f\x91bd\xd4z,\x00\x80\xd5z\x11Q~\x0eG\
\xa0\xb9\x99Y\xeb\xc6\x15X\xdb\x82UOi\xb2\xf7\x8e\
\xf7\x0a\x00\x80JE\x84\xd2;\x03\x00(0\x88$\x80\
\x0e\xc2\x83\x0b\x00\x90\x00F\xceX\x89\xb0`\x0d\x8cN\
O'\x00\xa8\x85+[\xa9\xf6\xb5^\xabtu]\xe3\
\x17\x89\xff\xf8\xd4\xc7\xe9\xa3\x9e\xde\xed,\xffm\x03\xf6\
\xbaP\x09\x88\xf8\xc3\xf2\x9f@\xd5=\xfb\x18?\xb9z\
K\x92\x09\xe7\xf8m\x12\x00\xe8\xc7p~#`\x83\xb1\
\xb3\x90\x9b\x09\xaaN\x8d%<b\xf9\x05\xa9B\xc0\xa8\
\x1d\x1bz\xd1\x06\xa4\xa2\xcdH\x00\xda\xcc\xa4@$\xc6\
\xc6\xaa\xbd\xfb\xb6\x138\xf4\xac\x9f(\xbc}{?\x81\
C\x91\x028\xcc$%\x9f\x10\x8d\xf33\x00\xd0\xf0?\
|\xbaG\x05hI\x00uf\xfc\x89\x8b\x9f\xb8\x0a\x90\
\xbcx\xc1v\x83\xf8}\xcc\xcbrm\x0d\xc175\xb0\
\x0f_\xee\xfd\x9et\x09\x00\x00\xd0\xf1\x9d\xf3\xf3\x8b\x0e\
\x00\x9a\xfd;\x18t?\xa1\x88\x87\xef-Z\x8c\xa0\x05\
%\xd9'\x02a\x84\xf9YVx\x01@\xdc\xeeb\x03\
\xb8T\xe5\xac\xc0\xec!\x9b\x16\x00\xf4\x8c3c\xca{\
O\xba\xcf\xfdj\xb4\xfc\xdb\xb2\x0a\xa0G\x1e\xa5\x04\xa0\
\x16\xaeme\x0b\x00TY\xb7C`\xf3p0@\xea\
a\xe3NU\x07\x9e\xb2i\xaa\x7fp\x97u\xf5\xec`\
9\xb0\x83\xad\xd5\xc1\xf7_\xcc\x12\x9eA\x22r\x91\x9c\
\x91w\xfdy\x93\x00@\x95T\xa6T\x9d&n\xbc\x15\
|\x1e\x14\xff\xb0Z)\xb2\xf5\x992\x94`\xca`\xaa\
\x15\x10\x93`\xe8\xd0\xc1\xedu\xb2\x87\x9a\xc0\xa1J \
\xd0?\x90\xb5\xd3\xa7u\x88\xc8)\x96\x04w\x11>\x1c\
U0\x9bq\xe7 \x8f\xb3 \xa0W?\xad\xed*\x95\
\xfb\x80\xf4L\x02\xa0\x83\xa2\xa1Azu\xfa\x90\xab\xb8\
T\x00\xf9\x7fO^>\x8f\x04\xf0S\x8b\x7f\xf6\x99\xed\
&\xbaM\x9f\xfc\xb5\x1d\x00D;\x0f\xd1\xe3\x0f\x18\x90\
\xe8\xe7\x00\x00)\xb4\xc0\x14G\x94\x15lv\x9a\x88~\
\x18\x05\xb3\x00\x80V\xb2%\x82:\xddG\x0f\xf8\xbb\x88\
k}\x00\x90\x11P\x12\xc0\x14\xe1\xaf.\x95%\x01\x1c\
r\x09\xa0\xd8;\xe6\x223\x84\x10\xe8sU~\xeb\x7f\
y<\x00\xa0\xb2\xd5\xbf\x02\x98\xb5I\xedd\xd4\x00\x80\
0\xa3k\x04\x11\xedaH\x8f\xed\x84SNg\xf7\x08\
\xfe\xff\xa3\x5c\xed\x02\x04\x14\xf2Kq\xff\x04\x00\xe1\xd9\
\xd5\x00 ]}\xbdr\xd6\x96\x1bj\xe4\xc3\xae\xd5\x00\
T\x0eE\x0eR\x14\xe4<R@\xb9\xc8.A\xd5I\
\x8f\x09X\xe4Q\xd6\xe2\xca\xb0j\xa2\xb2\xf5zpr\
\x09Cv\x1bh.\x8e\xc1q\xdf\xfeQ\xf7\x098s\
\xe6\x08\x11\x83\xb4?\xa0\xc3:<V@ph\xf2(\
\xc5*\xd8\x0b\x7fp\xfe\xd1\x1d\xcf\x00\x80\x9e\x10\xf9(\
I\xb4\xd6\xa4\x12\x01\x80v\x82M~\xf1\x99\x03\x80\x9d\
\xff\xd4v2\xd0\xfdn\x03 J\x8cw\xf6&{;\
\x14\xd3\xd6\xdf\x08\x00\x8a\xace/\xb0!h\x8ePe\
:?P\x12@\x8aw\xc7|1\xed\xaa\xa4\xefa\x89\
\xcem\x00\xccB\x22\xeb\xa4\xa4\x16\xae\xebD\xe3i\x01\
\x00\x81A\xaf\xa4\x0f\xda4a\xc1\x8a\xa8\x00\x0a\x94\xb1\
e\x00@'\xca\xf1\xa7A_\x15r\xb2\x01L\xb3\x22\
\xf00F@5,\xa2\xe8\xa8\x9f[\xef0\xb1\x8b\xef\
\xb2m\xf8\xcc\xcaL\xcc\xe7L\x9aC>;\x10\xb9\xe9\
\x86\x06\xc6\xceX\xa2\x1f\xfd\xa7\x9f\xc9Xa\xbf3\xf4\
\x00\xcc\xe2Y\x04\xb0\xf0\x91\xa7\xed\x0a\xbc\xde.\xe7\x84\
\x1a\xf1\x17\x00\x10\x88\xc8\xe8YG2\xd4a\xa2e\xec\
\x00u\xd4\x00\xf5\xb9\xfaS\xb3r\x14>\xdc\xf1\xa0M\
\xe6W\xcb\x99}\xe8G$9\xa4\xd0*\xb6\x80\xe1\xe1\
N?KP\x07\x8a\x8e\x8f\xef\xc0\x18\x08\x00(V\x00\
R\xa1@\xd2q-T\xce\x1fo\xf7\xcf3\x00\xa0\xa7\
6\x02\x80\x06\x000\xf7\xcde\xbb\x84\x0d\xa0\xf4\xde\xbb\
\xb6\x0b4\x1e\xe0\xb8\xe8\x10?\x8f\x01\x96\xeb\xd6#J\
\x22\x9f*\xcc_\xc4o]\x87\x94\xe6\xe6\xe6\xb1Y\xd5\
\xf1\x03\xe0\xfc8j\xe0\xc1$\xd6)[\xa6IQC\
\x04\x00\x0aEN\x94AgJ\x1dg>\x1b\xcf\xdaU\
\x1b\xb0\xcf\xe3\xfbl\xa2\xef\x98\x95\xfa\xf7\xf3\x04\xedp\
D['\xc3u.\xddO\x02\x90\xee\x1a\x85\x05+\xe3\
\x05\xb8\x88!\xb0\x8e1\xd5\xb7No\xa2\x8c\xe5b#\
\xaan\xbd\xd3\x9e\xb8\xc4\x1fj-\x15-\x05\xd3\xd7`\
\xc0j\xad`#C=vh\xdfN\x98\x22c7o\
/\xd8\xecB\x83\x18\x00\x1c\x84\x1a\xeb\xb5\x22\x9b;b\
\x5c\x0fIH\xaf\xd9\x9b\xberQ}y\xa6^.w\
\xe3Ob67\xbb\xc1\xfc\x92:\x143@3u\x89\
\xd3\x90\x17\xd9*\xac\xea\xe1\xe0G\x9b\x01\x00>\x8bN\
\xb4}\x9c\xc7\xdaN\xbey\xca\xdd\x8a\xa1\xb7\x04\x06K\
\xfc\x0e\xf6\xed\x1d\xb5\x1f\xfe\xedKv\xfa\xd4Q\xb6\x0d\
\xf7\xfa.\xc1\x8cB\x86\xa1\xdah)\xf1a\xc8\xf1\x19\
\x000$\x1b\x01\x00B\xb3-\x5c\xbfb\x97\xf1\x03(\
\xbc\xf3\xb6mg\xd9g0)\xf7\x1a-\xe9\x88EE\
\x06\x8f&=<\x00\xb4$\x00\x17?\x91\x14 <\x9d\
\x14,\x15\xa0\x8ax3\x1b\xe7l\x80f\xbf}\x9e\x1c\
\xb7\xdb\xbd\xc7\xac\xdcw\x80\xeb0\x803g{\xady\
l\x00 NS\x82I\xc5r\xfe\xe2R t\xcd\xfa\
\xad}\xfa,\x99\xa5\x08\xde\xb9w|\x9b=wx/\
zx\xc6\xbe\xbe>c\xd7oq\x06\x1fJ[,5\
`\x15B\xa4\xc930\x88\xfa\x01\x00$-\x85vo\
\x0e\x00\x1c\xcc\xa8O\xdc?\x00\x00\xda*\x0c\x00i'\
\xdf\xe2\xc2,\x12\x8f\xa2\x07\xb3\x12\x01\x12\xa8\xd6\x8a\xe2\
\x8ce\xd2)\x86\xafm$\x854CZ\x11a\x020\
\x8a\x13\xa0\x88A\xa3\xdb\x14+\xe09\xf6\x07<G\xf8\
\xb0\x1d\xd8\x02\x141\xa8\x13\xdf\x03\x1dX\xc2\xd8\xa9\xb0\
M\xa6g\x00@\x871<\x9e$M\x8a\xe6\x22\x15@\
\x00\xb0x\xeb+\xbb\xf2\xebW-\xf7\xa7?\xda\x08b\
\xde\x90\x00@\x06$\x18K\x02v{,\xd3*`\x13\
o\xdf\x1e\x00\x02\xc1%\x10U\xd3\x12UiK\x05\x00\
\x98C\x02\xf8\xba\xd9\x07\x00\xecu\x00(\xf5\xedwI\
#0Y{\xady,\x00\xe0U\x11\x00\xf0r0\x13\
HE\x14.\x06F\xfc\xc7\xc3\xb1\xce)\xbe:\x5cc\
p\xa8\xcbN\x1c\xd9\xeb\x00\x90!\xf4\xd7\xb5\x1b\xb3v\
\xf1\xf2\x04R\x00\xb7\xa6\x86\x08\x06\xcaj\x80\x96\xe4\x9c\
K\xf4\xbcF\x9d\x97\x03\x9f\xf2m\xaf\xed\x1aB\x9d\xa3\
\xe8\xa7L\x89X \x1a\x9d\xc1\xdc\xd0\x16h\x8c\x80y\
\xa2\x07\x17\x89!\x99\xc0\x19)\x8bc\x80\x80\xa0F|\
\xc7D\x12;D\xdbS\xb4\x80\x03\xb5\xc4Cc\xab\x9d\
\x8a\x0e=\xcfvf\xb3#\x87\xf7\xd8wX\x118\x86\
c\xd0\xf6m#8\x06\x85X\x01\x1e\xa0\xb6\xfd&\xa8\
\x19\x9e\x9e\x01\x00\xdd RP\x12\x008M@ke\
hBzea\xe2\x9a}\xf5\x9b_\xdb\xec\xef\xff\x93\
\x03D\xa79\xa8\x83\x19\x15WW\xd7\xd1\x9e2\x00\x10\
\xbb\xa8\x01285\x9c\xd8\x99IV\x00\x80T\x809\
T\x8a\xaf\x15\x10$\xb1\xd7&z\x8f\xa2\x02\x1c\x00\x18\
\xb0\x82;s\xb5GA\x8f\x0f\x00\xa2\x91\xd1`0#\
\xb6\x8cj\x8a\xf2+\xc7\x9a8\xf1\xdbj\x0dB\x8e\x11\
\xafON2'9a\xe7\xd0\xd86\xeb\x22\x9c\xf6\xe4\
t\xc9>\xbdp\xc3\xbe\xfaf\x01# ~\x008\x03\
\xb1J\xcf\x98j\xb6\x17\xe3F\x00\xa0>k\x1f\x00\xd4\
Crh\xf2\xb9\x9d\xfelB4\x84]\xa5\xd7y\xb1\
\x0cYd\x07i^\x11\x83\xb0{d\x08)\xa6P\xf2\
\xda\xec\x93@*i\xfflDrWpRmNC\
\x0c\x90\x0a\xe0g\x14\xa4+\x04\x0b\xed\xb5\x17\x90\x02\xce\
=/\xf7\xe0\xdd\xae\x06\xc8\xf7 \x95baX\xcd\xd8\
dz\x06\x00tXDfk\x01@\x9b~\xca\x937\
\xec\xeb\xd7\xff\xc3\xa6\xde\xf8\x9d\xf5r\xde\xddH\x06\x93\
\x91\xac\xbf2\xd2H\xc7\xdbd\x87\xb7{\xfb\xc3H\x00\
\x0e\x00\x10\xb6\xb4\xcd\xfa\x92\x0a\xb0,\x01\xd4\x5c\x02\x10\
\x00\xf4\xd9\xc5\xc4\xb8\xdd\x11\x00\x0c\x1c`]\x03\xe2|\
\xea\x01@\x12\x80,\xde\x18\xedZ\x06\xb8\x98\x18C\x87\
\x9b\xf5\xc4\xfd\x90\xcd\x13G\xc6ml[\xbf\xf5\xf5p\
\xe8i%m\x9f^\xbci\xef\x7f|\xcdf\xe6\xe9\xcd\
d\x1f\x06\xc1N_\x1e\xfd\xb6\x00\xc01-ART\
O\xbb\xe5\x18u\xa4\x05\x04\x15\x0c\x81E\xa4\x00\x1d\x91\
\x9eP\xa0\x0f\x98\xd2\xa9\x04\xf5C\xae\xd9\xed%\x01\x00\
\xc6=|@d\x88N\xd0\xce\x186\x808'\x15u\
w\xc7\x89\x18\xb4\xcf\xbe\xf3\xf29;|\xf8\x00\xc6\xc0\
^\xeb\xc4\x18\xa8\xc0$\x09\x19\x1f6I\x90+\x00@\
l\x10\xe6\x90(\x17\x11aH\xd1\xfb\xfd\xab\xbf\xea\xae\
(\xab\xb5\x8fD7\xad\xfb\xfb:\x17\xfd\xfe\xe8!e\
\x16\xee\x89\xee\x5c\xf9KTTT\xef\xe8\x1e]\xf7\xae\
_y\xa1u\xb3$@\xb5\x5c\xf9hR\xd0K\xbc \
W`\xec\xbbV\x9a\xbaeW\xdfx\xcd&x\xf5r\
\xd2\xcd\x0e$\x80\xac\xf42\x00\xe0\xd1\xb1\xbfZ)#\
 \xa7\xd6\xe0\xc2:\xcf2\xe0\x02F\xc0&.\xae]\
n\x04\xd4\xcc.\x07\x1fR\xabM\x9a\xf5\xf51Zn\
\x0a}\x10\x8c\x85\xd2\xff\xf5\xd2IA9\x08\xf1\x9bf\
7F\xc01\xbb\xc9\x86\xa0B\xff!$\x80\xcd\x02\x80\
zL3\x1f\xbd\xe6\x03\xa05o\xf5\xb0\xcf\x8b|B\
lUt\x9b\x02[f\x17\xee\xac0\x02\xfa(p_\
{I\xde\x8b!\x05\xcf:\x1fE\x07*Z\xea*\x80\
Bh\x15m`(\xe3\xe1\xb3\x8e\x1e\x1e\xb3=\xa3\x03\
6<0\xe4\xde\x7f\x17.\xdf\xb27\xff\xf0\xa9]\xbd\
\x91\xe3Q\xa2\x01\xa5t\xbc\x0bv\x00\x1fl\x89{\xbc\
P\xe5BOzCZ\xe5m\xfc\xa6\xbb\x10\xec\xf9\xab\
\xd5\x03\xf9[@\x07n\x0bP~\xc1\x03\xb2\x5c\xe08\
\xb1E6\x09\xb1G \xcdo\x196p\xd5p\xe9\xd6\
\xc1/\xed%\xd9\x00\x08Z\x82.\xaa\xb3+\xb5\x0c\x18\
K\x94x\x94\x101\x80\x81l\x1d\xaf|\xf7\x05;\xf9\
\xdcQ\x1b\x1a\x1a\x00\x04\xd8\xf1\xc8\xb1\xe2:S\xc2\x97\
(\xdb+\xc4\xefj\x01@\x10c\xd4\x00\x11\xb5\xbaD\
g\xd7\xab\xc3\x15<A\xc8%\xd1IW\xf4Z\x99\xbc\
/\xb9\x10\x86?\xd0\x03\xb4\x18n\x8cn\xe6]\x1f%\
\xa28\xc31\xae\x22`\x8a\x0a\xfd\xaf\xb8l\x1e2\x8a\
NTt\x16\xee\xd3\x01\x1c~\x03\xc6\x13=X#\x18\
f\x03\xd1O{\xbdu\xc4W\xe8Je\xc200#\
\xb8\xa1E\xef\xa0\xb3\x1f\x8c\x8d\xd3\x8bZ%\x8e\x8eq\
]\xb1\xf4P\xdfi\x0f\xf99]\x11r\x8b\xc0\x8e\x0d\
\xcaI\xa4\xe3\xb8p&C\xa0M16\xf9\xd7y\x1e\
\x8fR+/\xcc\xd9\x97o\xfd\xc9\xae\x10\x16\xac\xe7\xf6\
\xd7\xb6\x1f\xb1\xb3\x0f\xeb\xb3b\x06\xd6\xf1\xd6P\x0d\x1e\
E\x12s\xc9N-\xed=\xcf!!3x\x03\x16\x09\
\x0a\x92\xe5\x14\x9b\x0c\xa0\x90\xa1#u\xe2\xb0\xfa]6\
\x7f\xa9\x8bbp\xf5\x99j\xa5cA\x94\x9c\xf55\x9b\
\xe8:\xfd'\xfb\xc6\x04g\x03\x9c\xb7Q\xfbr\xe0\xb4\
\xe5FNQ\x06\xbfk`\xda$\xd0\xd0\xf7\xa1\x5c\x9f\
\x0a\x1d|\xf4<\xe3\xa2\x17}(Ci\xadL`\xd0\
\xf9\x9b8\xca\xccy=\xb5\x0f_\xf5h'\x05p\x0d\
\x7f\x1d\xda\x22\x80#'9\xf4hL\x1bxf\xa68\
\xc8a\xc7v\xf4\xff\xe7\xc6\xed\xd8\xe1q\xdb52b\
\x83\x03}\xd6\xdd\xdfc\x13l\xa2z\xe3\x8f\x1f\xdb;\
\xef}\x857%\xf1\xf5S\xdb\xa1\x9d>ofL\xe1\
\x9f9\x9a\xcb\xc3\x81i\xa6\xf5\x1a\xb6S3Z\x10\xf5\
\x93\x9a\xe2\xf5\x12\x15\x90\x03R\x80\xea$\x09@\x00@\
\xd0\x00\xa7F\xe5*\xef\xc4\xf6%\x00=\x11\xfa)\xfc\
\x1550\xb6\x9axP3zzS\x84\x0b;\xe6\x06\
\xc1q\xc0`xD\x81C\xf1\x0fA\xcdHB\x1bz\
6l\x0c{p_\xb7\x00@\x8c\x13\xd6R}\x8b$\
\x19\xf8\xb2\x82\x93\x92\xd0n\x05\x00\xd0\xd6\x88\xe8\xe1E\
\x12\x95\x13X\xf0_\xefz\x85\xf3\xeb\xf8\x09\x0ej\xc0\
x\xfe\x9d\xeb*E\x8c\xa3\xc39\x1b\x0a|\xa0wb\
\xb27*\x18P8\xa6\xbbH\x88\xa5\x02\xce\x14\x15P\
O\xdei\x8a\xea\xa2\x98\xf8~\xa4\x13\xf7\xd5\x00\x0a?\
\x17\x8f\x82\xcbe\x9d\xd6\xa23\xdcu\x0dV'/\xcd\
\xca\xa8[0\x8aZC\xf6\xee\xd9#\x16@l'\xaf\
&'\xed@\x06\xd4\x91\xf6\xb0]4O~5\xf4\xa7\
\xe3\xe7\xce\xd8I^}\xc4^\xd3f\x8e$`\xe0\xcb\
h\xb4[\xdbp/\xbf\xf7\x8e]\xfc\xf5/\xac\xf7\xe6\
\x15;\x8c+p?\x83,`\xa9\xb1\xd6\x13\xd1\x82z\
b+\x93\x86\x5c\xfd\x5c\xa5\x80|\xa5fS\x0b\xec\xae\
+\xb1\x1d\x99A\xce\xa0\xb3gi\x03\xc2\x08L\x1d\xfa\
T\xfa}\x1dqT\x84\xac\x88\xc1i\x08E\xc3S\x91\
\x14a\xec\x85G|N\xe3\xab\x1eg\x19\xf3.\x9d\xf3\
\xa9\x0d\xdb%\xe2\x01\xccm{\x1e\xe3\x98N\xc5\xe5\xee\
6\x1b\xe3l\xc9\xbd\x1aK7\x9c\xb8\xf8+t\x97h\
\x8c{*}\x1d\x00`\x1a\x00\xb8\x01\x00\x10\x14\x84\xba\
\xb8a\xcbk\xf5\xe0\x9eR\x19\x02\x13\xa5 ^3\xc6\
\xb41\xcc\x22*\x87\xf2\x1d\x00\xca\x00@\xa7=wb\
\xccN\x1c\xddo{v\xec\xf0p\xda\xdd\xfd\x1d\xb6\xc0\
v\xdd\x8f>\xfd\xd2\xfe\xf3\x0f\x17\xed\xea\xd7X\xea\xeb\
\xa3\x80\xc0 \xb36\xec\xc48\xc6\x12\x8a\xc4K\xff\xa1\
ko\x06\x00\xbcR\xad?\x9aq5N\xfa\xeb\x90\x8d\
\xd8/5\xa0\x84-@j@L;!\xa1\xd7\x18\x00\
\xa0;\xdaNj\xab\xe7\x1c\xc6%<\xa9k\xc0u\xba\
a\x87\x0e\xeff\x97\xe0\x09\xd4\x811\x1c\x83z\xac\xb3\
\x0b/\xd14\xdb\x9f\xb5\xed\xb9UN\xd8ex\xff\x12\
\x1d\x00\xe8\x02\x9f\xf1aGg&\xfe\xb0\xb3\x89\xddF\
\x94'\xe6\xd5:&\x97`V\x18\x8b0K\x1ei\x15\
bj2\x13\xca[\xae\x06\x81V\x98Mk\xccTu\
,\x9eu\xce\xb9\xafs\xad\xc6\xb52\x11S\xca0j\
\xb5\xc2\xf6I\x18\xbd\x00\xa3\xebZ\xb5\xa4\xc3/y\xf7\
\xdfq\xa4 \xd6\xba\xf6W\x17\x8a\x05\xf2g\xb6\xa7\xf0\
\x06\x83,\xa2\x91P\xa0#\x9d\x15(A{\xaf\xc5\x1a\
:\xecAei&\x08\x00D=!|\x01e\x03\xd4\
\xd0\xae\xde\x86\xcb\xc9Z\x06\x13C \xba\xc34\x1d0\
\x90\xaf\x9b\xf2^ \xaf2\x00p\xe2\xc7?\xb2\x17\xff\
\xee\xefl\xe7n\x8c*\xe8R\xf2\xb1n y$\xf8\
\xad\xce\xac{\xe5\xfd\xf7\xec\xfc\xab?\xb1\xcek\x97\xed\
\x08\xe2\xd8\x00\xe2\xad\x0az\xfa\x00@#\x19B\x86\xaf\
\x0b\x00\xc0\xa2\xdcW'\x19\xc3O\x1bC\x0e\x00\xb3\xdb\
\xce\x22%t\xf0T \xb4\xfb\x93K\xf85\xba\xf7\xc9\
\x02\x80h\x93\x13|\xb1\x90o\xdf\x96E\x1c\x1e\xb7S\
'\x0e\xd98c84<`\x1d\xdd8\xfe\xc0x7\
n\xcf\xdao\x7f\xf7\xb1\xfd\xf9\xcf78\xda\x8b\x93\x90\
\xd3\x04wG\x82\xa8j\x0c\x91\x02\x14\xfa\xbb\xc1a\x8f\
\xed\x02\xc02#\x06\x96_\x0b\x00A\xfd\xc1\x18\x88g\
\xe0\x22\xd1\x83\xb5\x13R;\xf7b,\xd5m\x0e\x00\xd4\
\xd7bx\xbdy\x8f\xeb\x03\xffufa\xc9FF\xbb\
1\x06\x1e\xf3\xd7\x9e\xb1\x11\xeb\xc31H'\x0a\xa7Y\
\xe5\x11\xbf\xfa\x04\xde\x86>\xe0\x00\x00\xcf@\x04\xa18\
\x9fQ`\xe4J!o\xa5\x85y\x18\x94#\x92ah\
1w\x99\x03+\x8b%\x98\x9a3\xd6\xca\xac\x89/\xe6\
'\xf1R\x82\xc1a\xe2\x12\xf79c\xc3\xf4U\x02X\
\xea\xfe\xaa\xee\x85\xc9\xcb\xfcVi\x81C\x03 \x08\xbf\
\x83\xbe\x5c\xabi\xf6\xe7\x9a\xec\xaaU\xbc\xa8\xdc/\x1d\
\xebi\x5c\x9d\xc6@%\x10\xcf\xb4\xec\xe2\xe0\xafa\xa2\
Q.\x930\x12:\xa41\xc1w\x9f\xb5\x11\xc7\x134\
<\xcd\xa0wJE`\xca\x09\x00\xc0=|\x16\xfe\xea\
h\xad,\x9eS\xbe\x01\x84\xa5\xa2E\x00%\xc7\xf3\x03\
\xe7^\xb2\x03?\xfe;\x1b;x\xd0\xfa{z\xdc\xa0\
\x22\xa7\x91$\xba[\x93\xb6_\xfd\xe8\x03\xfb\xe8g\xff\
f\x99\xaf.\xd8Q,\xce\x83\x10\x9ez\xac&\x15 \
P\x04\xdf\xb76\x89X4\xfc\x9b\x93\x006\x02\x80\x0e\
\x97\x002\x92\x00X\xc1\x98\xc2\x96\xf01\x00\xf0y\xdf\
i\x9b\xddv\x06\xc9\x9d\xf5%\xcd\xd1m6\xe6i\x00\
\x00\xef\x1c\xc6!\x81^<2\x92&|\xd6^;}\
\xf2\x88\xed\x1d\x1bs\xbd8\xdd\xc19\x8a\x84\xd0\xca\xe5\
k\xf6\xe6\xef\xcf#\x05|nw'\x99\xbcL[\x83\
3\xf4\xabT\x00\xceX \xbeB\xb5\xaa\x9eno \
\xc3]-\xc6\xd43\xfc\xd77\xbf\x82\x8a\xa5#\xc9d\
$\xae`\x07X\xe0\x14\xa1J)\xcf:=4\x0bM\
~;\x00P\xc9*E\x93`\x11\x91\xdf8<d\xaf\
\xbd\xf2\xbdS\xec\x12\x1c\xc3S\xb0\xcf\xba\x00\x00\xa9\x00\
r\x22R\xd8\xb0\xb6%\x00\x01\x00\x93{H\x10\xfc\xf4\
\x8d[\xf6\xe5\xf9\x8fm\xf2\xdaWV\xe6X\xe4\xf2\xe2\
\x22{\x9f5\x9b\xcb\xe5\x11\x86\x86\xc1\x05\x00\x05D;\
\x1d\xbe q\xbe!\x1d\x1d\xf9[/\xcd\xcc>S#\
=H\x0dp\xfd\x9c\xdc5C\xbb\xbd\x84k)\x18/\
\xad0\xc7\x9a\xb5\x11\xdf\xe5\xdd\xe5\xfb\xb5\xe1t\x85=\
\xd6\x0c^\x87P\x93(\xad)\xc4X\xed\x7f\xd71\xd9\
i~\xd3)\xb9\xce\xf4\xe4\xa1\xcf)\x18Q(\xab\x86\
g\x05\x00\x1a\x17I\x10\xfe\x22o\xbe\xab\xfb\x11ty\
'o\x1a\xdc\x84\xb9\x17\x00\xa0i\xbe4\x8e\x9f\xb6\xd1\
\x1f\xfew\xdbs\xf8\x88\x0d\x0f\x0e\xb2\xb4\x82*@\x0c\
~\x01\x80\xf4\xd9k\x9f|l\xef\xff\xe4\x9f-\xf1\xc5\
\xa7\x00@\xcdFX\xf3\xd5R\x94\xdb\x004.\x8f \
m\x05\x00\x88`\xe4MXF\xf1\x91x\xae\xf3\x01\x13\
\xac\x9d\xdfEB\xfa\xa41h\x17{O\xd9\x0c\x12\x80\
a\x1c\xfb\xaf\x04\x00M\x192 \x1bE\x1a\x8a5\xf3\
62\x0c\x00\x9c\xd9ggO\x1f\xb3\xf1=\xbb\xf1\x92\
#rNg\x8a(\xc0YN\xf3\x89\xdb\xc7\x9f~m\
\x7f\xf8\xe3\x05\xbbty\xca\x16\xf2\x92\xec\xba]\x0d\x90\
\x9dK\xb1\xfc\xa4b:'\xb71\x8ea\xb8u\xbf\x92\
\x08m\xd9T\x89.\x01\xad!=\xcb=\x98M<\x85\
\xf9\x19b\x22\xe2\x8c\xc4\xc4\xa60^\xba\xbd\xed\xe4\xf7\
\x8a)\xf9\xe0\x12@xX\xae\xcf\x92\x00b\xa80\xbb\
v\xf5\xdbK\xdfy\x0e{\xc0Q\xdb\xbdk\xd4z\xa0\
[\xb7\x03PV0\x08>\xb8@\x97\x00T\x8ctg\
\x17\xf3\x11\xc1\xaf\x9d\xff\xc4\xde\xfb\xed\xaf\xed\xce\x95\x8b\
\x96\xa9ai-S \x22xS\xcc-&\x87)\xc4\
\xf8\x1e\xe4@\x0c\xcb\xf3\x9a\xc15K\xfb\xc8Hm\xe0\
\xb3fk\xa1\x90\xff\xa6\x9f\x18\xb5&\xb3\xae@A\xfe\
\xec\x8a\x9e\xa2\xd9\x5c\xfa;\xb7iL\xdd\x02\xaf\xee-\
!\x19\x94\x10\xbfQl\x99\xbd\x13\xac\xa92\xa0\xdc\x9f\
\x85\xc9\x1d\x04x^\xcc\xaf\xe7\xa5c)0\xa3\xca\xd3\
L\x9fQ\xfd\x18\x08j\xeaz\xb1rf\xae\x0eF3\
\xeeA\x02f\x0bx\xc6r\x00\xd5$\xed)\x1c~\xce\
\xba\xbf\xff\xdfl\xe7\xc1\xc36J\x08\xe6\xfe\xfe\x01B\
I\x09\x04XZ\xa1]7\xd8\x07\xf0\xde\xbf\xfd\x83\xd9\
\xe7\x1f\xdb1\x8eq\x1a\x81\xf0\x18\xd5\xa7\x13\x00 \x16\
\xf5IZ^r\x0c\xa8\x00\x00\xd3!]@\xbf\xd1#\
rb\x12\x00|\x5c\xc7\x1bP\x000z\xd6\x9a\x19\xce\
\xca\xd3S\xffE$\x00\x07\x00\x88D\x00\x80a\xc7\x86\
\x87\x92v\xf6\xec\x01{\xfe\x0c\x8c\xb0{'\xb3\xe1 \
\xcbe\x88\xc3\x00@\x83v_\xbf9go\xbdu\xde\
\xfe\xf4\xd6E\x9b\xb8\x8bHN\x90\x90\x18\xe7\x03T\x89\
\x0b\x18\x83\x9eB\xa0\x10\xba\xa0\x8d$Z\x0f,\x1f\xa4\
-m\x08\x8b\xc0Z\x0c$;\x80\x1fLJ\xdd\xaa\xd8\
\xb4\x8a\xf9y\xa4c\xc2\x873I\x89\xc6\xdbN\xd1\xbd\
>&<\xeb\xef\x10.\x00 C`\xa3\x91\xe7\xf0\xd0\
8\xbb\x04\x0f\xb2\x22p\xd6\xf6\xed\xdbE Q\x8e\x12\
\x93\x1a\x00\xa8\xad\x04\x80\xfb\x19\x04\x1d\x00T)x\xc6\
Q\xa0\x8e.~\xfd\xfcG\xf6\xfe\xab\xffn\xb9kW\
l4\x9b\xb4\x0c\x11cR\x18\xda\xfc4\x1a\x9a\xa8I\
[\xdd CX\x10T](\xd4\x15*\xe7\xbf\xf8g\
}\x8f\xda\xe1?\xf1E\xa6@\x01\x80\x1b\x85Z\xf7\xea\
\xbb\x80Bm\x94\xe5\xde\x03b\x12\x1ey\x96\xa5\xaf\x12\
\x07c\xa4\xb0|k\x17\x5cF\xb3=\xcf`fr{\
\xb2\x08\xdd\xf3\xf1B\xbcRN\xfc)\xc4\x07\x19\x8c\x90\
I\x88\x82\x13\xc0@\x92\x86\xea/0\x92u\xbd\x01J\
.\xd2\xe8\xbb\x80\xcf\xcc\xf8!\xeb\xfc\xee\x8fm\xf7\xa1\
#\xee]54\xccN\xb2\xae\x1e$\x00\x00\x00`\xb9\
\xf5\xf9\x05{\xf7\x9f\xff\xa7U\xcf\xbfo\xc79#n\
\xbb<\x01\x05\x00H\x1d\xa1T\xb5nkS *\xea\
\x0a\xd0i\x15\xe0.\xab\x00\x8b\x05V\xec\xf1(\xeb\xa4\
?\xd2\x10\xef\xbdF@\xfa\x8eN\x14h\xa5\x99\xf7%\
qi)q\x09\x00\xb0\xd7\xc8\x89i\x96{\x04\x00\x9f\
u\x1d\xb3\xa9\xd1\xe7\x89u>D\xe5e\xa1_\x9d\xbc\
m\xeb4\xd0G\x9b<\xeeg\x03Hbk\xa8W8\
\x1cd\xe1\xba\x95\xf2Sa\x9c\x18\xb9\xd5\x14\xb1\xba\xbc\
\x95\xdfT\xc6FF@\x01\x80~\x8f\xc3\x08M\x1c\x81\
\x06\xfa\xc5\x08H\x00g\x8f\xe0\x10\xb4\x0b@\x18\xb6\xbe\
\xbe^\x96\xdf\x08\x03\x8e-g~\xa1l\x9f`\x0c\xfc\
\xcdk\xef\xd8g\x9f\xdf\x04\xd8\x878\x16\x10\xf7\xe0\x1a\
m\xf6U\xa6u\x1a\xb9\xb22k>k\xeb\xb4\xe8\xde\
C\xc21>\xfa\x16\xe8\x5c\xa3&\xea\x22.\xa2\xe8\x8e\
=\x02y\x5c\x83sH\x02\x8a\x16$ITI\xfc#\
0p\x9a\xdf\xb8\x93[7;\x85/\x03\x80J\x83\xfe\
\xea\xf5<<\xbbh{\xf7m\xb3\x1f\xfc\xe0E;u\
\xfa\x88\xed\xe4D\xe1^\x01\x1f\x92k\x148T\xcc\xaf\
\xd7F\x91\x84\x97\x00@|\xd9D\x17\xaf\xb3|1q\
\xe1C\xfb\xe4\x97\xfff\xe5\x9bWm\x0f1\xc8\xb2\xf8\
6\xbb\xf8\x18\xf5\x938\x95\x86\xfbtM5[\xed\xf2\
\x0a\xfb\xe7\xd6}+\xaf\xebG-SI,\x17\xa7\xbb\
\x84\xc055O\x5c\xe4\xa7\xb4\xf2^\x13\x121\xd3\x97\
\x11\x9b\xee\x10\x04c\xa1\x00\xf8\xa0\x8fw\xa0\xabi\x81\
C\xd6|Y\xb9\xb1\x03;\xb3\x8b\xc8=\x0b2\xd4'\
9\xe7$\x10w\x1d\xcf\x04\x02n\x19o-dr\xaf\
\x90T\x03W\x05\xf9\xf3<1\x85\xfa2\xb5s\xafu\
\xbf\xf2#\x1b;v\xdc\xb6\x8f\x8e\xb2\xac2j\x1d=\
\x04\x92TG\x02:\x13\x97?\xb7w\xfe\xe5\xef\xad\xfc\
\xf1;v\x1c\x1b\xc0\x0e_\x8e\x91\x0a\xf0h\x01@=\
[\xa7\x9e\x05\xd4\xb2\xbb\xf3\x0b6\xcfQ\xe1Y\x01\x00\
\xfd\x91f\xddo=\x00P\xdc;\xd9>3\xb2rC\
\xa85\x01@SF>\xc0\x13\x00H\x01\x00\x0b\xe4\xf9\
Q\xad\xcf>\xe9 (\x08\xab\x00\xcd\xcc0=\xa1\xde\
]\x9d\xd4\x9f\x22\x1e\xef\xd8\x15?9\xb9\xd3\x8f\xeb\x01\
\x80<\xd84&Z\x8cmT\x05\x007\xac\x80\xadH\
\xd7$\x83\xac\xa6\x96\x15\x99\xae\xf9\xa826\x02\x00_\
n\xf4\x16a\x88\xae\xe5`v\xb3S'\xc7\xed\x0c\x00\
0\xb6\x17\x00`)\xb0\xb7\xa7\xcf\xb2i\xd48\x8co\
U\xe2\x83\xdf\xba=e\xaf\xbf\xf9\x0e\x06\xc1\xf7Y\xfe\
%\xbcv\xc7N\xea\xdf\x0b\x9d\xc88\xd7\xda\xdd\xb9\xa6\
\x0e\x1b}\x8d\x00\xc0g\x7f\xf8\xc07Sq\xb3b\x04\
xl\x02\xec\x0b)}\x06\x08\xf2\xb99l\x01S\xcc\
\x95\xda\x1f\x00}BOQ\xd2g_![\xdb\xc1\xba\
\xc1\x99\x87?\xf4\xb3\xf8L\xe3\x17\x92\xe0\x86\x09\x88\xfd\
\x01\x95\xea<mO\xd9\xb9\x17Np\xa2\xf0\x0bv`\
?'\x0a\xf7t\x12,d9|\xb8\x8f\x9f\xb2\xdb@\
\xfcX\x02\x00\x0d6\xa6|k\xb0\x869y\xe1\x03\xbb\
\xf0\x8b\x7f\xb5\xea\xf5\xafl\x8c\x90D\x1d\x02\x00\x18\xd3\
\x0f\xa4\xf4\x9a\xa9v\x02\x80\x07\x8b\x8dQ;\x94\xbdf\
c\xbd\x944\xc0n\x0fP\x03\xf5\x8d\x0aj-[K\
\x7f1f\xd6\x12\x12\xc0\xe4\xcc\x9c\xcd0\xeb%!\xf8\
N\xc4\x1a\xe9\xf0I\xea\x91\xe2\x19\xd5% j`|\
E\xe8Q\xce\xf2\xcf\x8f7$\xec\xd2\xfd\x5c\x0bKc\
\x01\xb1\xbd\xfe\x22\x5c\xee\xa9\x22\x92\x15\xc8c\x0a\xc9\xe6\
\xee6:\xee\x95\x1f\xda\xbe\xe3'l\xc7\xb6m6\x04\
\x01e9L\x22\x81\x0a \x00\xb8\xfb\xe5\x17\xf6\xdeO\
\xfe\xd1\x0a\x84\x08?L\xc7\xef\x04\x00\xc4\x5c\x8f\xda\x0f\
@$\xa4\xc0\x1e\x05\xec+\x92\x00\x16X\xc6\xcc$\x00\
C\xf9\x02l \x01\xac\x02\x00z\x84\xb9\x08\x83\x17\x96\
a\xda\xac\x95\x01\xcd\xcc9\x07\x80^\xfb8s8H\
\x00\x9d\xdb\xe8\x93G\x00\x005\xcd~\x8f\x10\x00`\xb4\
F\x1d\x00\xc0\xaew\xf2\xe4\x18\x00p\xd8\xc6\xf6\xedv\
\x00\xe8\xef\x19p\x00H\xc9\xfa\x8e\x94\x97'\xac\xfaG\
\xe7?\xb7\x9f\xbf\xfa\x07\xfb\xea\x1a\x07\x96\xa6waw\
\x1a!X\x08\x94\x0f(\x06\x07*Q\xe6\x83\x93\xfc)\
DE\x1a\x9f&}\x19\x00\x00\xe2\x85\xde\xb4\x85W\xea\
\xb1V\x9e\x04\x00\xb2\x01\x14\x00\x01\x1d2#YA\xe1\
\xc3}\xa7\x1f\xb7G\xcc\xb9n\x89\x11\xc3.\x01\x80\xe4\
]=$\x1b\x80\x8e\x14G\x95\xc6\x00\xdaD\x05\xda3\
>j\x7f\xfb\xb7\xdf\xc1\x10z\x0c\xe9\x07c`g\xeb\
Da\xd9\xd8\xa0\xdf\x8d\x98_\xe5:\x00\x88q\xf4\x8a\
1\xeb\xe2\xc8lw\xcf\x7f`\x9f\xfd\xfc\x9f\xac\xf6\xcd\
\x15\x1b\xc7\x98\xd2\x093f\x5c\x05\xf0G\xbc\xe1b5\
\xad\xa7;BQ\xaf\x07%\xb5C\x12@pVQ\xc1\
\x01\xd3\x04\x04n\x95\x17\x00\xf0\xd9\xe1\x81\xa5\x992\xb3\
\xde\xe4\xcc\xbcM1\xeb\xc9R\xbb\x04\x00(\xf0\xc2l\
9\xc1\xa8\x8f4\x0c\x11\xf3\xfb\xde\x09\xcd\x80\x00\x80f\
y\x05\xf9u\xc0\xa1\x5c\xd9\x00\x14N;\x08 ,\x03\
\x81\xdcl#q#\xe0\xc40\xe7\xaf\xbd\xfc\x03;p\
\x92SX\xb6\xb3\x8e<2lY$\x80\x04\x01\x17\x04\
\x00\xb3\xdf\x5c\xb5\x0f~\xfe\xaf\x96\xe3\x90\x90}\x1cx\
\xb1\x13+\xaf\xd4\x89:\x08\xe4\xc0\xf9\xa0\xc6?\xc4\xef\
N\x5c\xf4\x87\x88\xab()\x05?\x80\x85<@\x8c\x95\
\xb7\x1d\x00HK\x02\xa0}\x84\x0f\x05\x00t\x14\x16\xf6\
\x13f\x0e\xc5\xec_\xa0\xed\x1f\xd7z\xed#b\x02L\
\x8d\x9e\xb3f\xd7v\xda\x11m\x95]\xae\xac\xda\xf6\xad\
$\x80G\x06\x00\x92\xff\xf8']\xb8\xb6\xe0\x00\xf0\xdc\
s\x00\xc0\xf3\x87ll\xffnV\x05F\xad\xbf{\x90\
\x80\x19\x9d\x88\xde0\x0e\xeaZ\x15[\xd6\xcd\x89\xbb\xf6\
\xc6\xef?\xb4\xb7\xde\xbdfs\xb9nHw\xd4\x8d\x84\
\x89\xd4\xb7\x07\x00\x8d\x97\xe8\xd1\x03\x9409(:\xb2\
\x00\xa0\x8a\xfdL\xe7K\xe4\xa6o\xc3\x00\xf4?\x00 \
\xc3#w\xfa\xb2v\xd8T\xb4\xdc\xe7K\x9f\x94\x99\x92\
\xf3\x98f\x7f\xd4\x1e1\x11c\xaa\xe5Om\x84\xd2\x1e\
\x08\x97\x02z3\xf6\xf2\xcbg\xfc\x0c\x81\xf1\xb1\x9d\xee\
\x19(\xd7`\x95\xb3\xd2\x16\xa0\xec\xd6&\x07\x00a\x09\
\xac\x8f}\x01\xc2\xc6`1\x85\xae\xfb\xd9\xcf\x00\x80k\
\x97m\x1c\x0f\xa3N$\x00\x19\xd6\x84A\xaa\xb8\x18V\
\x0dv\xa1DTB\xbd\xd6c\x84\xb5\xd7$2\xba\xeb\
\xa4\x1e!\x8f\xd0D\x81\x88\xfekIM\x04O\x02\xb9\
*\x18\x0b\x1d\x00\x16\x88\xb6\xca\xd2]gK\x05H\xb6\
\x00\xc0\xf1\x90\x0c\xe8\x0e\x9f\xe9\xc5\xec\x02\x02\x81R\xb2\
!S +\xb2\x02\x1cT\x00\xe5.a=\x19\x01\x80\
~\x93h-\x00`v\xb8\xd1?j]\xdf\xf9\xa1\x1d\
:}\xc6v\xed\xd8a\x03\x18\x02;z\xfb,\x99\xc5\
\xbd\x12\x00X\xb8u\xdd>\xfd\xd5Om\xf6\x9d7m\
\x0f\x01.\x04\x00\x02!E\x05^\xdbFU\x7f+R\
\x00\x00\x00\x8c\xf6\x94\xa9\xf7Tn\xd1%\x80\x14\x0eL\
\xd9\x0d\x1d\x81\x90\x82\xb8_ \xe7*\xc0\x1a\x00\xc0\xec\
\xe5\x00\xa0\xa5\xcf\x8fj=\xf6Q\xea\xa0\xdd\x95\x0d\xa0\
{\x17w\xfe\xd7\x02\x00\x09\xc5n\x0c\x03\x00z\xbb\x9b\
\xf6\xdc\xc9=vZ\x00p\x00\x00\x18\x1e\xb5\x81\x9ea\
\xeb\xe40\x10\xad\x0e\xe9>1\xcd\x22\xcb\xd5\xef\x7f\xfc\
\xa5\xfd\xea?\x08\xf3\xf6\x956\x13\xed\xb6\x14'\x06U\
\xea\x9c\xbd\x08\xad\xb4\x9b\x82\x04 \xdb\x92h6H\x00\
\x1a\xaf@\xd0|\x82\x0e\x83!\x90\xd9\x1a\xfb\x99l\x01\
s\x93\xd7\xf1\x8b\xc1\x9f\x9f\xbe\x97\x9fI\x1c\x09T\xde\
\xad\x9a\x9d\xd7\x9d\xa1\xb9\xee\xc9\x01@mP\x8buM\
\x12F\xf0\x05H\xb1\x22\xa5\x9d\x90\xe9L\xc3\x0e\x1f\x1a\
C\x0d8\x8bC\xd4a7\x82\xea\x14!\x01@\x00\x1b\
\xaa\x16\xe5\xb7\xa6\x91\x0e\x00\xd2(\x14\x84\x98I\xcd2\
 \xd64\x12\xc0'?\xfd\x07\xab]\xbd\x04\x00$\xad\
\xbb\xa5\x02h\xd6\x13c\x09\xdb\x94\xf4I\x15Z\x99\xf4\
\xcd\x81\xaauq\xf9s iw\xdc\xe175\x86~\
r\x86\xf5\xce\xe3{\x03f\x13\x18\xc5\xa9xY\xb3\x1e\
*\xc0\xf4<{\xbd\x11{\x15\x0cS*@J@\xc4\
s\x9a\xd1\xf9\x0a\xa0\x04\x00\xc0\x97\xc3\x81@;\xb5\xd2\
Z&\xe2\xc7H\xe2\xd0\x80\xc8\x08(\x00Hx\x85\xc0\
f\x01\x00\xd7\xb4\x0cx\xb5w\xc8\xb2/\xff\xd0\x0e?\
\x7f\xce\xf6p\x0e\xdb\xc0\x10\xdfQ,\x05\x00\x92\x00\xf2\
wn\xd9\x85\xdf\xfc\xd2\xa6\xfe\xf4\xbam\xc7\xb7]\x00\
\x90Vyj~\xe8\x0a>lm\xf2\xde\xa2\x89\x0a]\
Y\xe6}\x86\xa0 \x0by\x5cK\xd1\xe9\xb1\x00\xe0\xd4\
\xc4\xca\x08E\xba\xdf\x06\xc4\x1b<\x01\x97\x01 \xed\x91\
\x8b\xa4\x02h#0\x12\x00\xf7w!\xfe'\xb8\xae\xb3\
l>&.\xe0\x87\xe9\x03vw\x04\x00\xe8\xd9\xcdH\
\xca\x83lu\xa2\xd8\xa7V\x02\x88\x00\xa0\x8e\x1e\xdc\xdb\
\xd3dM|7\x00\x80\x0app\x97\x8d\x8el\xb3\xc1\
\x9e\x11\xf6M\x08\x004\xc10\xbd\xd1n\x9d\xea\xfc\xd5\
\xd7S\x00\xc0y{\xf7\xfd\xbbV*#\xe9u\x0d\xa0\
n\xb2\xcf\xe2\xa1\x00\x80\x09\xc0\x01@\xd3K\x98\x0c\xc0\
\x04W\x03$}\x85\xb3\x02\x14\xc2\x9dm\xe5S7\xd9\
)\xc8\x91b\xac\xa6%\xa1em\xdf\xf5\xa5\xf2\x0d\x18\
\x13\x8em1\x92\xea\xafW0|\xf2\x81\x92\xc2\x94\x9d\
\xc0\x91\xa9\xcej\x80\xf6\x0a\x0c\x8ft\xdb\xcb/=\x87\
{\xf0)\xdb\xb3{\x97\x9f\x22\x14\x81\xc0\x86 \xc3\xf8\
.I\x00\xc1\xb5\x05A\x03C\xe0\xdd\x0b\x1f\xd9G\xff\
\xfeOf,\x03\x1e\xca\xc6\x01\x00fat\x0f\x15.\
\x91T\x02\xb5\xea\x17\x04\xf6{\x91S\x84\xe3Im\x88\
>\xf3\x1e\xe4\x06\x1a\x00\xe3IW\x17\x00\x04\xb4\x08\xb3\
\xbf$\x005-&\x09\x00\xc6\xbcK,\xfc\xc99\x82\
<\xe2\xde\xd8C\xa7I\x93\x0d\x00@\x1e<\xac\xc7u\
\x8c\xb7V\x0e\xdc\xf3\x8f\xef\x02\x80\x94:\x8c\xe4\x81;\
}`\x05\x00\x81Y\x9cp\xf8M\xed\x00\x9b]\x02\xb8\
\xa4\xa3\xa3\xbe\xf37v\xec\xdc\x8b6\x0e\x00\x0c\xb2\x99\
\xa4\xa3\x8f\x03%\xf0\xb6\x88\x0b(\xa6&\xec\xd2\xeb\xbf\
\xb2\xc9\xdf\xff\xd6Ffo\xdb.\xa4\x0a\x07\x00\xda\xb1\
\xe9\xd4&`D\x04%G\xa0\x0a\xc5\xfc\xff\xed\x9d\x87\
c\x1c\xc7\x91\xaf\x1bq\x91\x13\x09f\x8aA\xa4\x02\x15\
,\x9d-\xc9~\x17\xde?|\xf7.;([\xa6,\
Y\x92O\xb2\x12EJ\xcc\x11\x04\x89\x1c\x16\xbb\xd8\xc5\
\xfb\xbe\xea\x1d`\x01\x02$H\x81\xbe\xb3\x8fM\x0e&\
\xecL\xc7\xaa_WWWWO\xcc\x09\x00e\x00\x0c\
\xc6G\x02\xe8\xe6\xec\xa8}#\x00H,\x96\xd1yb\
\xc1\xd6\xf9\xff\xdc\xbb\x03\x8c!\xb9\x94\x03\xec\xcf\xe0\x19\
\xf8\xb3\x0e\xbc\x02\xa9\x04\xc41h\x1dk\xc0\x8d\xc1\xd2\
m6\x04\xb0%\xfdG\xadsI\xed{D{fS\
`\xebZS\xe0:k\xd8\xe7f\xb1\xc0\x9b\x1d\x8b6\
\xc7\x12\x81\x18\xb7W\x01\x91\x02e4D\xfc\x91\x8ew\
\x0df\xa0\x9c\x0e\x01j(\x01\xfb{k\xac\x8f?\x98\
^\xfd)\x86@'\x0f\xc7\x10`dp7V\x9d*\
\x01y\xcfY\x1b\xf5\x05|;1\xb9\x94>\xfa\xf8\x87\
\xf4\xee\xfbg\xd2\x95kX\x03v\xe2.\x0c\xd3o\xf3\
\xbf\xe2va\x96,\x98\xd2\xd2K\xdbY\x7f\xe4\x9di\
\x87\xdc[\xe8\x00x\xcfvR!^t\x8aq\xeb#\
\x9fP\xff\xd2\xa9\x86Ae\xb6I[p\x8d\x00\xb64\
\xe6\xc9=\x01W\xedc\x22=\xb2\xc8W\x11\x9f\x91\xac\
\x06\xae\x83\x9e}F\xde\xa49h\xba\x9d^PoD\
:A\xd5\x17AOO\x1b3\x01Gc[\xf1\x93'\
\x8fC\xc3\xda\xb3\xf4\xc4\x8c\x80\xd1\x87u\xe0\xbaxs\
\x02\x01\x00QT\xfe\xc8|\xcb\x8c\x95n|\xf7u\xfa\
\xd3?\xffcj?\xf3uz\xa9$\x00\xe8\xec\x90\x0a\
\x8c\x9eF\xb4\xcb\xe3\x91\xec\x90\xf1>\x00`\x1a\x8d\xc2\
y)1\xa9lY\x1d\xffC\xdc1\xae\xe1\x9d07\
fL]A$_\xa1\x82\xaa\x00\xc0]v\xc3\xb9>\
\xe92\xc8R\x1aD*`Uw(#]\xe3\xce\x87\
\xc1\xf8\x8e\xfbs\xa5\xc9\x0c\xc4\x13\x8ddj>\xf7\xf0\
/\xc1\xf7\x1c\x02\x90F\xe1\x9eI\x11n\x9at\xbed\
\xce\xbf\xf6\xfa/\xd2K\xaf\xff<\x1d\xdb\xc7<\xf2\xd0\
\xee\xd4\x0f\x08\xb4\xe2m\x85\x82\xa7\xf2\xe4x\xfa\xfew\
\xef\xa4k\x80\xc0\x9e\x89\x1b\xe90\xc4\xd8N\x1e\x04\x9d\
\x22\xed\x9c\xc8\xfd\xffF^\xf8f;\xc1x=\xea\x00\
P\x19[\x85)\x0c\xb0\xa6\xe7\x16\x1d\xe7`\x0b\x01\x00\
\xd0\x06\x9b\xcd\x02\xb4:\xb7\xcd\xbf*\xab\xc7\x8c\xa1\x13\
O8-(\x01\x05\xbc\x96\x0eL_\xf1\x9eS\xa5\x1e\
\xae\xae\x0c\xa7\xd3io\xba~\xe8\xf5T\xef=\x0e\xb9\
R\xd6\x0d!\xeaO\x82kT\xe1\xda\xcf\x16\xc2\x83\xb6\
\x82\xb8e\xd0\xcc\x98\x1av\xb9\xf7\x9ew\xda\x8dL\xa5\
\x85\xb9\x1bi\x86]\x82]\x1f\xd0\x01p\xe5\xef8=\
 X\x86\xb5Y\x00(\x934\xaco\xa1%\x96\x05[\
N\x94m-\x88\xc0]\xa5\xa5t\xe2\xe9\xd1\xf4\x1a\xb6\
\xf1'\x9e9\x0a\x00\x8c2'\x8e\x0e\xa0\x9b\x95\x1f\xa8\
\xde\x11\xe2B\xbaE\xe2\xc62\xb5\x9e\xce\x9f\xbf\x95\xde\
{\xef\xd3\xf4\xf9\x17\xe7\xb0\x06E\x8e\xea\x19E\x9aC\
\x02b\x91\x14h@\x93\x03\xa2\xd0:\x86\xe2\xd0\xa5\xf2\
\xb1\x03M#q\xaaT\xfd\x83\x15\x92\xe9~]\xfb7\
\xda\xb6q\xca\x89\xf2f\xc8\xb5(+5\x0f^`C\
Qu\x12\x0a&\xb9\x85\x89\x01\xfa\x8f\xf6&\xdd\x00\xa2\
\xa8[\xd3(*~5\xc6\xf8\x85\x1f\x82\xad\xa2\x13\x04\
\x8c\x5c\xd0\xe4>\x07\x87\x8f\xf4\xb1>\xe0$FQ/\
\x86=D?S\x82]*\xb2\xd1\x83\x84M\x8ee(\
bhD\x1f\x00`:\xb6\xb38\xbe\xc4b\x86\x1b\xe7\
\xbeM_\xfe\xcb\xffK\xed_\xfd)\xbd\x04\x95\xf5\x03\
\x00&P\xa3eU\x9eE%\x84(\x9d\x11\xce\x0c=\
(4\xd2\x8bF\x84wsV\x1e\x00\x00\x133\xf3\xe9\
\xca\x14\xdb.a\xba9\x0cJ\x0b\x00Y\x19i\x04\x8a\
\xb7\x82\x00\x95G\x05\xe6\xe9?\x89f\xad\x15L\xd3\xb0\
\x9a6\x85\xd4\xca0\x80\x88\xa7V\xbc\x00\xf0\x05\x0e$\
\xaa\xaf\xbd\x91^~\xe3\xff\xa4\xe3\xfb\x0f\xa6Q\x00`\
`d4\xb52\x04\x10|\xcb\xcc\xe3\x9e\xff\xfd{\xe9\
\xea;\xbfL\xbb\xc6\xaf\x01\x00\xb8\x96\xb0\xe2\xa3\xe1r\
\x1a\x0f\xfe\xdb\x80\xa2\xb5\xb6\xbc\xef'\x12\x84\x8d\xe54\
\xe0*\x000\x04`\x9cs_\x00hk\xf4b\xe5v\
\xa5\x05\xd6?\xd4\xdcH\x84\x1d\x0di\xb7Z\x07\xd3\x80\
\x00\x00\x18\x9bn\xa4\xa1\xf4Am4]{\xea\xb5T\
\xeb=\x019\xf7\xde\x93\x9f\xa8\xb7\xfb\x01\x00L\xb2\xda\
;7\x18\xa4m\x1d\x00L3\x05x\x93\x99\x80\x9b\x10\
\x17\xb37\x0f\x0d\x00\xd2\x1a\xed'\xc0\xac\x02\x80L\xca\
\x01\x1ad\x00\xc0\x15w\xc7\x22S`\xbb\x11\x7f_H\
'\x9f=\xce\x16Z\xbbc\x1c\x9c\x01\x00\xa0\x90\xb1\xa0\
\x8b\x9a\x16`|711\x97\xfe\xf0\x07\xcc\x83?\xf8\
8]\x1a\x9bO\xb5\xee}Q\xfe\x16\xa7KCaJ\
\xdc\xa6\x17\x16w\x00\x00\xd7\xd9_\x02\xca;\xca'E\
\xd9\xc3\x17\xf4\x15\x99l\xfcin\xde\xe2w\xc1P\x93\
eW\x09\xce\xcfN\xc7\xe2\xb7vx\x89~.Z9\
>\x0dZB\x92h\x80\x80i\x14 \xd3\x1c\x7fq\xcd\
\xebA\xbf\xbeV\xa73ZA\x0a\x18\x18\xaa2\x14:\
\x00\x08\xbc\x82\xaf\x80\x13\xf8Ht+1\x1d\x87f\x00\
P6\xcc)\xf2q#s\xab\x00\xe0\x03\x19J\x00\x18\
;\x7f6}\x85+\xec\xf49\x86/ \xe0\x10n\x97\
\x02\x00\x10;$$W\x96i\x9f\xaf(B\x8d\x15y\
\xba\xef\xd9\xb7<\xe23.\x22+\x05\x00X\x0dV\x00\
\xbd\xad\xbd\x93\x12\x80\xd3\x81\x8e{\xafL\xb29B\x00\
\x80\x12\x00:\x8a\x98\x8d\xe0\x1d\x00@\xc0\xfa\xb1\x000\
C:\x9f3\xb7^\xf9\xe9\x1b\xe9'\xbf\xf8\xdbt\xfc\
 v\xd5#\x19\x00ZP\xa4\xd8\xe1T\x99\xc6\xb9\xf4\
\xf1\xe9t\xe9\xed\x7fO\x03\xb7.\xa5C4h\x97\x95\
\x1e%\xbao\xb1\xd7~,\xea\x9c\xf3v\xc2\xe3\x01\x00\
\xa6T\xf1c/O\xdf\xc01\xe8o\x97w\xa7\xab\x87\
\x7f\x96\xea}\x02\x80\xb5\xbb>D\x9b=\x12\x008\xe7\
\x80\xc4X\x9b\xc6\x12\xae\x00\x00\x15\xa7\x0f+\x01l\x01\
\x00\xac\x0f\x09\x00Pf\x856\x05\x80cGG\xf0\x95\
w\x8a=\xf4N\xe0;o4\x00\xa0G\x09\x00\xe2\x17\
\x00$|\x8dPA\x93X\x97r\xf6\xbb\xab\xe9\xedw\
>L\x9f}s)\x95\xdbF\xa01f}Z\xfa\xa0\
K\x87B\xd0\xa2&\xee+\x8b|\x9b\xa5\x8f\x0c\x00\x82\
\x8fe\x08J\xe6\xbc\xbd\xa0\x04\xe0^\x82\xe5\xf9)\x0c\
\x83X_\xa32\x90\x0eD\xfdd.\xa1\xf1\xd8\x91m\
\x06\x00\xa6uoX\x1d\xd7\xf3s\x06\x00\xa6\x06;f\
\xf0\x150\x88$\xf4\x0aS\x82/\xa5\xc3\x87\x99\x11\xc0\
.`\x15\x00\x88?\x860\xfc-Hw=\x00\xf0\xbc\
\x82\xb1\xc8\xf8\xa5\xf3\xe9\xdb_\xfe{\xaa|\xf2qz\
\x06\x82\xd9\x85(\xa4\xa2A\xa3\x1a\x1dH\xba\xb7\xfaN\
\x03@\x10\x1b\xbdsU\xf1\x1e\x91e\x19\xc2\x9b\xc4\x11\
\xc6e\xd0\xfa\xb1\x03\x00=\xd3\xd2+o\xa4W\xfe\xf6\
\xef\xd3\xb1XL2\x9a\xfaw)\x01 \x1e\xd2Bu\
\xad#?\xfb(]|\xeb\xdfS\xe9\xda\xb9t\x90\xb1\
go\x0ce\xc8\xb5\x0c\xb2\x9dP\xd49\xe7\xed\x84\xc7\
\x01\x00\xcbH\x05\x1d\xb1\x92\x11\xebF\x00\xe0\xfd\xea\xae\
t\xe5\x10\xd3\x80\xfd'w\x0c\x00Z\x99\x81Q]\xa5\
\xc9\xf1\x0a:\x80\xf2\xc2-\x8c\x81nq\xad:\xd2\x1e\
t{\x15@\x1f\x0c\x9dm\x0d\x00\x92\x89&8\x02@\
G\xfb<\xee\xb1\x86b'\xdd\xe7N\x9d\xc0m\xd6\x1e\
\x16\x04\xedb\x0c\x8c\x0e\xc0\xb9p\x01\x80\x0eF\x00X\
f\xd1K\x1d\xd0\xbfus\x22\xfd\xee\xf4'\xe9\xf4'\
\xdf\xa6\xf1\x05\xf2\x15\x00\xd0O\xaaH}\xc4\xecZ\x8f\
:6\x1fv\x8bJ\x00\xc18\xd0\xfdJH\x00\xb6 \
\x19\xd8f\xc8\x00\xe0\x94 \xebg\xf0\x17X\x9e\x9f\x8d\
\x99\x81\xbc\x98M\xd674\x03@QG\xa6\xb19}\
m\x06\x00\xad\xad\xb3\xac\x12,\xb1\x95\xd8s\xe9\xa7,\
o?q\xe2H\x1a\x19\xc2\x22\xb2\xc4Z\x1a:\xd5<\
\xb4Q\xafB\xfc\x8dh7\x01\x00\x16\xc8\x5c\xbd\x98\xbe\
\xfb\xcd\x7f\xa6\x85\xdf\x9fN\xc7\xd9\xe3m/s\x8en\
\xa6XU\xec\x06\x00\xdc_=\x8b\xdadpG$\x00\
Q\x8c|\xc5\xd8\x1f\xd2\xa7\xd1\x94F\x04\x80Kw\xf5\
\xe6\xe2\x10\xe01J\x00\x10m\xe5\xa5\xd7\xd3\xcb\x7f\xf7\
\x0f\xe9\xd8\xb1\xa3i\x04k\xc0>\x08\xa8\x95\xf1\x13B\
IjAqs\xf3\x8bO\xd3\x0fo\xb1A\xc8\xc5o\
\xd3~\xd4\x87\xfd\x10\x80\x22\xf6_\x12\x00\xa8\x17\xe8D\
\xac\x95\x10\xae\x03\x00\xefUG\xd2\xe5\xfd\xcc\x02\x0c<\
C\x87\xba3\x12@3\x00$<\xd9\x96\x17\xc7\xf0\x0a\
t+\x16\x88i\xa1\xb9\x13\x00\x90\xd7\x02\xc8\x92\x19\x00\
\xdaZ\xe7\xd0|\xe3+\x0f\x09\xe0\xd4\x8b8\xcb\xdc\xb7\
\x97\xa9\xc0]\xac\x91gu\x9c\x00\xc00J\x96\xb2\xb9\
\xd4\x03\xd4\x00\x81\xd9\xb9\x85\xf4\xe5\x97\xdf\xa5\x0f>\xfe\
2\x9d\xb9\x84'_\xbc$\xb1\xab\x00/\xa9\x0ba\x1a\
\x19\xba\xce:\x00>\x00\x0c\x04\xa4\x18z\x00\x00\x19\xc3\
\xb6\x0f\x00@\x0fc~(\x9a\xe9\xc0%\x96\xbc/b\
m[-\xe7\x1d\x85;\xd4Q\x10\xb7\xc3X\x193,\
V\xe2\x9a\xdb\x00\x99\x06\xa7z\xdb\x14\xee\x05\x00\xb7;\
[H,fe\xf7\xa0C\x00\xc0\xcb\xe9\x14`\xb8w\
\x8f\xeb\x22\xba\xb2\xc3\x9b\xd0\x05\x08\x00\x00b#\xdau\
\x00\xa0*g\x09m\xe9\xc4\x8d\xcb\xe9\xec\x9b\xbfJ\xb3\
\xa7\x7f\x9b\x8e,\xce\xa4\xfd\xcc7\x0a\x00J\x00X\x0a\
\xd0\xfbS\xa9\xd4B6\x05\xdd<\x83My\x8dK\xdf\
\xf2\xd8|\x08@\xa3\xd0:.\xcc\xa8zf\xbc\xef\xfd\
\x04\x8dt\xe9\xce\xe3\x05\x80Y\x90\xe7\x8b*\xb3\x0e/\
`O\xfd\x0f\xff\x90\x8e\x9c8\x9e\x86\xb1\x06\xcc\x00\xc0\
\xd2J\xf2\xdc\xc6\xfc\xf1\xed\xaf\xfe+}\xff\xe6\xbf\xa4\
\xda\xf9\xafP\x9d-\xe1lZc$J\xe4\xb1\x9d \
\xfd\xf8\x9e\xed\xbc\x8d\xf08$\x80\x0a>\xe5J\x8c\x15\
e\x88\xeb(\x01\xdf\xab\x0e\xa7K\x00@\xcbc\x02\x80\
\x96:\x8e1\x02\x00n\xb2.\x80N\xe41\x01@k\
\xcb,\xab\xe1\xfa\x01\x80\xe7\xf1\x0c\xf4L\xda\xb7\x1f\x00\
@\x11\xd8\x1b\x00\x80RO\xbd\x0f\xed\x9c\xf9\x0a&\x83\
w+,i?\x7f\xe1Z\xfa\xdd\xc7\x7fJ\xa7?;\
\x87\xe3\x99^t\x04\xbd\x00\x01\x00\xc0\xe6)\xb1\x22\x95\
v\xd6\x0bOK\x00\x80L\x93\xa5_\x01\xe0a\x86\x7f\
\xb2u\xecZ\x84$Q\xc3s\xb0\x96\x81\xe59t\x01\
\x18\xdeu\xa2\x0dt\xbd\x89\xc16\x8fv'\xa3\x99\xaa\
\xfc\xbb9}\xdd\x03\x00(\x16W\x98\xdf\xd1C\xd2\x81\
\x83\xbbq\x1a\xfa\x22\xeb#\x9ec\x18\x80Q\xd4P\x1f\
\xe6\xc1l)\x87UdX!J\xd5\x8d\xa8\xd7\x00\x80\
JQ\xa3\x0e\x9b\xa7\xe9\xb1k\xe9\xfb\xf7\xdeJw\xdf\
}+\x1d\xc0\x13\xee!\x1ca\xb6\xf9\x0b\x00\xa09\xd0\
\xce\x03\x00\x09[\xe8\xd0\x01\x90\x11P[0\x9aB\xe9\
%\x00h\xaf=\x08z\xf5\xd3su\xc3pm<\xf1\
_\xb1A\xe7v\x95\x80V\xb2\xb8m\xe3Y\x81\xd6\xc1\
<\x0f\xbe\xaa0\xd5w\xf2'\xe9\x05\x00\xe0\xe8s'\
\xd3\x00\x22d\xdf\xee\xdd\xd8\x8b\xa3@\xe1\x9d6V\xcf\
M~\xf5y:\xfb\xcb\x7fL\xd5\x0b\xf8\xd2a=v\
?D\xa1]\xc2\xe3\x04\x00\xa5\x22\xc8\x8f\xd1t\x0bu\
\xc1\xf6`\xec\x10\xe4\xd0+\xa6\x01\x91\xc4t\x0b\xb6q\
\x1a\xf0~J\xc0\x0a\xfe\xf3J1\x9c{|\x00\xa0\x12\
P\xd5\x90\x0buZVf\xe9\xf1\xc6b\x08\xb0\xcc\xf4\
\xb2\x12@\xde\xc4\x22\x8b\xf6A\x85\x94q3f\xba\xdf\
\x10`U\x02\x08\xc6\xc4O\x1e\x000:ZB\x09x\
*\xbd\xfc\xca\xf3x\xc8\x19\x0d\x00\xe8\xc3\x9c[C\x98\
<\x05\x16\xa9Es\xc9oU,M\xef\xdc\x99N\xdf\
\xfdp5\xfd\xc7\x9b\x1f\xe1F\x9c\xdd}[\x87Y\x1b\
\x84]\x00\xfb\xc2u`\x05\xba\x1c\x9e\x9fl\x01$\x80\
\x98v\x84q\xd4?\xf0\xbdS\xcc\xdb\x0d\xa10\x04H\
t\x11\xaea\xd0R\x0c\x03\xd0\x05 \x05H\xcb\xceR\
\x10%\x95\xe6\x85\xc3\x0f\xae\xe3\x81\x0f\xb7J'd\x92\
\xc6\xaf\xbe\x03MS\xe7\xae\x11\xe8\xedm\x8f\x9d\x84\x7f\
\xce\x8e\xc2\xa7\x9e?\xce\x8c\x08\x00\xc0\x9a\x9e\x12u\xd1\
\x86!\x19\x14\x9d\x19\x81\xab{\x01\x00\x94\x9a\x19\xbf\x9e\
\xce\xff\xf6\x9dt\xfb\xed\xdf\xa4\xbd\x93c\xe9p\xc91\
\x1df\x9715\xd2p\xd2\x01\xf1yO\x0cD\xf3\xe0\
\x90\xb3h\xc5\xe5O$\x01\x87\x11\xc54`\x14\x1c\xa6\
t\xfaO\xed\x08\x7f3\x00\xdc\xc5\x17\x01\xc8;@\xaf\
\xd5O\x05\xe1\xdc\x0aBzD\x00 \xfeP\x98\x98\xb6\
\x00@M/\x90\x87o\xaa,\x0c:\xf6bz\xf6\xef\
\xfe6\x1d\xa1\x07\x19\xa0\x07\xe9cE`\x0f\xd3\x80\x9d\
2\x19\x0b\x92\xa6\xdd&\xfc7\xff\x94\x96\x00\x80=\xd4\
\x85\x02\xa3\xa6\xc5\x8f\x13\x00$\x04d/\xf4.\x1a\x02\
-\xa4)$\xa2V\x8c\x9cJ\x18\x031\xba\xd5\xbc\xe7\
\xa1\x00\xa0\xda\x90\x00d\x88\xc75\x04\xc8\x00 1\x02\
[H\x00\x95r\x01\x00H\x1e\xea\x07h\xc7bAL\
ac\xf0\xc8\x00\x10\x8c\x09\x000\xf6\xdd5\xd2\x1e\x00\
\xf0\xca\xab\xa7B\x09\xa89p?\x0b\x824#\x8f\xde\
\x926\x0f\x1a\x14\x9c >\xe9`\x81\xa9\xd5\xeb7\xef\
\xa6_\xbf\xf3I\xfa\xfcO\x97\xf0o\xc1\xea\xcf\x8eQ\
\x0c\x83\xa0qV\x12.c=H\xb7H-3\x89\x0a\
\xe1f\x10@\x0f@{H\xc7\xdb\x0f\x94\x10\xbe\x92\xeb\
\xdcB\xbc\x8e\x14\xb0\x84\xc9\xbd\x92@\x0b=w\xcc\x06\
\xc8\x17 \x93m\xa3',\x12\xdb~\xf4\xbc\x19\xd9\x01\
\x105zr\x9d\xc0\x81\x03\xc3\xe9g\xaf\x9fJ\x7f\xf3\
\xaaK\xa4Qj\x0f\xb2HH\xd3v\xacj\x9d^\x95\
\xb6\xfcf\x1d\x00hN[\x01\xa9\xe6&\xc6\xd2\xa5\xd3\
\xef\xa5\x9b\xbfq\xda\xeb&\xd6\x80ju3\x00\xd8\xff\
\x86\x97\x1e2\xf9\xd7\x00\x00\x8b\x94\xe3,\xcbBg\x0e\
?\x9b\x8e\xff\xe2\x8dt\x04\xb1i\xf0\xd0\xfe\xd4\x8b\x12\
\xb0\xaf\x07g\x8bL\xab\xad\xe0\x5c\xf2\xf6\xa7\xbfO\x97\
\xde\xff\xcf\x94n~\x9f\xf6\xb2\x0bM\xcc\x9ac\xad\x18\
T\xb5\x9d\xa6\xa2n\xa3I\xa3\xa5\x1e\xfc\x81\xa2\xa0G\
\xd8\x010\x85\xa6MD\x18\x02\x85.]\x00\xd0\x12\xf0\
a\x01\x80\xc5D\xe8\x00lz\x95\x80\xef-\xa3\x04<\
\x80\x12p`\xe7\x94\x80\x05\x00\xb4\x0a\x00H\x00\x95\xf2\
x\x9a\x9d\xbd\x89\xfb7\x01 \x8f\xc7w\x02\x00d\xc6\
l\x92\xcbX:\xcdb\xf8\xd2\x0a\x00<\xcfz\x80S\
\x0d\x09`/\x000\xc4\x92`j\x09\xb0\xe7\x7f\x10\xbd\
\x98\x1d\x1d-\x9d\xd72\xf6\x15\x93X\x9a~\xfc\xc9\x99\
\xf4\xfeo\xbf@\x0a`\xc6\x09\x00Xic(\x00\xc8\
\xd6\xb43h\x02\x80\xd8\x0f\x00)F\xe6\x7f8\x00\xf0\
}\x95\x8f.\x12r\x10\x8d\x0b=<\x06\xcd\xb1\xa3p\
\xb1\x8b\x90\xf9\xd3F\x85\xbf\x19\xa8\xbc|\x88@\x09\x03\
3\xc2G&m\xdc?\xa0\xfbp6\x11\xf9\xf9K\xcc\
\x8c\x1ce\x91Pv\x1f\xde\xe9\x12i\xca\x16(&\x08\
\x80\xc2\x19\x80\xa1e\xad\xea*dpaz<]\xfd\
\xe8w\xe9*3\x01\x83\xb7\xae\xa4\xa3X\x191J\xa6\
\x10\xce7r\xdd\xd0\x01\xfcu\x00@J\xe7\x99+\x9f\
:p,\x1d|\xed\xd5t\xf4\xd5\x17\xd2 KJ\xfb\
\x00\x80\x81\x9e\xc1\xd4\x83H[\xb9x\x85\xde\xff?\xd2\
\xd8\xa7\xef\xa7\x91\xcaD\xda\x0d\x00\xe8c0\xb7\xd46\
[\x89\x06}X\x00\x90Q\xb5\x03\xd0\x1f\xc0\x1d\x00`\
~\x91y|W\x02\xda\xfb+\x09\x90\xf4\xc3\x0c\x01j\
\x1dy\x1a0\x00\x80\xed\xc1\xde\x7fL\xd3\x80-\xcc\xb7\
;\xf7\xdd\x9a\xe6\xd0|\x8fc\x0dx\x0bG\x99\x18&\
\xe1|S\xfd\xc3N\x01@\x96\x131b\xaf\xcf$v\
\xc9\xc2?\xdesX\x03\xb2\xa4\x9b!\xdc\x9e\xd1},\
\x8a\xc1\xb1\x0b\x00 c\x15\xfcd\xb39F\xd1\x88M\
\x07\xb8\x8b\xe5e<\x05\xdd\xc4W\xc0g\xe9\xb3\xcf/\
cu9\x94:\xbaw\xa1\x8b\xd2\x82\xd2^[\x10`\
\xe0\xab\xe4\xe00\x80z\xd7\xfe#\xcc-\xb6\xd9\xf4\xbe\
\xe6\xc2\xb1:S\xec\xe6\xb9\xc4J\xb6Z\x19\x97z\x18\
\x98Up\xc0\x13\x12\x06\x00\xb1\x0a\x00\xe6\x11)%\xe8\
e\x9bi\x04\x00h\x02\xcfGufF\xda\xda\x17\xd3\
SG\x86q\x16\xa2\xc7 \x86E\xfbP\x06b\x19\xd8\
\x8d\xcdK\x1b\x86d\x85\xbd\xcc=\x00\xb0\x84\xb6r\x09\
\x8b\xa5\x1b\x9f2.\xc2\x16\xa0\xe7\xea\xf9t\x8c1E\
\x01\x00\x8e\x1f\xda\xb1\x98R\x09\xf8\xd7\x02\x00\x970\xfe\
\xb8\xbb\xe7P\xda\xf3\xea\x8b\xe9\xe8O_L#\xac\xab\
\x16\x00\x06\xbb\x99B\xc1\xc3\xf0\xed?~\x91\xbec\x7f\
\xc0\xda\xa5o\xd2\xc1\x8e2\x1b\x84:\xa7\x9d[)\x08\
j;\x8d\xf4\x08\x00`\x0a\x9a\x02\xcf\xe0\x8bQ\x09`\
\x91qkw\x07\x9b@\xe0\xe5g\xab\xe5\xc0\xf7\xd3\x01\
h\x08\xd4\x8e!\x90\x98\x7f\x03%\xe0o5\x04:\x8c\
!P\xdf\xd3\x90\xe5\xce\xcc\x02\x84\x04 \x000\x0d\xa8\
\xc7\x85j\xe5N\x00\xc0\x12\xcbq[p\xcf\xb5\x13\x00\
\xe08\x1c\xd9\x87\xf8\x95\xc0\xb0k\xa8O\xa5\xfe\xbe:\
J\xc0g\xd3\xdf`\x0c\xb4\x9fY\x80={\xdcA\x17\
\xd7`\xf6xh\xda\x0b\x00\xf0\x22v\x16\x82\xb1\xd5\xf3\
/\xb3\x1cx\x0cc\xa0\x0f?\xfa6\xbd\xf5\xde\x97\xe9\
\xf6$:\x96\xbe\xbd\xfc\x8acX\xfe\xc5\x14 \xa2\xf5\
\x8f\x01\x80,\xc9\xc1/\xc6C\x07\xdb\xc1\xb1\x82y}\
\xa51\x0cXa}@l\x07\xee\xb8\x98re\x90\x22\
\x9f\xab\x99\xde\x0e\x81\x09N(<E\x0e\x8c\x8ej\x80\
\xe2\xf0\xae6f\x03N\xa67\x90\x02\x8e<\xb5\x8fU\
\x93\xfd,\x15\x1e\xc0\xeb5uB\xed\x19\xfd=\x00P\
\x01\x00*\x18,\x8c\xfd\xd7'\xe9\xfc\xbf\xe2\x08\xf3\xd2\
\xb9t\x1c\x9f\x00:\x96\x0a\xad?\x12\xc0\x8f\x19\x02\x14\
\xa8f6C\x07\xc09J\x8a\x5c\xa62O\x1d\x80\xfe\
\x00\xf8\x9b&U\x022\x0d\xb8\xa6\x03h\xdb\xa0\x03p\
\x84\xe6\xe7\x8a\xc2\x0cS8\x0adk\xae<\xd3\x8ct\
EnP\xdf\xeb\xac\x04\x5cIX\x86\xa6\xabl\xc2p\
{\x84\x05$/\x9fJG_{%\xed:y,\xf5\
c\x0c4XB\x14\xbcu7}\xf7\xe6\xdb\xe9\xd6\x87\
\x1f\xa4\xd1\xa5\xa94\x8a\x22\xad\x8f:\xea\xa0'S]\
\xb1\xed \xe1\xf1r\xa4\xdd\xf4\x91\x8d\x10ykzV\
\xdc[\xb6\x05V\x1cM\xc3<ZE\xea\x91\xd9m\xaf\
\xbaP\xe4\xe8\x10D\xefHJ\x00\x02q\xf6}\x00\xe3\
i\x22\xcbwKl a\x1d\x97\x00kM\x81\x99\xcc\
\xc2\x86\x85\x85(lbYC~\xbd\x9eF\xc2\x12\xf0\
FX\x02j\x0a\xfc0\x96\x80Df*\xf4Z\xd9\x12\
\xd0\x8a 5h#\xb6\xb4B\xce\xd6\x10\xa8\x8di\xa9\
\xe5J\xde\x1cd\x09o\xd0f\xe2a\x00\xc08\x1d\x0a\
\xaf\x841\x0e\xed\x16u\x98\x15q\x0eJ]r\xab\x1d\
@\xbd6\xc5TW\x0db\x7f\x16)\x00\x00@\x87#\
\x00\x0c\x0e\x8e \x01`\x0c\x14\xa2\xb5m\x9e\xb3\xcdG\
\x5c\x08\x000\x22\xf587\x87\x8f\xc4o\xae\xa5\x7f\xfd\
\x8f\x8f\xd2w\xe7'S{\xcf\x1e\x14\xd2\xb8\x13\x8b\xf7\
\x1d\xb7{\x90\x1b\xeb\x16)\xc0\xaf\x1fF\x02\xc8\x00 \
}[/\xe8\x14\xb0\xb5i\xc1\xe4\xbe\x05\x8f\xc1\xb3\x0c\
\x03\x96+N\xcd\x92\x86\xe9E\xebY\xafy\x08\x18\xb7\
>\xde4\xc4\x07\xf9\x17i\x9fe\xf0\xb4\x00\xf78\xda\
e)vg\xd7\x12\xe2\xff\x01\x96\x09\xbf\xc2Z\x89\xa7\
\xb1\x8d\x18b\xdd\xc4\x00S\x82=\xa4\xc5\x9b\xa4\xb1\x06\
\x00\x140\xb4\xead\xa4\xc6&\x98\xb7\xbe\xfc,}\xf7\
o\xff\x94V\xbe\xff:\x9d\x04\x00z\x19\x0f\x19\xb5\x16\
QZ\x02\x86\xd2\x8eJ\xcc\xba\xf4Msw\xcfC\x92\
X%\xf6\xdc\x16\xfc\xf5!!\xac\xb5\xa8\x81\xfc\x0e\x8b\
\x82\xe0\xae9D\xdf\x8bX\x02\x22\xa5\xa1\x04lOC\
x\xf5-I\x5c4\xc8\xda,@\x8eB\xb2w\x95\xa0\
X\x9f\xc7\xcf9\xde\xe2o#\x99F\xfc\xb9\x9a\xfdM\
\xbd\xe9M\xe2\x1e\x1bd\x05\xe0s\xa7\xd2\xfe\x9f\xbd\x96\
\xf6\xe2\x18dhtW\x1a\xc0rd\xee\xccW\xe9\x07\
\x86B\xcb\xe7\xce\xa4\x03\xd0^/\xcf\xf4<\xec\xfcm\
\xecGP\x14\xa0H\xe8>\xe7<\xd6\xcai[\x97\x12\
w\xfe\xdc\x06\xe7\x1eP\xf1\x1cn\xd7I\xa3\x0a(N\
\xb0\x17\xc0]|\x01\xe8\x8cU\x8f\xc6\xfd]Xv\xd1\
\x06\xedP\xa1\xe55N\xc7\x97\xce\xe0\xa0^\xa2\x1e\x15\
\xbf\xa9\x01\x09\x02\x86\x94\x89\xaa4t\x0d\xd0r\xfdx\
;u\xea>\x00\xe7\x11\xff?i?\x94n\x1e|\x05\
S\xd8C|\xe1j@\x22i\x0aE\x9d\xf1\xe3\x86`\
\x0d\xe7\xb4%j\xf3l:\x99a\xed\x83\xc8\x03\xf4\x82\
_'\xe6\xff\x19\xeb\xce\xdca\xee\x9b\xed\xcd\xa9\xbb \
:\x14]\xc5\xf7~\xb9y\xf0\x0d\xe2$m\xa7\xd02\
\x08\xf0\xc82!\xeaZ\xb6`l$\x80e\xd6\x1c\xf4\
\xb0 \xe8oX\x0d(\x00\x1c\xc6/\xe0\x9e=\xea\x00\
\x06R\x17\xf5\x15\x1bgF<|\x1fy\xb5@\xc1\xc6\
\xc4\x87e R\xc0\x156\x13}\xf3\x9dO\xd3\xe9\xdf\
\x9fM\xf3K,<\xeb\x1d\x85U\x19\x06D\xe1\xacO\
>\xe1c\xcf~\xa9\xf4\xb0\xdd 3\xbb\xd1\x8c\x1f\x0b\
\xd8*\xfeZ\x1d\x0ePG\xf338\x0e\xc50HJ\
t}\xc0\x0a\xcf\xc3\xee\x80Y\xafl\x16l\x86#\xd3\
k\xc9\x91\x07M\x9b\xed\xc4\x8a\xdf\xa2\xd6\xf1\x9f\xc9D\
\x1d\xe5\xa5C`\xed\x81;\x0a\xef\xdb?\x80\xaf\x80\x97\
0\x92r/\xc1}HJ\xd9g\xa0\xcaQ\x97$g\
\x000\xeaF\xc1\xc8]\x00\xc0M\x9d\x82\xe8\x16\x0cG\
\x98\xcf\xb2$x\x08\xf1\xc5\x1e\xc7\xf5\xe6\xcb\xee\x16\x14\
\xe8\x91\xc7Gk9\xbb\xff\x15\x9f\xaf\x0bk\xc5\xca\x85\
\xb1@\x8e\x0f]&\xb9\x8c\x82\xcd\xde\xef\x02J\x9a\xb9\
\xa5:\x00\xd0\x91\x86a\x80\x12\xbd\xa0\xf3\xb2\xc6\xa5\xad\
\x96\xa0\xe5\xb5\xe4\xb7\x1e\x00\xd6b7\xd1\x8di\xfb\xcc\
\xa0\xe2\xf36\xe7\xdbL\x19\xb5\x9cx1\xed~\xed\xef\
\xd2\xbe\x97\x7f\x1a\x9bK\x94X\xc4r\xf7\x0f\xef\xa4\xf1\
\xf7\x7f\x95zo\x8f\xa5=,Jjs\xc1\x08\xa4\xed\
j,W\x98m\x1f\x00\xcdgf\x9c\xe8Mh@\x19\
\xa5\x08^9\x0d\xda\xe8\x97\xa0s\xac\xc7\xa9\x8b\xb1X\
\x04\xc48\x11\x85\xd5\x00\xbdY/\xde\x91\x0a\xbf\x06\x96\
P2\x94\xf9\xf3\x94()\xc0\xe8\xf6Q\xae\x01\xb0G\
\xa8\x12\xe7<\xd2@\x1d#\xa0.A\x00\xc5\xf6R\xbd\
7\x9d\xa9\xedc\x0d\xc4\xd14\xbe\xff\x85T+\xd1\xe3\
\xa9Q\x08b/r\xb4\xf5\x199\xaa\x91r\x03li\
7a\xc7 M\x82\x8d\x99\xc8\xa9\x9f:\xbb\xe3\xcc\xb1\
\x96bq\x0e\x0f\xd2\xf4xd\xa71\xd6\xe5e\x0b\xcd\
\xfd\xe6\xc1\x1fr\x9c\xe1|\xd6\xceF\xee\x83\xfeb*\
\x0e\x00h\x170QxU\xabSLs\xd5\xd3\xab\xf8\
\x03x\x0d\xf7X:\xc5\xd8\xb3\x97\xa9\xdc>w\xcci\
\x00\x00\xb1e\x86iN\x8d\xfa\xa23\xa9b\x1d4\xb7\
\xb0\x9c\xbe\xfa\xfaRz\xeb\xad\xcf\xd0\x09\x8c\x914\xcb\
\xc1KC\x94\xb4\x03\xc0\xa4|f\xc7\xf49kS\x90\
k\xbe9\xae\xad\xaf\xe3m\x0a\xee9J\x05}\xdbF\
*1\x97\xdc\x0cg\xf6nx\x11\xeep\x9c\x81\x9d\x86\
\x00\x00w\x92&Sv\x80e\xfe\xaa\x88_^\x11@\
\x89\x8f\x08C\x85\xc7\xd9x\xed\xfd\xf5b-\x15\xd5\x99\
\xc1(\x97\xa7\xb1\x02\xac\xb3>\xe0D\xfa;\x5c\x86\xbd\
\x88\x91\xd4(\xee\xc3\xbb\xf0\xf3\xd9\x85\x9f\x0fw\xc0Z\
\x03\x00\x220\x83\xfe\xad\xa1\xa1\xd4/\xe07\xbf\xfa\xe7\
\xb4\xc8\xf9\x19V\x04\x8ePQ\xe8\xbe\x10\xc7\xe9Q\xe8\
1\x0b\x00\xc8\x02Q|\xf8#\xfeX(\x0aa\xc1$\
&JV\x03\x00\xcaT\xf4y\x00`\x16\x11\xa0\x9f\xca\
\x18\x82\x01Kh\xc4\x15\xc9l\x90\xcd\x01\xc0\x12D\x1f\
\xb8\xad\xfc\x08\x00\xec\xe5\x9a\xc6X:\xba|\xe4\xd94\
\xfa\xfa\xffM\x07^y\x8dE\x14]i\xf1\xf2\xb7\xe9\
\xf6\x87\xbfN\xcb_}\x92\xf6\xa0\xac\xd9E\xfa-\xcb\
\x80\x9f\xf3\xd9@\xad3\xf4\x0fC\x089g6\x16\xff\
\xa8\xec\x06y[p\xca\x02\x18Qn\xf3\xe3\x86\x16\x8a\
\xec\xe1\xb4\x14\xf1\x9f6e\xdc\xdf\x0a\xf3\xe3\x9e\x0d\x0d\
nxC\xb2\xf5\x09\xb2\xa2\x00\xa0\xb8\x1a\xfe\x0f\x1a\x00\
\xd0]\x05\xac\xe8\xe9\x97\x89{\x01\x13\xe0\x1a\xbb\xe0\xb8\
\xa7a+\x9b\x1e\xce\xd6\xfa\xd3\xb7\xf5\xfd\xe9kV\x01\
\xde\xd9\xf7\x1c\xeb[vQ\x03\xd8\xb8o\x1b\x00\xcc\xad\
)K\xd4\x96\x02*\x08B\xb5(Hh\xe4\xc5^.\
\x08\x91}#\x04\x802D\xbe\x82Y\xf9\x8f\x03\x00\xd2\
lH\x00J\x01\xd9\xa8\x05\x0bU$\x80\xae\xee\xe5\xf4\
\x93WN\xa4\xd7\x91\x00\x8e\xe2\x18t\x0f\xc6\x5c\xfd\x98\
\xc5uc\xcb\xa1W\x1c\xc3\xbd\x00@t0\xdb2y\
\xd5{\xf0\x9d;\x0b\xe9\x9dw\xbf\x88\x19\x81\x89I\xb6\
Ka(P\xc7L\x5c\xbd\xfd\x0a`,\x80S(\xbe\
\xb1\xec\xb9\xfe#\xe2\x07\xfc\xf1M\x87\x0c\xc2\x7f\x1e\xf6\
*\x094\xe8\x98\xa1\xc0\xbc\x12\xd2\xc2$\xa9 \xa1\xb1\
\xbaRY\x8eq0\x07{6\xf2t5X\xaf\x8d\x9b\
5\xe6\x17\xc4\xec\x14Ym\xe9\xab\x0c/\x94\x22\xda!\
\x92e\xf4\x0c5\x86|{\xf71%\x88n\xcbEB\
O\x1f?\xcc\xd0\xa8\x87\xfaB\x02p\x9d\x04\x1f\xaf\x96\
$.\xb8\xad\xe3\xc2h\x8c\x9e\xff\xdb_\xff[Z\xf8\
\xe6\x8f\xe9i\x22\x1b\xa1\xa2\x5c~*\x00\xe8hR\x00\
\x00\xd2m\xfa\xd5\xfc=\xfaE\x06\x00\x8bW\x00\x80c\
\xf5\x0aT}~\x86\x8d1\x17\x97\x19\x82\xb4\xa1|\xc3\
1(\x00@s\xec\x18\x00\xc8<sP\xe5\x18c\xa2\
\xc5Q\xbc\xc9\xfc\xec\xef\xd3\x81\x9f\xfc\x14\xa2\xc2)\xe9\
7\x9f\xa5\x85\xaf>J\x03c\x97\xd3~\xc4W\xd4'\
T\x80\x0d\x03zRn=\xb3@\xe9\xdb.\xb6\x8dg\
\xb5\x99\xf985\x9a\xd3\xba\x0c\xe6\xe7\xa7:\xc4j\x9e\
\x16p\xc36\xc3\xa6*\xba.\xefF\x93\xdd\x8b\xc8V\
\x22\x8f\xb6A\xbb\xdf7\x9a\xcd\xd4\xd7\x00\x80F\x07\x00\
\xcc[\xcf2\x0eMQ\x0aItK0\x7f\x9d\xb5\x1c\
\x1d\xe4\xb5\x8e&~\xbc\xda\x9b\xbeM\x07\xd2\xd9\xc1\x93\
\xb8\x05\xc7\x0c\xb8m\x88\xb7\xe8m\xfe\xa2\x00@\xa3\x22\
\xe9\xc5-\xe3\xa6\xf1\x8aSI/\xbd|<\xbd\xc1\xd6\
\xd9G\x8f\x1eb*0\x03@\x0f\xfe\xf1\xee\x07\x00\xd4\
\x1e4\x8dD\x09}\x95\xf1\xbc\xf2\xe9\xa7\x97\xd3\xaf~\
\xfd\xfbt\xe1\xe2]l\x02\x86\xa8\x92.\x98\x9f\xbaQ\
\xe7c\xd3Q\xff\x0f#\xfe\xf3ITk\xd6'\xd0\xb0\
\x8d\xb6\xcb\xc3$\xa1\x05I\x17\x7f\x81\x0e\x93\xea\x00d\
'R@v+&73,\xa3\xcds\xc8\xd2\xa3\xa9\
\x9b~\x80\x919*\xd8\x17~i\xc7d\x7f\x05#5\
w\xebr\xa1Q\x1d\xa3\xa3j\x15\xf3`vIz\x9e\
ER\xbf\xf8\x85R\x00\x9d\xdc\xee\xc2K\xaf?\x00\x00\
-rIDAT!\xc0\x0d\x9b\x80N\xe8xS\x00\
X\x9aO\xb7\xcf~\x9d\xce\xb0\xf8e\xfe\xab\xcf\xd2Q\
\x88j\x84Ux%\xc1\x81\x02\xb8\x1e \x10\x1f\x06h\
\x16c\x1b9}\x84\x93\x0d\xd9(f\xa0\x90\xd7LI\
\x12\xfb\x05\x5c\x82\xcd,\xc2\x04\x8co\x06\xd5\x01\x08\x00\
\xbe\x03\xa2\xee\x84\x04`\xc3T`\xba;\x0c-\xa6z\
P\x92<\xf7\x934|\xf2yv\x94\x99I\xe3g\xff\
\x94\xba\xc6/\xa7\x83\x95\xd9\xb4\x1bFt\xf8\x11^o\
Y\x9b@\xf5f\x000\xab\xdb\x0ad\xbaQF/,\
\x82M\x9a\x056\xb5\xfd\x99\xf9\x15\xfd\xcb\xd4\xf5\x0cJ\
\xb3\x05\xf6?\xf4\x1b\xb7+\xeb\xe9\xc0\xc7\x1b7\xd9\xab\
\x11\xc5\xe7\xfd\x88\x83\xdf\xa3?\xf6L\xef\xbb\x1c=\x88\
C\x00\xf5%\xce\xd6\xf8\x1c\xc2\x808\x8ck\x09\xa9\xe0\
\xeaRw\xfa\xa6\xf5`\xba\xb4\xfb\xb94\xb5\xebi\x22\
c\x11\x8c=\xeb_\x18\x00H3\xce6\xd408j\
G\xcay\xe1\xa5\xa3\xe9\xe7\xaf\xbf\x94\x8e\x1d;\x1c\x00\
\x10[g7\x00\x80W)\x7f\xfc]\xd7Z*\x02k\
\xf4\x98\x02\x80\xba\xad\x0b\x17&\xd3\xaf\xdf\xfc,}\x8a\
yp\xa5\xca0\xaa\x95%\xc2H~\xa0\x01\xb4O\x1b\
Y\xef\xd4\xb3u\xbf\xdd\xe0\xbbYih\xfa\x82\xb7\xed\
'-\xb9F\x80%\xf6,\x12\x9ae\xea}\x09\xb3\xfb\
6f\x98\xc2b\x90\xfc\xb42;%\x00\x14\xd4\x12\x1f\
\xca\xf4\x8d\x83\x812\x0c/\x1d\x0a\x04\x02?3-\x1e\
\x00\xbd\xb3\x0aRF\x1b\xf1\x0f\xb1Q\xea\xd3'\x8e\xb2\
B\xf0E\x80\x80a\xc0hv\x16Rb\xb1\xdbz\x00\
h\x94\xaa\xcer\xc5\xf1\x1f\xbe\x01\x00\xfe3\xcd\x01\x00\
O1.\xd9M%\xad\x07\x00\x0a\x13\x12@\xe3#\x92\
{\xf4\x90\x01 \xd0\x95?E;\xe9\xb6\xeb\xc2L\x19\
\x8b\xc0\x0a\x00\x90\x15\x812\xa1\xa3pe\xc9\x9d\x00\x80\
\xa8&\x12\x9c\xa1\x22'X\x16\x5c\x1d\xd9\x9fZ\x98\x02\
,\xa3\x99]\x9e\xb8\x95v\xe3\x04\xf4\x10\xd36\x03x\
L\xd6$\xb8\x0d\x91pE\xf1L\xf6\xa5\x92c\x5c\xba\
\x8d\x82+h\x99Vq\xd8\xeb\xd3L\xc1\xbcj\x12\x14\
\xd55\xfa\xa9\xf0\xde\x1cf\xb3\x8b\xec\xc4\xe4\x92\xd4\xde\
Nz}\x9ewb\xc7\x0d9\x06\xf8\xb5B\x85\x05)\
G\xfe\x89W \xb3_p\xc1\x96\x04Z\x020\xbb\x10\
\x93c\xa6\x80T\xd4\xd6\xeb\xcba\xb6\xb5'\x9d[\xec\
J\xdfv\xa0\x00\xdc\xf3|\x9a\x1b>\xc2\xd7x>r\
l\xfd\x17\x04\x00+1\x15\x08\x19\x00lu\x00\xc0y\
\xefS\xa7\x8e\xa4\x9f\xa3\xf0\x12\x00\xf6\xed\xd3\x0e`\xa0\
\xb1\x1e\x80\xf6\x92\xb8\x0a\xc2Z\xd7^l{\xc7\x10@\
\x00h\xa1]'\xa7*\xe9\xc3\xd3\xe7X*\xfcI\xba\
u[w[h\xcc\x99zmA\x0ap\xb8S\xa3\xee\
\xadk\x15{\xdb\x0d\xb6\xd1\xaa\x04@\xcb\x15\x00\xa0\xc7\
\xa0\xf0\x1dH\x8f=?\xaf\x07\xe5;04\xb6\x1a`\
\xb1\xb3\x1c-QF\xd31\xef\x05\xe3g\xc0\x92\xb9[\
\x1c\x86J\x83\xf0\x82;\x13\xb7\xb1\xdbq\x89}+\xba\
\xba\xf1\x1c\x0ds;\x8c\xd5C\xb0\x00\xa0\x8f\x84\xc3\x87\
\x0f\x86\xa3\x90\x91\xe1a\xea\x05\x9b\x00\x86G\xeb\x00@\
t3\xb1:=\xcf\xdd\x0bg\xc3\x0d\xd6\xe4\xe7\x7fH\
\x87\x99;\x1e\x85\x18\xb5\xc3\xf7\x1d%\x80\x18\x13\x01\x0a\
;#\x01\x98n.\xa8\xed\xe4\xa5w\xcb\xe8\x1a.\x22\
\x01L\xcc1~eX\xa4\x04\xd0\xcd\xef\xc1\x00J\x00\
\x14\xfe^%\xa0%0W\xc6\xf0\xe0`r*\x1d5\
\xfa\x9c\x86\x00&\x10\xefga6\xc7G}T\xea\x08\
\xa6\x95\xea\x83{]\xce\xaa\xfe\x81w\x1c\x06\x99Jh\
\xa1m\xcd\xa6\x10\xf9o\xba/.e\x7f\x7f\x93\xc7B\
+L\xfe42\x15\xb7\xd5\x10\xbb\x01\xc8\x12\xf9X@\
K_F\xdaP\xcdYb0=\xc8R\xce6\x9e\xdb\
\x0f\xb8=Z(:\x89\xa8(\x9d\xa9G\x19x \x89\
\xe4\xf5\x1a\x8c\x07I\xa8\x8b\xb1\x01\xcb8\x90\x1c\x9c3\
A\x17@,\xe3m\xfd\xe9\xebrW:\xd7\xf5T\x9a\
\xdaw*-\x0e\x1e\xe4C\xca\x9b\xa9\xba\xc8\xee}\xcf\
Ycaj[\xeb\x00\xf4z\xe3L\xc0J\x8cq'\
QtA\xdc\x8cGwN\x07\xa0-\x009P\xba\xc1\
\xe0\xa8\x153\xe7g\x9e=\x10\x00p\xe2\xe9\xa3\xf7\x00\
@\xd4\xd7\xa6LK7b>\x01\x80\x1a\xdd\xb4\xfb\x04\
\x9e93\x96\xde|\xeb\x13V\x0b~\xcfo(];\
z\x89\x1f\x85*\x9d\x8feVG\x93g\x076TS\
\xd1(\x1b\x1e\x9b\xd1\xa8^\xbf\x86v\x22\xdf\xd1\x86\xb4\
#i+\x05T\x96f\xd3\xf4\x14\x86AH\x03m4\
r\xa8\xf9\xacb\xdeSO!\xa3\xb7\xfa\x5c\x91Nf\
\x07\xd3:\xa1\x8d\xae.\xfcCrt\xd2Q\xf4\xb2\x1f\
b\xaf^\xbc\x01\x00\x17B\xf5\xf5\xf5q\xdd\x8d\xb8\xdf\
\x1d\x0c\xeff)\xc30\xff\x00\xba\x11\x87F\xeb$\x80\
\xe8\xa1\x88;\x08\x14\xc7\xa0\xd3W/\xa4s\xbf}+\
\xdd\xfe\xc3\x07i_\x99\xe9\x04\x10H;|\xdf\xab9\
\x04\xb0%C\xd1c\xa5\xec\x5c z\xeb8*I\xa0\
\xb98[\xc6\x0a\x0e\x0d63\x02#\x180\x80\xc7p\
>\xe2\x00\x15\xa2X\xf5c\x01\xc0\x9c\xaf\x10\x9f\xce\x18\
\xe6Io\x1cF\x9f\x94\xd9Y81D\xc5\x0eP\xe6\
\x01\x1a\xa0\x0b&Tl\x03~\x82\x99\xfc\xce*\xb01\
\x9b\x83\xf5\xa3\xcb\xb1\xcd\x82=\xb4\xac+x:\x84\x82\
\xecT\xf7\x10\x9f\xd7\x98o\xc0\xf8e\x8c}lw\x97\
\xb1v3/\xd4Go\xd0j\xda<\x13\x04<\x8b9\
E\xba\xa6\x14\x07\x0f\xfc.\xf4\x01<\xf1=\xa7L\xbb\
\xc8\x0b\xbbI\x93^[\x9aB\x86\xb8\xcc|\xff\x97x\
\x04\xbe:p<\x95\xf7=\x9f*\xdd(\xbaH\x5c\xba\
\x8a\x888=(\xdc\x0f\x00$\xd0\xe8\x14\x02\x00h'\
z\xb7E\xbc\xe0\xcc\xcf\x8c\xb3\x12N\xd7r\xa4\xe5\x1f\
\x83i\x16\x05\x89\x07\xcd\x7f\xfc\xc1R\x10`r\x15c\
\xabcc\xf4\x18\xd4\x10q\xf1;\xb3\x00+-\xf30\
M9\x1d;>\x1a:\x00\xc5\xdc=,\xe9\x1e\x1ab\
\xab,\x18\xc1\x99%\xbd;\x13\x81\xb1m\x08\x8e\xff\x85\
[@\x18\xa9\xc9\xf6\xb9ys\x96\xad\xc4\xce\xa4\xf7\xde\
\xff(MO3_\x8f\xe5\x9c\xc63K\x15{]\x1b\
\x04\xb0\xd8\xa2\x8d7D\x1e\xb7\x19\xf4\x1b\xc5\xe5\xc6\x5c\
\xe46\x14\x00`f\x18\xbb\xce\xc2\xa3y<\x06-,\
N\xf3\xbb\x92&\x90\x8d\x84\x10\x10K\xd6\xf5!\xa8\xe6\
\xbe[\xe6fL\xdf\xdd\xc3\x81\x22\xcf\xb3=\xbd=~\
\x1f\xe7\xae\x12`\x00\xedv2l\xcc\xae\xc1;cA\
\x94\xae\xc1\xbaa\xfa\x00\x05z\xff\xf8\x0d\xa5\xf2\xaa\x04\
P\x00\x80-\xb4\x82\x02j\xfe\xe6\xb5t\xfe\xf4\xbb\xe9\
\xfa\xe9w\xd20\x0a\x8a\x03\x88\x1b}\xe4\xda\xf7\x9c\x16\
\x11\xd1\xf8\x1b\x19\xdc\xac\xd0;\xf1L\xe7#\x97\xe7p\
P2=\x9fJ\xd5z\xda\xc5N/\x05\x00\xc48\x8c\
\x8a\xd9\x09\x00\x90\xf8U(\x959&Q\xf6MS~\
\x95r\xdd0a\x1fP\xdb\xc3s\xc5o\x92\x8b\x86\x8f\
\xa5\xcb\x92L\xd4\xc1\xfa\x92\xe6z\x94\xb2\x9b\x83\xcd\x08\
\x01Poa\xe0a\x1d\x13\xa7L\xbfL#W\x91,\
*\x80P\xde\xa3\x0e\xe1\x0f\xe9\xa3\x84\xd2\xaf\x8by\xda\
\x92\x04B^\xd6\x88\xc6z_\x1f\x22n\x1e\xc6\x99_\
\x05\x02\x8d\x83t\xe4\xea\xb0\xad\x0b\xa4\xd4\xb2\xedNK\
w:\xc3\x14\xe0\xd7-#\xe9\xee\xaegSm\xf7I\
\xf4\x1f\xd8\xd0\x926\x84\x90#X\x1f\xf5\xa6w\x0f\x03\
\x00-H\x89\x8b\xe8S\xe6q\x8aY\xa3w\xa3\xd8;\
\x04\x00,,\x222]a%\x01@\xd3\xd7\xa7v\xc5\
,\xc0\x8b/>\x17\xab\x01\x05\x00\x09^\xc5\xb2~\xf1\
6\x07\x80\xa8\xad`|\xfd\x04\xa8}\x9f\x9f\xaf\xa6\xef\
\x7f\xb8\x95\xde}\xf7Ct\x02W\xd1\x07\xb1\x1f\x03\xb4\
g\xbf\x13\xfe$\x01\x9e\xdc\x22\xeb\xabg\xf3\xb6\xa7Z\
m\x1b9\x9e\x10\xec/\x08\x98T\xc4\x82t\xa7XG\
=\x95Q\xbe\xbb\xe9\xae\xee\xc8J\x1dHo\xf4\xea\xa5\
\x126\x09!\xce\xc3\xe0\xfd\xf6\xea=\x0cmz\x83\xf1\
u\xf4\xd1\xe1\x10\xb1\x13\xd3p\x14\xc5]L\x13\xc7\xe6\
\xa0\x94U\xcf\xc3\xed\x00A+\xd7m\xd0\xb0\xab\x22e\
\xfa\x12n\xee<\xb7\x85\x9f\x04\xe4\x0c2\x9dsFo\
\x11\x17\x12'%]\xbc}3]\xfa\xe8\x83t\xf5\x83\
\xb7S\xdf\x9dki?\xca\xa5~)\x8f\xd7\xb5\xd6\xa3\
.`\x80\xcd\xaa\xc1b\xeeLp\xccz\x8d)\xc0q\
\xfc\x02v\x80\xbe\xbb\x1a\x12@\x0bJ2+5\x1b\xc0\
\xe4|\xcb\x9c\xd6cd1\xfa \xaf\xb6\x17\xc2\x82\x90\
W]u\xb7\x08\xe3\xcc\xb3\x81\x83\xbdq\x1d\x91\xaf\x93\
aH\x89\xf1\x9fs\xce\x12\x92\xfd\xb3ZcI \x8c\
:6$!\x81\xe7\x5cl\xf8!\x9a;\xbe\xca\xf9\xa6\
\x1ek0\xbfq\xb9(E\xc7\x8e\x12i\x8c\xf5\xf1\x87\
P\xb2\xd1\x88\xac\x8d\xe7\x0d\xda\x89\xb2m\x8c\xb5\xb8\xcf\
\x8dh\xca\x998\xb5\xe8T<\xee$\x0du\x01\x15\xac\
\x01o\xb5\xb0\x17\x00k\xde\xcfu\xefO\x0b{N\xa5\
\x95\xbe#l\x8c\xe1\x92\x22\xd2\x106\x8aH\x8aH\xb7\
8\xff\xb7\x03\x80\x86@\x00\x9ab\xb2\x00\xd0\xd2\xca\xd0\
\x82\xe3\xd0\xe1\xe1U\x00P\x02P\xdc\x15\x00\xee/\x01\
XhA\x000\x0e\x00@:\xa3w\x9b\x9c\x5c\xc4.\
\xe0\xbbt\xee\xdc\x85t{|\x92\xbat\x88\x00\xed\xa3\
\x07*X&>\xda\xc6\x1f)t\x85^\xc6\x94\xb2\xa5\
\xaa\x8c\x97?\xb4\xdeU\xd4)\xe1\xd4\xb0\x93\xa8!\x09\
(\xea\xbb~\xbfW\xd1\x9d\xa3\x0b\xd7f\xfa7\xb4\xa7\
W\xdcog\xbe\xaf\x03\xa6\xef\xe4\xecF#\xed\xd0K\
\xf4\xfa\xed,_GZ\xd1\xdaR\x06\x8f\x03\x9a\xd2\xe0\
\xa7\x15zR\xaal\x03\x18\x0a7i\xd2\xeaz\x00\xe0\
A(7\x00\x80\xf2\x9d\xf1t\x1d7XW?x+\
u\xdc\xb8\x98\xf62\x16\x1e \xd7\x92\x97\x00`\x0f\x99\
M,\x1b%\xd9FE<\xec+\x02\xc0M\xa4\xbf;\
\xb8\x06o\xc3\x81\xc30\xee\xc1{y\xa6\xb1\x83\x88\xba\
S\x00\x00\xcf\x07\xf1\xeb\xf4\xb4F\xe5Wx\x10cq\
@\xa7\x86L\x8d\xdd\x1dD\xc6\xd4'\xe0h\xcfZ\x07\
\xa1]\x0b\x00HC\x82\x9b\x85\xcd\x9eJ\xac\x8a\x8et\
\xb80\xf52\x8c\xaf\xeeA\xe2\xb3'+\xd9\xeb\xd3X\
]\x9c;)c;\xcf\x045\xf3fl\xd6\xf2\xc6\x9a\
\xf6\xbe9%{\x976\x98CX^\xc41D\x8d\xa9\
?=+t2u\xb9\x84\xa3\x8b\xab\x0ch>\xc7\x19\
\xe8\xe5\xe1c\xa9\xba\xfbY\x1c\xdc\xec\xa3WF\x0c\x0c\
\x11[H\xdf^\xf8\xef\x06\x80\xac\x1csN\xc4\x1a`\
\xae\x08\xf1?\xb5\xcc\xa5\xfd\x07\xb0zc\x1a\xf0\xa5\x97\
\x9e\x8f!\x80\x00\xa0-\xc0\x83\x01 \xd7\xac\x8cm\x93\
pb\x06\xa0\x96\xee\xb2/\xc5\xd8\xd8\x9d8/\xb2\x9a\
Q'\x22\x82uf\xde\xfc\xcd\xc6\x1a\xcb\x02\xfe\xfa\xa7\
!\xad\xd2\x90\xd1]\xda\xfb\xf3/z0^\x8b\x01e\
4\xb2\xf5\x9f\x87:\x02\x82=x'3?%\x96\xf0\
v\x22\xd6\xcb\xbc\x1d0z\x07L/C\x17\xf7v\x1a\
\xf9\xdaNJS`i\xd5^\x1f>\x91\xf9\x19\xfa\xe8\
\xdc\xa4\x05}\x92\xe7,\xb6\xe6<H;\xeb\x01\x80\x07\
Z\xa3\xb9\x97Zmz\x8a\x1d\x82>OW>x3\
U\xcf}\x9dv\xa1\xc0\x89\xad\x14!L\xc7\xae\xf6^\
\x8a\xcd\xf7\x92%\x8fv(\xa8\x03\x18C|\x15\x00Z\
Y\x097\x88\x22\x86\x11]\x1e\x8b\xd3\x0a;\xa1\x04\x94\
\x85(J\x14\xc3\xb5\x0e5\xa6a\xdcQ\xa8\x02\xdak\
\x82\x5c\x89COE6\x0fi\x22\x09\xf9^\x89F*\
Q\xfef\x06\xb4\xd8\xb9wXO\x1cq\x87\xf2\xa7\x0e\
s\x12m\xf4\xfa\x90\x9a)\x03\xa2\xe8\xe0i\xd8>\x1a\
\xd9\xf8p\xbd\x80\xe8\xces\xa9\xd0|\xd1\xa4\x12N\x88\
\x91\xc6\xef#B\x9c\x1b\xd5_\xe4\x81f\xc6XK\x8d\
7\x0bdY\xf9Wa\xfe_fu:p\x01\xd1\xff\
B} }\xd9\xb97\xdd\xda\xf3l\xaa\x0e\x1dG)\
\xb7\x8b\x99\x0d\xad:U\x81: \xd9^\xf8o\x07\x00\
Vh\xb2\xfb\x03\xe5\xa4\x0e\x01/\xc7\xff5\x96\x1e\xef\
\xdb\xc7\xe6\x18o\xbc\xc8F\xa1\xf8\x04hH\x00\xce\x04\
\xdc\x1f\x00(\xb3u\x1d\x95H/M\x9c\x85%\xea\x22\
\xae\xe0\xcaK\x954\x873\x96y\x0e\xaf\xe5\x0d\x01[\
p\xbe'\x10M\xf4\xf6\x9b\xfc \xcd\xd8\xb9f\x09\x80\
\xc4lP\x02\xecFP\xaa\x88\x01!y\x05`\xa0-\
\xcb\xd7\xca\x14d\x07Ro\xf4\xdc\x0dF\xf7:\xca\xc3\
\xbd\xa2\xbdR\xa9\xf7z\xfbiGI^\xf8?\xcc\xbe\
\x05dz\x12\xe0\x7f\x90\x12\xe7F\xb2\xf1,`\x00\x82\
\xcd4E\xd7\x14\xff\xa0H\x9f\xac\xe0\xbbl\xf6\x87\xb3\
\xe9\xd2\xfbo\xa5\xa9/>NC\x0b\xec\xc0\xc2\xbc\xbf\
\x9ai!\xd0\xb1\x90\x89o\x1er\x94\x8dZ\xcdu\xdb\
x\xb1\xf8e\xf3\xef\xd6?\xd5\x03\xf1$\xbd\xa6:\x80\
\x1a\xe3\xb0>g\x01D7\x22\xb1\x01\x22\xbf\x19\x8e\xe3\
\xceq\xac\x85\xb2\xfa\x8a\xb4\xd7\xc7\xb8\xc5\x9d\x9aY\xca\
\x02\xfb\xd33Wat\xc41\xd2\xd6\x14\xb3\x0a\xd3b\
\x86\x10;\xf4.\xb2j\xab\xaa\xc6\x18\x09@\x85TV\
\xd2\xe48\x8b\x9a\x88\x06\xb1\xa1#\x07\xf9\xec\x1bN\xeb\
\xb41\xbe\x8c\x9c\x93g\xfd\xd5\xbbg\xbc;\xd7X\xa7\
%\x1aJ\x7f\xb3\x1d\x10\xa0\x1b\xa0:\xbcX\x09E\x0b\
\x92\x87e\x22B\xeb\xae\xf9\xe06BN\xcb4\xdc7\
\x01\xa2\xe0\xe59\xc6\xc4\xd9\x00\x88\xb80\x08\x9aY\x19\
Hg\xab\x83\xe9\xfb\xfe\xa7\xd2$\xda\xff\x0a\xc3\x80z\
\xa5\x17p(\xc1<(\xd22\x89\x14Q\xde\xf7\x1c\xc3\
\x85x?\xa7\x1cra\xd0\x029\xb0l\x1c\xae\x93p\
\x9e[\x0dc\x19\x1d\xc0\x1cf\xd55\xec)\x5c\xf4\xd2\
l\xf1\x19\xb96\x9a{\x82\x05n\xfc\xe0b \xda$\
\xa6\x5cm+-1\xe9\xe9$\xd4p\xb5\xa5\xb4\xc3T\
\xe0\x9e\xbd=\xd8\x01\xe0\x0a\xeb\xe5,\x01\x8c\x8c\x8c\x84\
\x04\xa0!Pa\x0ctO2\x8d\x07\xce\xa7\xd3\xe4\x04\
\xf2.\x08p,\xa1\x0c\x17\x0c\xcaL\xcbV`~\xaf\
u-\x1eV|[E\xe4\xf3{\xcaC\x9c\xd6I|\
C\x1dE\xb9\xf2Kv\xa2\xa1\x84\x84\xeeB\xdb\x8f\xae\
-\xb3\xab\xcc\xac\x11\x93\xcb\x99\xe9\xf48\xdcRL\xc9\
\xc0\x10\xbd<\xbc\x10\xd7De\xef.\xf3G\xac\xfei\
\xd0\xa0\xac\x104#=\xc5\xcb\xfeV\x5cp\x19\x00\xe0\
/\x02\x00?\xd4!F\xab\xbbE\x8d\xf4\xcd\x1b\xe9\xca\
G\xa7\xd3\xd5\xdf\xbd\x9d\xba\xef\xdeL\xa3x\xc2\xe9e\
\xde\xd5\xd5Lz\x19\xad\xab\x86\xdf\x22X\xc8\xc8\x87q\
5\xde\xc9\x15\xb0\xc5\x07\x9b<v\xef\xbd2b\xcd\x1d\
\x5ca\xdd\x9d\xc6\x87\x1a1\xf5c\xdb\xdd\x01(\xb4\x83\
\xc4\xba\xc4\xca;\x16\x93o\x08\xcb\x15qB\x00U\xd1\
\xa8\xe4M\x22\xdd\xf4\x91\x84+Y\xdb\xf0\x88\xfd4\xbe\
\x15\xa8\x11\x86\xa3\xfde\x18q\x99\xf4\x96P\x10V\xb0\
\x10\x5cDG0\x0ba/\xf2\xaee\xb2\xa4\x80\xb6u\
\x0d\xf1\xd3P\x222g\xf5\x06n-\xe6\xd1\xc1\xbd\xf3\
\xf9\x8a\xf6Q/0\xbc \x10\xbd\x09\x0fdx\xfbz\
\xcfq\x98O\xe2\xf4\xa9\x1f\x98NA\x1a\xb6\x93\xf7E\
0>\x83+\x22\xd1\xf9\xc2\xf0:\x86\x9aK\xcb,\xff\
\xc5\xb9\x0dy\xedL7j\x83\xe9Lu4\x8d\x0f?\
\x8f\xc5\xe3\x09\xec\xff\xf1j\xc8\xf0F\xb3b\xdbQ&\
\xden\x10b\x05[3\x96\xf3a\x0e\xf2\xb5\xd5\x16\xbd\
\x9auh\x8ea\x9a%\xd6\xbe\xcfO]\x07\x00\x1cK\
\xabo\xb0\xbe\xd7\xd2k.Kf\xfaF\x89\xe2\x07[\
\xdd\xb8\xbc\xf1\x1c\xb5\xbd\xf6\xbd=g\x00\x04\xd3\xb5\xa3\
\xdd\x0c\x01\xd8\x18\x03\xa7.\xda\x01\xc4\x94\x17\x12@\xd1\
\x83\xf2\xf1\x96\xc1~0\x00f\xf5\x0d\xa4=\x86\xc2\x02\
\x81g\x0fs\xb0\xe2\x18\x8eg\xb9\x15W_\xce\x17d\
\xbb\x91\xf3\x0d?p\xdb\xa0\xcd\xf8\x81(\x8a\xef\xa5;\
\xc1W\xe6\xe7\x8f\x8d\xc8+\xd01m\xa2\x9eCF\xf7\
\x1d\x8f\xc2\x9bR\x06P~\xb7\xb2\x8b4M\xd8O\x9b\
C\x91\x19\xce\x8d\xe6\x8aW\x8a\xc7\xbe\xba\x06\x00\xd4\xad\
\x84\xc5LH\x16\x06!\xf8e|\x98\x8f\xb19\xc8\xf9\
\xf7\x18\x06\x5c\xf86\x8d\xb2\x89\xe2\x083\xe6\x1d\x98,\
:^]\x96p\xcc\xc4\x86@Y\xa3\x22\xa2,&\x12\
\xff\xa2X\xf7\xe4q\xc3\xa7\xebn%\xca\x15\xc6A\x93\
\x88\xffW''\xd0\xceWQ\x84\xe0\xdf\x0c\xa5\x9cv\
\x01}\xa4\xefT\x971\x873\x13(\xdf\x91T;\x00\
Q\x00\xd0\xba\x08\x1fp\x93\xeb\xaf\xa8E\x1b\x86\x7f\xde\
F\x03\x90\x17n\x96\x01\x81\x05\x8e\x09\x1al\x96\x82\xe6\
5\x11Y\x01\xa9d\x22\x83w\x00\x1c\xab\xe7\x02\x00\xa8\
\x83N\xde/4\xfa\xe69*\xc9<5\x92,jr\
\x8d\xadx\x12\xe9\xe7S\xb0\x01\x8f<o\x16\x82d\x10\
\x8fM\xa3\xb6\x02\x00\xd03\xce\x03\x007X\x18t\xa1\
6\x92\xce\xa7\xa3\x18\xfe\xbc\x90\x96\x87\x8e`f\xee\xea\
?D\x1b\xc0\x8c\x09C\x92Q:\xd9^\xb0}\xad\x98\
\x9c\xdf\xfc\xb7Q\x84\x88\xc0)\xb7\xa8;\x98\xdf\xa0\x1f\
\xfc\xb9\xa9\xab\xe8\x1b\xee\x00\x0e\xb6\x90\xdf4\x08\xd87\
#>\xdf\xf4y\x8e\xcf;\xcb\x9e\x81\xa6q\x13\x0f\xf2\
u\xd0>\xaf\xeaeG\x05\xaa\xd3\x8f\xbbw\x95P\x02\
\x1eO?\xc5\x0d\xd6\xfe\xfdl\xf2\xda\xd0\x01\x08\x00\x1e\
\x0f\x1b\xb2pl\xfehg\xca\x12\xd3\xbb\xe6\x89t\x83\
\xf9\x1e:\xc2\xa6\x0f\x9a\x8a\xb9\xf6\xb4\xa9\x16\xb9\xb4\x86\
\x0b\xe6\xf7\x9d\x22\xcd,\xe6\xaf}\xf5c\xae2\x00\x18\
\x83\x00\x90O\x10u\x8er\x05\x11h\xea\xf2\x85t\xe1\
\xf7\xef\xa7\xb1\xcf>L}\x93\xb7\xd2\x01\xa4\x80\x01\xa6\
,T\x80\xe5\xe9\xc0MK\x22\xe0\xad6\xa5o\x14o\
\xd9\xd8V\xe0vB\x90\x18\xab\xdff\xb1\x01\xb89\x8b\
i.\xe30\xad\xe5\xfa\xb1\xcc\xea\x83`{\xe8\xc1\xba\
\xc8\xb7\xe2\xb8\xbd\xff\x12\x00 \xc9=*\x00l\xcc\x93\
\xf5\x91\xa9\x933\x99.\x1a@\x1d\xc8,@\xb9\xc03\
A3z\x7f^\xb6O\x13\x04\xd4Q\xe7aJ\x96\x0c\
,\xae,a\x0f\xef\xf1(\xc1\xaf\xe2\xb8O\xdd\x09z\
\x1d\x88\xc7\x0a\x86+-\xecD\xc3*\xc0\x09 \xf1\x0a\
b\xfe%|\x19\xdf\xec~.M\xf7\x9cL\xf5\xfe\xc3\
\xa9\x95i\xa3\xbc\xf2L\x00\x08\xd9\x83\xf3}\x22\xe7\xd7\
\x22\xf8V\x80@\xf1`\xc3YqU\xa6\xc9\x0c\x94\x01\
`~\xf2\x1a^p&\xa8\x87\x0c\x00\xb9.\x1b\xe9\xf9\
\xee\xc6\xb4)\x8b\xb2\xdc\x1a\x90S\xfa\x8c<\xc4ko\
\xec0L\xc6\xcc\xbd\xb43R\x02\xc0k?;\x8aG\
\xdc\xe7\xd2\xc1\x83\x07S\xf3\x10\xe0Q\x00\xa0\xb9X\xcd\
\xe5)\xe8\xa0\xf9\xf7\xc7y\xfd8\xd3[\x05\x80 K\
\xff\xc8A\xd1\xc2\xd0\x07\x95\xbb\x88u\xd2\xe5?\xfd!\
\xfd\xf0\xc1\xdb)]d\xbbp,\xbb\xf6 \x02u\xf0\
\x9b\xcd\xe0pa](h\xc8\xb8\xbc.\xce\xder\xdd\
\x88z\xdd'[\xddH\x14+\x8c\xfb\x99\x18a]\xfc\
b\xba\xc5\xba\xf894\xb1\xfd\xec\xfb>\xc0\x8c\x80\x96\
n\xba\xe6\x92\xb9\x1c\x02\xb8Cnf\xc8f\xc2\xd9*\
\xf6\xed?\xb7\x08\x051\xc7\x98\x0d\x19\x17\xc7\xb1\xa1\xb3\
\xf57\x19\xdf\xb2\x15\xe7\xd5r\x927\xaf\x0dQn^\
\xf0\xbc\xdd\xd0\xf8t\xdd\xeb>\xdb*\x0e\x99\xa5\x1d\x9d\
\x85\xc3\x90\x1a\xeb~\xa7Q\xee1\xfb\x9en\xb4\x0f\xa4\
\x9b]G\xd2\xed\xeeg\xd2\x1d\xf65Z\xe9=\x88\xa5\
#\xbd>\x8bE\xda\x10\x9fe?\xebm\xbb\xa1\xb9L\
\x9b}\xb3\x19\x00,\xb0\xa7b}q\x92:j\x02\x80\
\x22\xcd\x00\x8b\x8d1\xd9\x86\x1cQ\xab\xfe&a\x8a\xf6\
\xe4U=\x0c  \xf0{\xaeit\x04\x0a\x8f\x0c\x97\
p\x82y\x84\x95o\xcfc\xf2z\x88\xdd\x81p\x86\xb9\
\xcd!\xc0\xc6\xd4\xb7\xba\x97\x0e\x1e'Cn\x95\xee\xe3\
z\x1e\x00 Q\xd9,\xd6\xaf=\x97\x0d\xec3\x07\x93\
\x95\xea\x5c\xbaq\xf1L\xfa\xfe\xc3w\xd3\x1c[\x85\x1d\
`j\xe4\xb0\xe3o\x91\x17\xe2\x81\x07\x1bA2\xcaa\
\xf5\xcco\xcd\xd7EO)\xb6o'\xf8\xad\x16lU\
z\xfd\x05\x1az\x9c\xad\xc2\xee\xe2\x19\xa7\xc4l@?\
\x86\x19n\x91\xad\xc6\xdcx\x9d/[5\x0a\x8a\xdec\
{i<0\x1f\xf6\xf2A\xa0\x12^.\x8d\x12L\xf4\
X\x0dN\x88\x94\xf8\xc9\xf3j\xaa\x1b\xee\x1d*m6\
\x5c\xda*}S\xca\xa9\xad\xbdQ\xc4\x1f\xe7\xa6\x1f\x8b\
\xcb\xe83\x01\x00\xe7\xac\x97p\xfe1\x8er\xefvG\
k\x9a\x1a9\x98f\x87\x9fMWj\xfb\xd3\x8d\xc5a\
\xdc\xde\xef\x87a\xf0x\x83\xc1S\x07\x0d\x8e\xfc\x14\xf5\
W\xc4\xb3\x96\xe2\xe6WQF^^-\xeb\x86\xd7\x02\
\x00\xc8}\xd4\x17\xef9\x04\x10\x00Vb\xc9kPZ\
0\x91\xf5h\x88\xfa\xddXZ3#*E[z#\
\xf3g\x10\x08\x00 \xcfj\xcb\xa5\x5cK\xc0\x88\x14\xcf\
\xc0=\xe9\xd5\x9f\x1cK\xaf\xbe\xfa|\x0c\x01\xdc\x1dh\
\x90m\xde;;\x99\x1e\xf3\x85\x87\x0cE{7\x7f\xe6\
3\x01\xe0\xcf\x05\x02E\x1e\x8a\xb3y\x89\xd9\xb7\xa2\xf2\
\x9a3\xf7\x08\xd7\x01\x00V\xabS\x5c\x0cr\xd0\x22\xd3\
M\xf1 V\x19A\x1cU\xf6 \x9f\x98\xb8\x96.}\
\xfeQ\xba\xf5\xc1\x07i\xf0\x87\xcb\xe9\xe8\x12\x8bcx\
\xa9\xee\xfe\xe40\x81\xed\x18mI\x14EOb\xd3x\
\xedp\xc2\x19P\xef\x05\x97\xc2\xe8\x86\xdb\x07\x06\xbf\x91\
\x5c\x96\x11)kLsL\xe3\x1bol\x02e \x11\
\xf7\x02\x00%\xe6\xe6\xdbI@\x01\x16\xf6\x8ac-\xd2\
\xc8\xd1\xda\xed#\x5c\x99\xfe\xba \x10\xf8\x80\xb3RG\
\xf4\xf8\x0d\x10(\xde\x93\x09\x9dzi`Ef\x02?\
\xe1\xc8k\xe6\xb7\x97/\xdf\xcf\xdf\xe4\x98\x03<\xb9\xf4\
k\xaf\x8bX\x8a\xf7\xf2[\xa4\xcd,\x80\x1emgi\
\x9b\x9b\xd8n\xdca{\xac\x95\xa3\xcf\xa5\xfa\x81\x97\xd2\
\xb7wX\x098\x89V\x99\xa9\xc06\x00\xa0V\xce\x1b\
S\xd4B\x0a\x90\x0a\xb6\x17\x8a\xb4\x8b\xf3\xc6\xaf\xd6$\
\x00\x7f\x81\x86\xf0\x7f\xbf8q\x9d\x99%\x96\xd8\x02\xe4\
f>\x98(J\xe8\x1b\x82\x05\xe97Gh]\xd3\xc9\
\xf8\xdc\xb6\x0d\xa2\x940\xd1!\x08\x00-L\x97i\x0b\
\xaf5\x5c\x09\xa3\x19\x0deF\x86z\xd33'\x0f\xb1\
(\xe8dl\x0d\xa6%\xa0\x12\x80\x00\xa0%\xdc\xc3\x86\
f\xa6k\xfe\xf6\xcf\xc5\xfcE\x9a\xe6\xa3\xc8\x8bg\xeb\
w\xa7\xf2\x10\x00 \x93\x09\x00\xd2r\xa7\x1cK\x87`\
BuT\xc4\x15v\x05\x9a\xafL\xa5\xf1\xf3g\xd2\xf9\
7\xdfL+\x9f\xfc)\x1daq\xce\xa8\xaaf\xa7_\
h\x0c5\xd9j\xbc\x0dyy\xa2M\xda`~\xa23\
~\xc1@\x00P\xeb\xdc\xdc\xce~c\x90q6\x06\xbf\
\x09\x00\xe0\x87\x15\x00`\x11s`\xbd\xe3\xce\xa1\x14l\
eh\xd0\xe5\x12Y\x15n\xfc\xae\xe2\xabP\xb0\xf9\xdd\
N\x04\xcb@E\x90\xb9F\xee\x8c7?\x84\x09\xb5\xcf\
\x8f\x9bH\xca\x12{\x17\x84\xcd\xfb^\x87\xd9h\xe3\x1d\
\xcd\x80\xa1ZJ)l<8\xc4\xf7|\x22[\x9al\
\x01\x00\xd6\xa1\xb1\x14Yq\xc6\xc2wT\xbd\xab\x1d\xae\
\xa3\x04DM\x9b\xee`!w\x03f\xa92\x16\xee}\
\xfe\x95\xb4\xbc\xfbD\xfa\xe2\xf2|\xba:F=\xe1\xfa\
\xba\xa3\xbd\x17\xd7\xd4\xacp4\xafDfz\x1b\x03?\
m\x1a\xb6x\xbc\xfans[\xaaE_F\x02(\xa3\
\x03XY@\x09\x18\xd2\x86ej\x10\xb5\x1d\x08G\x9e\
\x7f\xcf\xc6Q\xa6\x9b\xd7\x0b\xa0\x9f\x000$-gL\
\xb4\x87\xef@\xf9$\xe3\xf7\xb0\xd1EO\xaf\x8b^\xb0\
\x90\xc3\xb6]\x13Y\xdd]\x8d\xee\x1eN\x07\xf6\xaf\xcd\
\x00\xb8\x16 \x00@%\xe0V\x05Z\xcd\xf9\xff\xdc\x8b\
\x02\x00\xcc\xe1N1\x7f\xc4E\xc4br0\x9a\xa4\xd9\
\xceM<\xa0\x11\x90&\x99\x86\xabbF\xca\x9c2\x1b\
\x84\x5c>}:\x8d\xbd\xf9\xdb\xd4\x7fm,\xed\x87\xb8\
z:5\x8c\x80\x88hN\xa7\xb9B4A\x8aPc\
*QI\x98\xe2\x89\xc3\x04\xaf\x0b\x00\xe0r]\xb0]\
\x9a\xa7\x85\x8a\x1fe\xa9,A\xf8}+\xc69\x09\xdf\
\x00\x95t\x97M24\xd4\xe9@\x91\xd5\x89\x9b0-\
\xe7\xd4\x05t\xf2\x8c\xa8x\x97/\xbdxl\xc1t\x1a\
=\x93\xe9\x90\xb6\x0c\x14L\xc4\xfd\xeau\xd3\xb3\x18\xcf\
\xc6\x98v{\x193\x8e\xa2\xec~!\x00\x08\xb1\x19\x08\
2\x8bY\xa7aN,\x03Q\x07\xee\xaa\x5cA\xa3?\
\x8b\x140\xc6\xf8~f\xa0/\xf5\x9dz!\xf5=\xfb\
b\x9a/\xedJ_\xfep7]\xba:K\xde\xf1v\
\xdc\xd9\x8f\xc7^\x1b[V\xb4\xe5\xef\x05&\xf3\xb0U\
n\xf3\xdb\x9b\xff*\xb1J\xa4\xd2\x83\xeb\x1b\x96+\x00\
\xc0\xd45\xfcw\xde\xa6\x93Qk\x14-\xcb\xc9\x96\xa2\
\x14\x88\xf6\x01\x08\xdcI\x0bZ\xbcu\xd1\xab\x97\xb0\x8a\
\xea\xe4(i\xf6\x8a\xf3\x0a\xbd\xd8\xf4\xb0\xf8\xa5\xb7\xcf\
\xd5m\xe8\x80\xb8\xd74\xb6\x84\x11\x95\xf6\xf2]\xd8\xb9\
\xf7vSf\x5c\x81)\xfa\x87G vx\x0e\x9b\xf8\
\x1d\xec5)\xc0_MX\xa7\x03\xb09\xc3-\x19t\
aC\x08\x00K\xf6\x22\x8c%\x13+\xb9\xe6/^L\
\x17\xde|?\xdd\xf9\xc3\x1f\xd3\x08\xab\x96\xf6\x95\xb05\
gF\xa0\x05\x9d\x80\xbe\xe0\xed\xdd\x9d\xf3V\x92\x90x\
\xc2R\x8fsA\xc8\x12\x8d \xb01\x98n\x98)n\
\xf8A2\xa1O\xe0\xaf\x0c\xa7\x19-+\xf6@\x81\x09\
|\xcc\xcf\xb2jN\x9f\xf9\x1aF\xf4 \x0d\xf4@\xc8\
N\x09\xbaN \xec\x01\x8c\xf41\x05\xf3\x93\xc7\xa3k\
\x85)\xae<\xc75\xe9\x17\xcf\xcc\x86\x0a:\xed\x13\x9c\
\xab\xdfN\xf0\xdb\x02<\x83\xe9yP\x00\x801(\x98\
D\xbdr\xa3\x1b1Uy\xfa\x14\x98\xc3\x83\xcd]\x0d\
\x7f`\x8a\xee\xe3\xc7\xd3\xc0\xb3\xcf\xa7\xce\x03G\xd2\x12\
\x0c\xff\xf5w\xd7\xd2\xb9\xb3\xd7\xd9\xaf\xcf\xa5\xa4\xeem\
\xa4\x0cC\xacH\x0d9\xf6\x8d9\xa3\xa4\x9b\xe47\xe0\
B\x0214\x17\x92[\x19?\xda\x8bs\x5c\x0b\x00\xb8\
\x05[\x9c\xb9\x91j\x8b\xe3\xf0<nX\xcd<D\x02\
\xa9D\xaf\xee\x82\x97\x12\x8c\x5c0\xb3+\xde\x5c\xe5\xd6\
\xdb\xd3\x1e\xcb[;\xf9\xddC&\xf77\xc1@i\xc0\
\xb36\xf1\x9a\xc7*\xe2\xbb`G\x8f\xb7:\x02\xb5\xe7\
w\xbd\xbb\xcf\x15\x99wr\xdc\x1c\xe5\xfe+\xf9\x13\x00\
`Y\x8av\x94y\x8b\x1b\xf8\x0d\xc2\xa2\x01qR\xd0\
F\xc3\xad\xcc\xcc\xa4\xab\x7f\xc4W\xe0;\xefb\x17\xf0\
]:\xca\x5c\xf3\x10\xd4\xe9\xdas\x96\xb4\xb1^\x9e^\
XI\xa0Q9A\xc0DVH\x00\x92\x8c\xc4\xbc1\
\xf8|k\x00P>\x91TUn\xb5\xa72\x91Ma\
\x9f{\x17\x87\x19\xfa\xccs\xb5S\x1fJ\xc1\x01~\xeb\
!}\x01\xc0\xd9\x00\xd7\x09<\xae \x81g\xcb\xae{\
\xd3\xd8\xf8\xa4\xb8\x8f\xb2\xef\x00\x00X,\xe3\xb2g\x8d\
\xb5\x09\x88\xfeU*\x1c\xa7_\xa9\x0cc\xddE\x02\xb8\
\xd3\xd6\x97\xda\xf6\xedO\xfb^\xfaI\xea9|4\xb5\
\x0f\x8f\xa6N\xfc\xc1\x9f\xf9\xf6|:\x7f\xeeb\x9a\xc1\
\xb2\xb2\x85:\xab\xd0n\xba]c\xf5\x01U,\xbc\xac\
\x0f\xf6\xe4\x1e\x1bC.\x8bR\x88W\xf7\x86\xe2\x1b\xc5\
x\xafk\x18OU\x16q\x0aZU\xfa\xc0\xd2Q\xeb\
\xc7\x06\xd3\xbbs\xed\x80\x92\x0a\xfb\xd8;\x8ew<_\
\x82\xb1c|\xefj8W\xbb\xc1\xc4.l\xe9\xe0\x08\
\xe6\xe7\xdeE02wX\xf9\x11\x9f\x1dA\x07C\xc2\
v\x0f\xa5\xc2\xc6\xb8_\xe67\x08F\x1eO\xc2\xfa\x1a\
X\x05\x80\x82\xe9\xfd\xb9\x19\xf4%v\xdd9\xeb\xd8\x01\
\x93\xae49v#}\xf3\xf1G\xe9\xda\x87\xef\xa4}\
\xf8\xca\xdb\x0b\xddt\xab\x8cc%U\x1b\xf3\xf5z\xa0\
qH\x10\xf1\xf0'\x16\xec\xc49\x1emA26P\
\x01\x1b\xf9\xbd\xf8\x0b\xb5\xd3\x9f\x93!\xb4\xbc\x10h+\
\xa6\xb9\x15\x15\x5c`\xc28\x1ez&\x1b\xcbv\xfb\xb0\
\x16\x1cqf\x00b\xce\x00\x90g\x04\x9ab\xda\xd1K\
Y\xa2\x00\x81\xe6\x887\x92W\xdc\xaf\xe3\x9f\xad\x99\xa6\
9\x1e\xaf\xfd,zx\xce\xc6#p\xca\xa2\x05\xae\xb9\
$\x99}6\xe2X\xe2\x05\xac\xe1\x99)\xa1^\xe8\x01\
\xe7\x87\x0f\xa4\xe1\x13\xcf\xa5=\xcf\xbe\x90:F\xf6\xa4\
\x1e\xfc\xe3\x8f\x0c\x8d\xa4\x89[\xb7\xd2\xf8\xf5\x9b\x00\xc0\
4\xd6\x8c\xb8\x1d\xc3\xb4y\x1e\x85n\x0b\xa0\xaa\x84\xb2\
1\xd4X\xf8\x92\x97(\xaf\xff%\xf2\xb3EK\xca\xf0\
\x0e\x01\xed\xe5\x0b\xe6s\xae\xde)G\xa7\x00]\xc1\xa6\
\xc7\x1aw\xa9\xe9\x85\xf9e\xf85\xc7\x16\x99\xb1\x05\x88\
`p\xf4>\x9d,\x8b\xce\x8c\x8e}\x03\x12_\xacf\
\xe3\xb9v\xf02\xbd\x00\xe0\xea7\x17\xc5\xb41th\
a\x18\xa4\x12\xd6\xe7\xcd\x0c\xff\x04\x00\xd6\xb7aq\x97\
\x01@j\xf3\xf0\x04Q9\xb6\xf4V\x96\xd4\xfb\x8e\x0b\
 \xdc\xbd\xc4\xf1~\x99\xf1\xdc\xc5\xf3\xdf\xa5\xf3\xef\xfd\
*u`\x1c4\x0a\x13\xe2P\x0aO=\x8c\xd7`\xcc\
\x0e\xde\x17\x00$\x12i\xcax\x0a\x09`\x13\x1a\xe3\xd7\
\x1c\x9a\x1b\xabx\xe6\xd7\xda\xddK@\xeex\xd3\x8a\x05\
`\x1d\x10\x98\x03,\xee\xe2\xb4\xe3\x0e \xb0\x80\x9d\xb6\
\x1be\xee\xc6\x9d\xd7\x10\xe0\xd0\xca\xbbno\xb6\x1d\x09\
\xa0Q\xe4\xb5\xe46\xb9\xba\x97-r\x99\x02\x18\x9b\xde\
\xf7\xbd\xe2\xf0q\xf1]f\xd8|'Co\x95\xe6\xc6\
\xe7\xde[_\xb6\x85_7\x03@\xf1|\x89\xc8=p\
\x03\x89/\x03\xce\xf4v3C{R\xeb\xf1\x17\xd2\xee\
\x13\xcf\xa7\xbe}\x87S\xd7\xb0\xcbbw\xa5](\xc8\
J\xcc\x97W\xb5\xcb\xc7\xa8j\x0a\xc5\xdct\x15\x8f\xb4\
.o\xe5h\xa1\xdd6\x86\xd0\xe5\xc0\xc8\xf7\x04\x1eA\
8\xf7<\xf6A\x00\x80f\xb3\x0d\x00\x10\xd8\xbdv(\
\xa1\x05\x9b\x8c\xaa\xc8.\xd3+\xbes\x8b\x14\x87\xe4\x18\
\xe3|\xefa^\x01@&\xc7\xfdZ\x07\xed\x1a=;\
\xf7\xadt4\x1eNsJay1\x8cTJ\xdc2\
=\xdfe-\xb3\xba\x84\x06\x0d6\xe5rs\x1akz\
\xe1\x7f\xe1\xe5\x9a\x04 \xa5\x11\xee\x01\x00\xc4\xea\xb0\x7f\
\x96\x19\xe9\x8d\x97X\xaf|\xe7\xeeX\xba\x81\xab\xb0\x89\
\xb7\x7f\x99:n\xdeJ\xddL\xcf\x8d\xf0m/\xc8_\
\xa2\xb7.\xb4\xe3!\xa2\xd28y\xac\x99\xc7\x86\xf6\xe9\
<Z\x1f\xa0\xa5\x18\xa35\x9e6\xff\x1c\x00`\x9c\x00\
\x80\xfa\xfe:\x04\x80si\xccpY\xb3\x0d\xf8Lb\
\x1d\xe8\xf4p?\x86-\x83\x88~\xed\xc14Y\xd1d\
<A\x06\xcd\xc4\x1ab`f_5\x0b\x1b\xc9\xb89\
\xed\xe6\xeb\x8d\x19\xce\xdf\xf97\x13ZN\x8b;\x1e\xf9\
\xa4\xb8/~7\x0b2\xae_x\x18\x04\x04C~\xd6\
\xc8\xd3\xbag9\x96\xc2\x82\xd0%\xc82\x9e\xe0\xe6f\
\x1fe\x18\xca-%\xa6y\xb6\x08\x83\xac\xa0\xfcjy\
\xea\x18J\xbf\x97\xd2\xc0\xc1#\xa9{\x08C\x98]{\
\xd3n\x00\xa0\x07\x91\xb9\x17\x14ie(W.\xcf3\
\xa5\xca\x0a7\xf47\xda\x01\xae\xa0O\x81C#\xcf\xe6\
\xe7\x81\xc1\xb2\xd8\xcb\xaf\x96d\xed\x0b\xcbY\x00G1\
]\x95\x9fYxA\xdc\xe5\xac2/u\xc4#n\xe9\
\xc9\xd5\xee\xdb\xa3\xd3\xc6\x0d\x00p\x1bk%\xbeV@\
\xc0\x9e>3}tI\xc4\x91{\xf9\x5c\xcb\xe6\xc5Z\
\xe6 .\xfa\x80|\xb3\x96\xa5'W\xf7\xa9\x815\x00\
\x90\x0a\xadE\x82\x97\x86\xb8\xf5\xc6\x16\xf4\xc4?\xdde\
\xcf\xbbR\xf0\xe6\xb5t\xe5\xe3\xdf\xa7\xdb\x9f}\x9a\xda\
\xae_O\x87\x10\xf1vqt\x87\xa7`z\x00\x89\x94\
o\xe8\xbb\xf9\xdbX\xbd\xc5]=\xd6\x9e\xafK\xc1\xa8\
s\x03\xdaK4\xae\x8bgY\x05\x08\xe1J<\x01-\
y\xdbI\x8d\x83\xd4\x01L@\xc8\xb3\xae\xd4\x82\x19:\
\xf5\x9c\xc2\xb8\xb0\x13M\xb3\x8b\x84\xec5\x830\xec\xdd\
\xf8\x9f\xa7\x96\x18\x85\x927\xc9W;~s\xe2\xe1\x9b\
\x8d\xe2o~\xe6\xa5\xe2\xf7\xa8\x09\xe2\xc8,\xbb\xf6\xa5\
\x0a\xbeH\xcf\xbf\xf1~#\xcex^\xc4\xdfH\xb3\xc8\
\x03/\x86\xa8\xdf\xb8\xb7\xde\x0a\xd6\xb26\x94|d|\
\xd7\xf5\xb73_\xef\x18Z\x85\x9f\xbd\xfd\x1c`x\x07\
\xd3\xdf\xbb\xfa\xae\x1f\xd8\x95zQ\xf6\xf5\x1d;\x9a\xfa\
\x0f\x1fJ\x03lo>\x80\xd8?8<\x82\x0f8v\
\xc8\x81\xc1tl\xed\xdc\xbacr\xfd\x0eV\x18\xdaE\
Z\xd4\xcf\xbdP\x18\x95\xb2\xf9\x1f\xca\x16e\xcf\x15\xb7\
\xee\x9d\xdc\xdb\x1bk\x11r\xadIB!\x05\x90o\xd7\
\xaa\x17\xe0`\x9bd@\xe09\xbf\x85\xf3\x0a\xdf\xa1}\
\x83\xe9i\xd7L\x15Q\xa5DJ=\xd2n\xb9-\x1b\
i\x14\xf9\xc8\x95_$\xfc\xe4\xbc\x8d\x1aX\x03\x80m\
\xbc\xec+\xcb\x88\xdeUz\xde*\x8c7q\xf5r:\
w\xfawi\xfc\xd3O\xd2\xe0\xc4m\x8cL\xabi\x88\
a\x02\xce\x93\x82U\x97!,5\xf7\xb1\xd0$\xe0\x19\
\xc5\x15D\x5c4es\x9f\x13mW\x00@\x83\x91L\
\xcfu\xd4\x06\xc9 \xdb\x85;\xd7\xedl2\xfe\xee\xf9\
h\x0eq\xf3\xae>\x0c\xc9S\x1d\x22\xef\x05\x04\xfax\
\xeePD\x00\x08\xd1\xd9\xb3Dc|\x1c\x01\x00\xbcc\
\xcc\x11\xbb@\x10DT0ifv\xf3d\x883\xbf\
\xaf\xddC\xfe0j\xe3k\xe2l|G\xbe\xd7\xde2\
\xad\x22\xbe\x9cw\xa1\xd0'\x05t\xe4\xbc\xf8^\xee\xd5\
\xbd\x8f#\xe2\xe6]\xca)\x00h\xdf\xe0\x22\x9aV\xea\
\xce\xbck\x86<\x07\x83\xdc\x019\xc6qQ^F\xec\
\xef9|\x22\x0d\x1d9\x91\xfa\xd9\x19\xb7\x8f=\xe0F\
v\x8dd\x9fxx\xc4\xe9fz\xcc\x1eV\xc6\x09\x11\
]\x10`X\x97{jk\xa0\xc8'\x97M\xc1\xbc\x14\
\xe0\xdf\xf4\xb8Q\xc4\xfb|\xb3\xee\xe5|SH\x05!\
\x9a\x07\x03\xd3\xa2\x9c\x9b\x0f\xdbHe\xb0\xcf\xee\xa7\xb5\
\x8fv\xe0\x9d'\xe1\xc7\xd7\xc0C\x03\x80\x04\x14K#\
\xedEf&\xd3\xcd\xef\xbfKg?:\x9dn\x7f\xf9\
E\x1a\x9c\x9eL\x07\xe9\x95\xf7r\xf4B`z\xb3\xcd\
L\xc6rZ\xda\xcbiAh-Da\xb3^0\x9d\
\xd7\x92S\xc10AZA}\xfe\xe0\xe6#\x8cQ\xf9\
\x17\xdb3\xc7{\x00\x00\xbf+\x06W \x98i\xf4\x00\
\x93\x80@\x99\xf4\xecA\xfa\xd4\x22\xf3\x1c\x92\xe7h\x80\
\x80\xe7\xcc^\xabLf\xdeL&\x03\x91\x04\xd5DT\
9\xab<[\x0b\xc5\xaf9\xa70%_\x16\xdf\x07S\
\xf3\xc2\xaa\xdd\x1a\xd7\xf9\xb7\xfc\xbd\xdf\x06\x00\x04H\xac\
=\xcb\xbc\x9esP\xa4T\xa4cE)\xde\xc6\xea/\
\xd0\xcb\x95\x9a\x8e\xf9\xe7(\xf7\x14=\xe3]@`\xa1\
\x8f\xad\x9e\x9e:\x9eFP\xfa\x0d\x1e8\x9cz\x07\x06\
\xd1\xaa\xf7\xc7B\x18\xe7\xc2\xf5\xff\xe6B\x98\xa2\xc7\x95\
\xb9r/M\x8es\x03\xac\x9e\x8b\xf4\x8bs\xf1{q\
\xdf|6\x9e\xcd\xc2V\xcf\x05\x00\x0f\x7f\xdfx\x18O\
\xf3w\xcd\xd7\x9b\xa5\xf1\xe4\xd9\xce\xd5\xc0\xf6\x00@B\
inp\xee\xddud\x09'\x86\x0bx2\xbdr\xfe\
\xfbt\xf6\x13t\x02_\xe19hb6\x1d\xc1\x95\xce\
>\x1a\xdb\xfdfc\xc1\x06\xbd\xf8\x12}\xb6\xa2kL\
\xf7\xc9\x19\xc1\xc8\xf9\x9c\xaf\x0b\xcd\x81\x84\x95Y,\xd8\
\x89\xd5\x87\xe1;\x9do\x0a\x00(\xde\xd7K\x0f\x16\x0a\
\xc4\x8d/?\xc4\xd9\x19\xa6\x06\xddQ\xc7)\xa0\x12C\
\x81.\x87\x03\x12\x1c=\x9e\xb6\x0a\x0c/\x83i3\xe9\
\x06\xcb\x06\x93\x1a_\xf3/\xdc4\x9e{uo0w\
\xd9\x22/\x0a\x12\xef\x86\x18\xcfU(<\x89\xce\xa1\x8b\
\xbd\xb5o\x14<\xef7\x91R\xe3\x9cA-K&\x85\
\x0f\x80,\xe5\xe4\xf7\x04\xa8Xq\xc9\xf8\xde=\x12\x16\
)\xcb4\x0f\xa78\xcf\xb2\x9c\xb7>\xb2+\x95X\xf4\
\xd2\xf7\x14\xdb\x99\x1f<\x94z\xe9\xf5\x07\x98\xee\x1b\x01\
\x14\x86a\xfe\x1e\xe6\xc2\x8bUp\xcdL\xb7\xb1D2\
\xe6N\x85\xad\x98\xb7\x00\x1d\xd3)\xde\xd9x\xde\xa9<\
<\x89g\xfb5\xb0m\x00\x90\x90\x8b\x06\x93=T\xe6\
-\xa3\x10\x5c`V`\x06\xb7\xcfc\x17\xaf\xa4K\x18\
\x08\xcd~\xfem\xda56\x99\x0e\xa1X\xdaE\xef\xdd\
\xe9\x98\x9f\xc3\x7f2\x85\xe4\xbe~\xcaI\xc6\xcf\x0c\x9f\
\xfbTc\xf7^\xc6\xe1\x0a\x00\xd0E\x89C\x00\xc7\xd8\
y\x9c\x0d\x1b\xc1\x10\x0e1\xec\xf5c;-z\xfc9\
\x00`\x0a\xbb\xf3\x0a\x0c\xa2\xe2\xa8\x8b)$w\xf2u\
7\xe1V\x00\x80u1\xd1\x0b\xe7\x14!\xfa\x006\x13\
\xf2\x89\xfd\xb3i\xe7 \xd3\x16\xd7\xeb\x9es#\x13\xab\
c\xf0\x8b\xc8g\x9c3\xc3\x17@\x10\xcc\x1fqd\x10\
\xf0M\x87 \xf6\xf8~oy\xac\x07\x9f\xc5P%\xee\
}\x9e\x7f\xe7\x14\x86=e$\x1a\x95\x9e\xf3\xe4q\x16\
\x0d\xd74S\x9es\x9dx\x8aa\xeb\xab\x9e\xc3\x87\xd3\
\xd0\xd1\xa7R\xef\xde\xdd\xa9sh u\xdb\xf3\x0b\x00\
\xdd\x03L\xb3e\x13\xd8\xb56#^\xc1\x90cc\xd8\
\xaa\xa7\x8f77y\xdf\xef\xb7\xfcf\x8b\xf77\xa6\xf9\
\xe4\xfe\x7fF\x0dl\x0f\x00\x1a\x0d\xbe\xda\xe8A\xd8Z\
\x08\xe2>\x1b\xb6\xae\xb0\x99E\xc5\x0d<~\xb8\x82b\
\xf0\x8fi\xfe\x9bs\xa9\x7fb\x22\xf5\xb3;iw\x8d\
\xd5{,Kmc\xf1F\xac:\x87C\xe0I\xc9=\
3Ct\x8f\x05\x00\xa8\xa0\xcb\xd7\xf6I\xd1G\xe3\xdd\
V\xb0\xc9\x8cR\x00\x80\xc4\x5c\xf8\xd7\x83\xf1`~7\
\xd7\xa8\xa2\x0f\x98EG1\x81\x82K\xf3!\xed\xdc\xf5\
\xce\xa3{m\x81@eZ\x8c\xa7eF@AZ\x0d\
\x22\x8f<\x98\xbb\xcc\xd0\x9c\xa2\xd7^w_\xfc\xe67\
\xfcP0\xae\xdf\xfb^<\xe4*\xb3{<\x09\x00\xf3\
\xa7\x1c\x84\xb5\xd5\xcb\xc6\x85\x0c\xc9%\xe97\xfd\x1a\x11\
\x1aC\x19\x84\x99eZ\xc3^\x7f\x16e_\xb9k \
\xd5\x06GS\xcb\xc8\xde\xd4w\xf8H\xea\xc1\xef]?\
\xcc\xdf;2\x90zp\x15\xdd\x8f\xdb\xe8\xc1n\xce\xd8\
\x02\x84\xebg\xe6\xd8V\xdb\x8c\xf86c\xfeFF\x9e\
\x9c\xfe\x97\xd6\xc0C\x01@s\x1dU\xd1\xf6/\xa1\xf0\
\xd3OY\xbd\x02\x13. \x11L\xe3\xba\xeb\xe2\xa5t\
\xf5\xeb\xaf\xd3\xcc\xe5\xf3i\xe9\xc6\xa5\xd4\x86?\xf8>\
v\x16\x1a`\x18\xd0\x03\xe7h\xb3\xaf\xbb\xeb\xe8\xd1\xe9\
\xc1\x9d\xd1u\xfdz\x9d\x1e\x9a\xf1A\x83\xf1\xb0!w\
\x98\xc1\xfb\xea\x0d<\xf3\x7f\x15\x04\x04\x0f^^=\x04\
\x0d\xdf\x97\x8f\xdd\x1d\xed.\x80\xb4\x00\x10\xd4\xb0]\xd0\
3O\x17:\x01\x1dofw[\x1a\x15eY#\x0f\
\x09,U\x96\x09\xbc\x92\x9b\x8d'\xb3p>\x17\xd7\x8d\
\x9f\xe35S\x97{\xcdW\xc1\xbe\x91\xa3F\xdcEO\
\x1e\xe7F|2c\x066gG\x18&\xf0}\x1c\xc4\
\x10\xbb\x02s\xaf\xb7e\xddO\x0b{\xf3\x8c\x19&\xb0\
\xd2]\xa0\x8e\xab%\xbc\xdb\x0e\xefO=\xfb\x8e\xa6\x9e\
\xbd\x8c\xf5\xf7\xecO%\xb4\xfb}l\xfb\xd4\x8f\x15\xdd\
@\x7f7\x8ba\xd87A\xbf\xefL\x89>\xca\xf2\xd7\
(\xd8\x9f\xf1O\x01NO\x80\xe9\xcfX\xe9\x1b\x92\xda\
6\x00l\xf8\x0e\x02\xc6\x01\x07\xff\x5c\x14\xd8\xa6\xe39\
T\xf2u\xc6\xfeK\xf3\xf3i\x1c\xff\x817\xae|\x9f\
\xae\xb1\xc3\xf0,FC\x1d\x13\xe3i\x88\xbd\xf6\x06Y\
e\xd4\x87\xbc\xdbE\xaf\x1c\xe3a,\xcd\xdc\xf6Z\x85\
]\x9d!C0v\x83Y\x1c.0\x99\x08c\xd0\xbb\
\xf3lul\x1c\x0c\xe7\x9b\xf1v0\xaa\xbd\xa7L\xea\
Q\xe1\xfd9\xce\x02@\x05C\xa1:R\x81SF\xe1\
\x9b\x0fI \xbb\xea\x12t\xb2\xf8-\xd3\xc6P\xc03\
\xf1\xc4\xdf8\x11'\xcc\x18=\xba\x117\x85\x00\x88`\
^\xf3\xd5\x10\xdb9\x0bfy\xe6\xa1\x01l\xde\xf3\x9d\
\x87`!\xd3;\x07by\xc2\xcb0g,\xe3C\xab\
_!\x8fU\xea\xc1\xbd\x01+\x0ckj\xdc/\xb2-\
\xfbl/\xaaL\x96\xb5v\x0f\xefK\xdd\xa30>G\
\xcf\xc8\xbe\xd4\xd5?\x1c\xee\xd1\x061\xa3\xed\xd7\xb2\x0e\
\xc3\x9an\xcck;\x98\x05iu\xe5\xdb\x93\xf0\xa4\x06\
\xb6Q\x03?\x0a\x00\xe8c\xd1\xf4g\x00X\x095?\
\xc4\x8d2n\x0e\xdf\x81\x13\xec&t\xeb\xca\x0fi\xec\
\xcc\xd7i\xee\xdc\xf7\xa9\xe5\xd6X\xeaFi\xd8\xe34\
!\xcc\xe0\xf2\x13\xb7\xfa.\xf1}\xec\x82\x0e\xd1\xdbC\
\x07+\xc3\x182\x9e\xbd\xa5\xae\xc1\x1d\x00\xc8\x93\xb9\xb7\
\xcd\xa5\xf2\xde\xe0\xb9Y|\x160\xaa\xcc\x8f\xcbDK\
H\x00K\xcc\x10xv\xfa2\x16\x8c \x09(\xb5t\
\xa0C\x88i'\x99\x1c%a^w.\x9f\x02,D\
\x9aS4r8;\xf2eZ9U\xf3&\x13\xeb\xb4\
\xd4\x10\xe3y\xcf\x8c\xd3#\x8fd<[-dI\xc7\
\xeft\x06\xb2\x0c\x00\xb9`G&g'jl\xf7\xeb\
(\xf6\xb4\xe4\x83\xe9a\xfee\xf2V\x93y\x95VX\
\xc5\x96\x068\xf6\xa0\xe5G\xd9\xd7\xbf\x0b\x00\x18\xde\x0b\
\xe3\xefN\xa5\xdeA\x16\xcb\x0c2\xe5\xc9\x12X\xec\xe7\
\xfbTxjD\x83\xb1O+Vv\xa0]\xe4\xeb\xc9\
\x9f'5\xf0\xa0\x1axd\x00\xc8\x0c\x0a\xeb!\xaej\
K\x1e.\xac!l7\xbcXd\xf1P\x19\x05ay\
~:\xcd\xdd\xbc\x99&\xce_J\x13\xdf\x9fO\xf37\
.\xa5\xf2\xed\xeb\xc8\xe9\x8b\xd8\x0a\xb4\xa4a\x18\xb1[\
\xed<\xca\xbb>\x88\xb7\x0d\x03\x1e\xf7\xc1s\xe6 x\
\x0dfY\x09\x05]&h\x99\xcb\xe0)\xb3^\xdc6\
\xae\xf3\x8fN\xc3\xe90D\xe6tX\xb0\x84\x040\x0f\
\x08\x94\x01\x81\x1a\xcf\xb5\x13\xcf\xb6\xe3\x00\x01\xdauM\
S\xc3Uu\xac\x81\xe6k\xa21n\xcf\xa6\x1a\xbdz\
\xa4\x97\xd9\xdf\xe7\x96];|A \x83\x8f\xb0\xe5W\
\xd9F\xc1\xeb|0\xb4 Ms\xe6\x0e\xc0\x8b\xbc\xe2\
\x82\x1d\x972;\x85\xb9L\x99k\x0cO\xea\xfa\xe7\x83\
\x91Y\xc6\x96\xda\x5c\x10\xe3\xdc\xbd\x8e,\x06\xd1\xe2\x0f\
q\x8dF\xbf\x9b\xe9=\x19\xbf\x93\xe5\xae\x9d\xaev\xeb\
\xe9\xa7\xc7G\xe4w\x0b1@\xcf\xbc\xc6\x1c\xba\xcc\xaf\
v\xf2IxR\x03\xdb\xa8\x81G\x06\x80\x1c7\xac\x00\
A\xeb\xf4A\xc6\xb3\xcf\xd6?[\xb8Rv\x0c\x0ec\
\xebufaz6\xdd\xc1dx\xea\xfa%\x1c\x8b\x9c\
M\xe3\x97/\xb3\xf1\xc8\x0c\xb6\xfb\xcc\xd93\x0c\xe8`\
}\xea\x10=W\xbb\x0bF\xf4\xef\xa6d!\x1d\xc3$\
\xeeZ\xab\xf8/\xd3\x19\xf2\xdf\xcc\x849\x0f\x05\x18\xe4\
_\x02$\xb0mW\x9f\xa0\x18-\xe3\xc9tK\x1c\xf3\
*+Y\xb0\xe48[f\xed\xc0t8V\x9e!\x8e\
\xb4\xa3\xa4\x0cM\x80\x80\xc6\xcf2\x94\xc3\x94\xd0Q\x10\
G\xd6\xd4g`0]u\x13\x8e\xd3C\xff\xc0\xefJ\
*J\x1f.y1M\x87\x22U\xf2\xedu\x95\xf4\xec\
\xe1\x17\xe9\xa9\xb5`d\x8a\x22\xb5\xc3\xec\x9d0z\xa9\
\x8f\xb5\xf9Z\xea\xc1\xf0\xad\xee\xd9\xc6\x12\xd6N\x14y\
\xdd\xfe& \xc0\xd0%\xb6\x84*\xb1E\x94\xe7.\xdc\
\xa2\xfb\x5c\xc3\x1ew\x8e\xd1\x1f\x82yT\x5cR\xde\xa0\
\xd2,\xfa\x93\xf0\xa4\x06\xb6U\x03\x8f\x0e\x00\xf2\x10\x87\
\xce8\xddJK\x8fB\xba\x16\xd1\xdc\xb4\x93\xe7-\x0c\
r\xeb\xac4[f-\xc1\x12L5\x87\xa1\xce\xd2\x1c\
\xbb\xc4\xde\xba\x91n]\xba\x98&._I\xcb\xe3w\
\x12\x9b\xb0\xa5\xb6\xf99$\x01\xf6\x1a`\x0e\xbf\x953\
\xac\x84\x12\x0bI\x18\xa6\xe9\x04 \xda!nx\x89\xf8\
=\x93\x8e\x9d\xad\x89\xf3\x7f54\x9e\xf9n\x07i\xd6\
I\xd3\xf1\xb6S\x82!^\x13a\x99\xe7e$\x8e%\
@\xa0\xca!\x9b\xab\x1f\xe8\xe0\xa3Nv\x04\xe22t\
\x04\xe1\xd3\x1f.\xd2\x90(@\x80\x04\x05\x00;\xd6\x22\
iu 1\xa6\xe7A0>\x8c\xbd\xc47e\xcfH\
\x16U\x98}\x99\xdey\x85\xa3\xae\xa2\x14\xa6E[\x97\
Z\x99\x9e\x93\x99{z\xe9\xc1\xb1\xdd\xef\xec\xe9Mm\
l\xea\xd8No\xde\xc1\xb9\x0di\xa0M\xc6\xe6\x1c\x1b\
\x84\x92\xffn\x9d^\xb8j\xae\x0b\xa6\xe7\xdc\xcex\xdf\
!K\xac\x8c\xc3f>K\x19d\xc4|*\xe1\xacV\
\xca\x93\x8b'5p\xff\x1a\xf8\xd1\x00`OX\x0d\x00\
\x90\xa1t\x0a\x82\x96\x1f1^\x13V=\x8a\xa8\xd1v\
\xdf\xfbE\xc6\xd9:\x86\xa8\xb0\x12m\x99\x05<\xb3\xb7\
o\xa7I\xd6\x10\xcc\xb1D\xb5\xca\xf2\xd4\xa9\x1b\xd7\xf0\
R\xcdN,K\xacm\x03\x04X\x81\x14z\x82.\xc4\
\xf7N\xc4\xf8\x1c{\x96\x03\xe2/\xf4\x1e\xcc\x18\xa9\xae\
!\x81\x00\xe0v\x97\xae`T\x0f\xa0\x92\xad\x8e8Q\
C/`\xcfk\xaf\x5c\xe177y\xac\xc6L\x81\xaa\
F\xfail\x15\x1c\x1e\x08:\x0e\x0d\xe2\xe0:+\xf6\
\x04\x80\x86\x90/\xfa\xf0_\x11\xde\xdd\x83\x9c\x82\x5c!\
\xde:\x0c_\x83\xd1W`\xf4V\xb6an\xa1'o\
\xefE\x5c\xa7'\xefl\xdcg\x11\xdf\xfd\xda\x01\x01\x9d\
U\xc0\xe4\xee9\x18\x1b7\x06\xd3\xeb\xbd\xc6\xcd\x1f]\
\x05\x07\xc3\x93\x8f.$\x8bn\x9d^\xb0.\xde\x22h\
7\xdf\x02*)y\xb9\xf7\x1b\x10E\xfe\x19\xf6\x98\xa9\
\xb8[\xab\x17\x1e<\x09Oj\xe0\xbe5\xf0\xe8\x00\xd0\
\x14m\xc1\x9c>\x92\x0c\xa3\x07\x92'!R\x01@\xdf\
x\x8e\xc7U\x10.\xa3\x99_F\x14//\xb0\x1a\x0d\
7\xdf\xf3\x00B\x99\x99\x83\xc9\xbbw\xd2\x82\xc0\xc0\x9e\
\x84\xb3\xb3\xb3\xa8\x09\x16b\x9b\xf2\xce\x859$\x03\x84\
mz<\x0f\xb7f\x8a\xe9#\x13j\x84\xfc\x9b7\xb0\
\x02\xe9\xd9[\xe7\x9f\x01\x02.\x22+>\x81Y\xe3-\
\x1e\x84\xbf>\xf2\xe4o\x15\x86\x1d\x1e\xee\x0ad\x9e\xd5\
\x11\xc4\xea\xb4\xd0\x0f\xc0\xe0\xc4\xe9s\x83J\xc2\x15\xe2\
\xa91\xd5\xe6\xd8\xbd\x03\xb1\xbd\xcb\x1e\x1d\xa6\xee\x84\xa9\
\xbb`v\x8f6\x00\xa1\x13k\xbd\x10\xd7\xf1\xce\x13n\
\xa9x\xe6\x12V\x9d[x\xaf\x95\x9e\x06KywW\
\xb7lv]{\xfe-\x1c]\x08@\x80L\xf4\xea\x5c\
k\xce\xab\xa93Yh\x0a\xebn\x9a\x9e?\xb9|R\
\x03\x0f\xae\x81\x1d\x01\x80\xfb%\x13Si0O\xb1\x18\
$\xb6[\xa2g\xaeb\xac\xb3\x84\x8e\xa0\x5cF*P\
S\xcf\xb5\xc7\xdc\xdc\x5cZ\x00\x1c\xbc\x0e\x1f\x04s3\
\xa9\x95\x9eZM\xbdq\xc4:\x04\x18r\xd9{zr\
\xd9\xbbHC\x1eE \x81\xd53\xb3n\xccW\xd8\xc3\
\x074\xf8\x8d<\x9d\x01\xc0\xb1\xbc\x1b\x82F\x1e\xf9\xc8\
\xf7\x0a\x064\x8e\x02,\x8cV)\x81\x17\xd0\xd2#\xba\
\xa3\x8c\x93\xa1;0=\xd6\xfc8\xb6h\x06\x10\x0a#\
\x1c\x19\xdc\x99\x07=\xd9\x04\xd3\x0b(\x1c\xe1\xbc\x22\x98\
\x9f\xe7>#\xbePF6\xae\x8bgE\xfe\xf3\xcc\x04\
=?\x9c_\x1c\xc5oO\xceOj\xe0\xc7\xd4\xc0c\
\x07\x80\x22s2\x9b\x0c\xe6a(\x98Y \xf0\xdas\
\x01\x0a\x02\x82\xd3vu$\x86\x16\x16\x1d\xad\xb0}\x95\
\xeb\xcfe\xfe\x0c 0\xaeq\xc9\x91\xab\x8c\x9c\x99\xda\
\xfep3\xe7\x16\xa6\x99\x99\xc7\xab\x80\x8d\xfc\xad70\
u\x98\xf0\x8a\x0a\x04\xdf\x0b\xb0\xb0\xb7/\xf2\xcd9\xe2\
\xb6\xfb\xa5Wn\xc1\x0fa\x0b\xe3o5\xef2\xac\x0c\
\x1c\x0c\xdf\xe4\x8a*zx\x9e\xcb\xfc\x05\xa8x\xdex\
]<+\xd26\xfd\xe2:V\xc5\xc5]d\xb7q\x95\
\xf3\xb8z\xf3\xe4\xe2I\x0d<b\x0d\xfc\xd9\x00\xc0\xfc\
\x15\xccT\x5c\x17\xd2@\xf1\xbc\x00\x85\xb5\xe7*\xeb0\
\xe6q\x96\xc1\xa1DC\x0a\xf0}C\xc1(\xd1\x8f\xf3\
\xcc\xe7\xfe\xe2\x10`\xb3`\x1c\xbe\x93\xf9\xcb\xde\xb4\xf1\
\x16\x0c-w\x17\x9f\xc5\xe3\xc6\x9f\x88S\xb0iJ3\
\xec\x07\xb2v`\x15,\xb28\x9f{\xf4\x90\x1ed\xfc\
\xa6\xc3\xbc\x16\xe0W\x00\x8c\x8co(\xee\x1b\xb9\x89<\
\x16\xd7\xc5;\xc5\xfd\xc6\xb2\x17\xcf\x9f\x9c\x9f\xd4\xc0\xa3\
\xd4\xc0\xff\x07\xab\x14s\xb0V\xab\x84;\x00\x00\x00\x00\
IEND\xaeB`\x82\
"

qt_resource_name = b"\
\x00\x03\
\x00\x00p7\
\x00i\
\x00m\x00g\
\x00\x0b\
\x05\xd5\x9f'\
\x003\
\x00k\x00-\x00l\x00o\x00g\x00o\x00.\x00p\x00n\x00g\
"

qt_resource_struct = b"\
\x00\x00\x00\x00\x00\x02\x00\x00\x00\x01\x00\x00\x00\x01\
\x00\x00\x00\x00\x00\x00\x00\x00\
\x00\x00\x00\x00\x00\x02\x00\x00\x00\x01\x00\x00\x00\x02\
\x00\x00\x00\x00\x00\x00\x00\x00\
\x00\x00\x00\x00\x00\x02\x00\x00\x00\x01\x00\x00\x00\x03\
\x00\x00\x00\x00\x00\x00\x00\x00\
\x00\x00\x00\x0c\x00\x00\x00\x00\x00\x01\x00\x00\x00\x00\
\x00\x00\x01\x9f\xec-\x89\xa5\
"

def qInitResources():
    QtCore.qRegisterResourceData(0x03, qt_resource_struct, qt_resource_name, qt_resource_data)

def qCleanupResources():
    QtCore.qUnregisterResourceData(0x03, qt_resource_struct, qt_resource_name, qt_resource_data)

qInitResources()
